cast,clanek,zakon,bod,typ,paragrafy,instrukce,plny_text_znaků
PRVNÍ,I,283/2021,1,nahrazeni,1,V nadpisu § 1 se slovo „úpravy“ nahrazuje slovy „a účel zákona“.,0
PRVNÍ,I,283/2021,2,nahrazeni,1,"V § 1 odst. 1 se slova „orgánů stavební správy, orgánů územního plánování a orgánů územní samosprávy“ nahrazují slovy „úřadů rozvoje území, územních samosprávných celků a dotčených orgánů“.",0
PRVNÍ,I,283/2021,3,vlozeni,1,"V § 1 odst. 3 se za slovo „pro“ vkládají slova „bydlení, práci, podnikání a život lidí,“.",0
PRVNÍ,I,283/2021,4,vlozeni_plny,1;1a,"Za § 1 se vkládají nové § 1a a 1b, které včetně nadpisů a poznámek pod čarou č. 68 až 78 znějí: „§ 1a Základní zásady (1) Orgány územního plánování a stavební úřady zajišťují ochranu a rovnováhu dotčených zájmů, které koordinují, a usilují o předcházení jejich rozporům a o naplnění účelu tohoto zákona. Uplatňování požadavku ochrany veřejného zájmu nesmí vést k nepřiměřenému dotčení jiných veřejnýc",7351
PRVNÍ,I,283/2021,5,vlozeni_plny,2,"V § 2 se vkládá nový odstavec 1, který zní: „(1) Dotčené orgány uplatňují stanoviska, vyjádření nebo závazná stanoviska k záležitostem podle tohoto zákona pouze v mezích své působnosti a činí tak co nejdříve a v první fázi, kdy je to možné; přitom dbají, aby se jejich stanoviska, vyjádření nebo závazná stanoviska dotýkala oprávněných zájmů a práv osob jen v nezbytném rozsahu, který je potřebný k o",520
PRVNÍ,I,283/2021,6,nahrazeni,2,V § 2 odst. 3 se slovo „ke“ nahrazuje slovy „k vyjádřením a“.,0
PRVNÍ,I,283/2021,7,doplneni,2,"V § 2 se na konci textu odstavce 4 doplňují slova „ , a ve věcech, které byly vyhodnoceny v závazném stanovisku k posouzení vlivů provedení záměru na životní prostředí podle jiného právního předpisu“.",0
PRVNÍ,I,283/2021,8,doplneni,3,"V § 3 se na konci odstavce 1 doplňuje věta „Změnit své původní vyjádření, stanovisko nebo závazné stanovisko může dotčený orgán též za účelem řešení rozporu, je-li to pro stavebníka příznivější.“.",0
PRVNÍ,I,283/2021,9,zruseni,4,"V § 4 odst. 1 se slova „ , dělení nebo scelování pozemků“ zrušují.",0
PRVNÍ,I,283/2021,10,vlozeni,5,V § 5 odst. 3 se za slovo „záměru“ vkládají slova „nebo více souvisejících záměrů anebo v etapách“.,0
PRVNÍ,I,283/2021,11,vlozeni,5,"V § 5 odst. 4 větě první se za slovo „výstavby“ vkládají slova „ , druh stavby podle odstavce 2 a příslušnost stavebního úřadu k celému“.",0
PRVNÍ,I,283/2021,12,zneni_plny,5,"V § 5 se doplňují odstavce 7 a 8, které znějí: „(7) Stavbou pro hromadné bydlení je stavba nebo soubor staveb s převažující funkcí bydlení s celkovou podlahovou plochou od 10 000 m2. (8) Plánování, příprava, výstavba a provozování veřejné infrastruktury a vyhrazených staveb je ve veřejném zájmu.“.",251
PRVNÍ,I,283/2021,13,zneni_plny,6,"V § 6 odstavec 2 zní: „(2) Změnou dokončené stavby se v tomto zákoně rozumí také změna, která spočívá ve změně a) účelu užívání stavby, ve změně v době trvání dočasné stavby nebo ve změně dočasné stavby na stavbu trvalou, nebo b) činnosti, jejíž účinky by mohly ohrozit život nebo veřejné zdraví, život a zdraví zvířat, bezpečnost nebo životní prostředí.“.",336
PRVNÍ,I,283/2021,14,vlozeni,10,"V § 10 odst. 1 písm. a) se za slova „zejména stavby“ vkládá slovo „cest,“.",0
PRVNÍ,I,283/2021,15,vlozeni_plny,11;1,"V § 11 odst. 1 se za slovo „dokumentaci“ vkládají slova „nebo v zákoně“ a na konci textu odstavce se doplňují slova „a strategická investiční stavba79)“. Poznámka pod čarou č. 79 zní: „79) § 1 odst. 13 zákona č. 416/2009 Sb., o urychlení výstavby strategicky významné infrastruktury, ve znění pozdějších předpisů.“.",130
PRVNÍ,I,283/2021,16,vlozeni,12,V § 12 písm. a) se slova „funkčního využití nebo“ zrušují a za slovo „uspořádání“ se vkládají slova „nebo využití“.,0
PRVNÍ,I,283/2021,17,vlozeni,12,V § 12 písm. c) se slova „zastavěným stavebním“ zrušují a za slovo „pozemkem“ se vkládají slova „zázemí stavby“.,0
PRVNÍ,I,283/2021,18,nahrazeni,12,"V § 12 písm. d) se slova „územním rozvojovém plánu, zásadách územního rozvoje nebo územním plánu, popřípadě v územně plánovacích podkladech, s ohledem na stávající nebo požadovaný způsob využití nebo její význam“ nahrazují slovy „nástrojích územního plánování pro určité prostorové uspořádání nebo využití“.",0
PRVNÍ,I,283/2021,19,doplneni,12,V § 12 se na konci textu písmene e) doplňují slova „v nástrojích územního plánování“.,0
PRVNÍ,I,283/2021,20,nahrazeni,12,"V § 12 písm. g) se slova „svým významem, rozsahem nebo využitím ovlivní území více městských částí“ nahrazují slovy „mají celoměstský význam, rozsah nebo využití“.",0
PRVNÍ,I,283/2021,21,zneni_plny,12;116,"V § 12 písmeno h) zní: „h) zastavitelným územím území vymezené v územním plánu, které obsahuje zastavitelné plochy a nestavební plochy; dále se zastavitelným územím rozumí zastavitelné území vymezené samostatným postupem podle § 116 až 121 (dále jen „vymezení zastavitelného území“),“.",262
PRVNÍ,I,283/2021,22,zneni_plny,12,"V § 12 písmeno j) zní: „j) nestavební plochou plocha v zastavitelném území, která není určena k umístění zástavby, s výjimkou veřejné infrastruktury,“.",126
PRVNÍ,I,283/2021,23,vlozeni_plny,12,"V § 12 se za písmeno j) vkládá nové písmeno k), které zní: „k) nezastavitelným územím území nezahrnuté do zastavitelného území,“. Dosavadní písmena k) až w) se označují jako písmena l) až x).",67
PRVNÍ,I,283/2021,24,nahrazeni,12,"V § 12 písm. l) se slova „transformační plochou“ nahrazují slovy „plochou změny v zastavitelném území zastavitelná nebo nestavební“, slova „k vytvoření zcela nového“ se nahrazují slovy „ke změně“ a slova „vymezená územním rozvojovým plánem, zásadami územního rozvoje nebo v zastavěném území územním plánem“ se zrušují.",0
PRVNÍ,I,283/2021,25,nahrazeni,12,"V § 12 písm. m) se slovo „krajině“ nahrazuje slovy „nezastavitelném území“, slovo „nezastavěného“ se nahrazuje slovem „nezastavitelného“ a slovo „nezastavěném“ se nahrazuje slovem „nezastavitelném“.",0
PRVNÍ,I,283/2021,26,nahrazeni,12,V § 12 písm. n) se slova „pozemky a veřejným prostranstvím“ nahrazují slovy „uličním prostranstvím a bloky“.,0
PRVNÍ,I,283/2021,27,vlozeni_plny,12,"V § 12 se za písmeno n) vkládá nové písmeno o), které zní: „o) blokem ucelená část území tvořená souborem pozemků, jedním pozemkem nebo jeho částí, zpravidla ohraničená uličním prostranstvím a vymezená uliční čarou; bloky se rozlišují na stavební, které jsou určené převážně k zastavění budovami, a nestavební, které jsou určené převážně k nestavebním účelům,“. Dosavadní písmena o) až x) se označují",302
PRVNÍ,I,283/2021,28,nahrazeni,12,"V § 12 písm. p) úvodní části ustanovení se slova „stavební čára může být“ nahrazují slovy „typy stavebních čar stanoví prováděcí právní předpis,“ a body 1 a 2 se zrušují.",0
PRVNÍ,I,283/2021,29,nahrazeni,12,V § 12 písm. u) se slova „měřítku menším“ nahrazují slovy „podrobnosti menší“.,0
PRVNÍ,I,283/2021,30,zneni_plny,13,"V § 13 písmeno d) zní: „d) přístupností vytváření podmínek pro samostatné a bezpečné využití pozemků a staveb podle jejich potřeby a účelu osobami s pohybovým, zrakovým nebo sluchovým postižením s cílem zajištění jejich bezpečnosti a nezbytného bezbariérového užívání,“.",246
PRVNÍ,I,283/2021,31,nahrazeni,13,V § 13 písm. e) se čárka za slovy „bytový dům“ nahrazuje slovem „a“ a slova „ani stavba pro rodinnou rekreaci“ se zrušují.,0
PRVNÍ,I,283/2021,32,vlozeni,13,V § 13 písm. f) se za slovo „s“ vkládá slovo „převažující“.,0
PRVNÍ,I,283/2021,33,vlozeni,13,"V § 13 písm. h) se za slovo „výrobu“ vkládají slova „ , a to i bez nutnosti využití místní půdy,“.",0
PRVNÍ,I,283/2021,34,zneni_plny,13,"V § 13 písmeno o) zní: „o) zastavěnou plochou stavby plocha ohraničená svislými průměty vnějšího líce obvodových konstrukcí, případně jejich spojnic, všech nadzemních i podzemních podlaží do vodorovné roviny; plochy balkonů a arkýřů se nezapočítávají; u objektů poloodkrytých (bez některých obvodových stěn) je zastavěná plocha vymezena obalovými čarami vedenými vnějšími líci svislých konstrukcí do",397
PRVNÍ,I,283/2021,35,nahrazeni,13,V § 13 se na konci písmene p) čárka nahrazuje tečkou a písmeno q) se zrušuje.,0
PRVNÍ,I,283/2021,36,nahrazeni,,V části druhé nadpisu hlavy I se slovo „STAVEBNÍ“ nahrazuje slovem „VEŘEJNÁ“.,0
PRVNÍ,I,283/2021,37,zruseni,15,"V § 15 se slova „Ministerstvo pro místní rozvoj (dále jen „ministerstvo“), orgány územního plánování, stavební úřady, obce, a“ zrušují a na konci textu ustanovení se doplňují slova „ , obce, úřady rozvoje území, Ministerstvo obrany, Ministerstvo spravedlnosti a Ministerstvo vnitra“.",0
PRVNÍ,I,283/2021,38,zneni_plny,16,"§ 16 a 17 včetně nadpisů znějí: „§ 16 Obec a kraj (1) Obec a kraj prosazují a hájí veřejný zájem na všestranném rozvoji svého území a na vytváření podmínek pro bydlení, práci, podnikání a život lidí. (2) K podpoře výkonu působnosti samosprávy podle tohoto zákona a k naplňování cílů tohoto zákona může obec, společenství obcí nebo kraj zřídit útvar architekta nebo jmenovat obecního, městského nebo k",802
PRVNÍ,I,283/2021,39,vlozeni_plny,17;17a,"Za § 17 se vkládají nové § 17a a 17b, které včetně nadpisů znějí: „§ 17a Úřad (1) Úřad je ústředním správním úřadem ve věcech územního plánování, stavebního řádu, vyvlastnění a dalších věcí upravených tímto zákonem. Úřad metodicky sjednocuje činnost orgánů územního plánování a řídí a metodicky sjednocuje činnost stavebních úřadů; dále provádí výzkum, publikační činnost a řeší koncepční otázky teor",3640
PRVNÍ,I,283/2021,40,doplneni,18,"V § 18 se na konci textu odstavce 1 doplňují slova „a v souladu se zásadami uvedenými v části první hlavě I zajišťují koordinaci jejich vyjádření, stanovisek a závazných stanovisek, řešení rozporů a odstraňování vad“.",0
PRVNÍ,I,283/2021,41,zneni_plny,18,"V § 18 odstavec 2 zní: „(2) Orgány územního plánování a stavební úřady mohou nařídit společné jednání s obcemi, kraji nebo dotčenými orgány, a to oznámením nejméně 5 pracovních dnů před jeho konáním, nedohodnou-li se jinak. Společné jednání je neveřejné, o jeho závěrech se sepisuje protokol. Je-li to účelné, lze ke společnému jednání přizvat jiné osoby. Nezúčastní-li se dotčený orgán bez důvodné o",680
PRVNÍ,I,283/2021,42,doplneni,18,"V § 18 se na konci textu odstavce 3 doplňují slova „s tím, že je-li příslušným správním orgánem tentýž úřad, rozhodne o rozporu jeho vedoucí“.",0
PRVNÍ,I,283/2021,43,zneni_plny,19,"§ 19 a 20 včetně nadpisů znějí: „§ 19 Obecná ustanovení (1) Působnost ve věcech územního plánování vykonávají vláda a orgány územního plánování, kterými jsou a) úřady rozvoje území, b) Ministerstvo obrany, c) kraje, d) obce a e) hlavní město Praha. (2) Orgány územního plánování soustavně sledují uplatňování jimi vydané územně plánovací dokumentace a vyhodnocují je. Dojde-li ke změně podmínek, za k",655
PRVNÍ,I,283/2021,44,zneni_plny,21,Nadpis § 21 zní: „Úřady rozvoje území“.,19
PRVNÍ,I,283/2021,45,zneni_plny,21,V § 21 odstavec 1 zní: „(1) Úřad je nadřízeným správním orgánem úřadů rozvoje území krajů jako orgánů územního plánování.“.,98
PRVNÍ,I,283/2021,46,zneni_plny,21,V § 21 odst. 2 úvodní část ustanovení zní: „Úřad“.,4
PRVNÍ,I,283/2021,47,vlozeni,21,"V § 21 odst. 2 se na začátek písmen b), c) a e) vkládají slova „zpracovává a“.",0
PRVNÍ,I,283/2021,48,vlozeni,21,"V § 21 odst. 2 se na začátek písmen d) a f) vkládá slovo „zpracovává,“ a za slovo „pořizuje“ se vkládají slova „a vydává“.",0
PRVNÍ,I,283/2021,49,nahrazeni,21,V § 21 odst. 2 písm. e) se slova „územně plánovací podklady“ nahrazují slovy „územní studie“.,0
PRVNÍ,I,283/2021,50,zruseni,21,"V § 21 odst. 2 písm. f) se slova „o stavební uzávěře, jedná-li se o změny v území“ zrušují.",0
PRVNÍ,I,283/2021,51,zneni_plny,21,"V § 21 odst. 2 písmeno g) zní: „g) poskytuje údaje pro územně analytické podklady,“.",50
PRVNÍ,I,283/2021,52,zruseni,21,V § 21 odst. 2 se písmena h) a i) zrušují. Dosavadní písmeno j) se označuje jako písmeno h).,0
PRVNÍ,I,283/2021,53,zneni_plny,21;47,"V § 21 se doplňují odstavce 3 a 4, které znějí: „(3) Úřad rozvoje území kraje je nadřízeným orgánem krajů a obcí jako orgánů územního plánování. (4) Úřad rozvoje území kraje, případně z jeho pověření jeho územní pracoviště a) vykonává kontrolu ve věcech územního plánování, b) pořizuje územní plán a územní opatření na žádost obce podle § 47 odst. 2, c) pořizuje a vydává vymezení zastavitelného územ",440
PRVNÍ,I,283/2021,54,vlozeni,22,"V § 22 písm. a) se za slovo „pořizuje“ vkládá slovo „ , schvaluje“.",0
PRVNÍ,I,283/2021,55,nahrazeni,22,V § 22 písm. b) se slova „územně plánovací podklady“ nahrazují slovy „územní studie“.,0
PRVNÍ,I,283/2021,56,zneni_plny,22,V § 22 písmeno c) zní: „c) poskytuje údaje pro územně analytické podklady.“.,50
PRVNÍ,I,283/2021,57,zneni_plny,23,"§ 23 včetně nadpisu zní: „§ 23 Kraj Kraj v samostatné působnosti pro své území zpracovává, pořizuje, schvaluje a vydává zásady územního rozvoje, územní studie a územní opatření, poskytuje údaje pro územně analytické podklady a vykonává další územně plánovací činnosti v zájmu rozvoje kraje v rámci svého práva na samosprávu. Při tom jej lze omezit jen na základě zákona a jen v nezbytně nutném rozsah",382
PRVNÍ,I,283/2021,58,zruseni,24,V § 24 odst. 1 se písmeno c) zrušuje. Dosavadní písmena d) a e) se označují jako písmena c) a d).,0
PRVNÍ,I,283/2021,59,nahrazeni,24,V § 24 odst. 1 písm. c) se slovo „vydává“ nahrazuje slovem „schvaluje“.,0
PRVNÍ,I,283/2021,60,nahrazeni,24,V § 24 odst. 1 se na konci písmene c) čárka nahrazuje tečkou a písmeno d) se zrušuje.,0
PRVNÍ,I,283/2021,61,jine,24;42;50;71;71b;71c;71d;71e,"V § 24 odst. 2 písm. b), § 42 odst. 2 větě druhé, § 42 odst. 4 větě první a druhé, § 50 odst. 2, § 71 odst. 2, § 71b odst. 3 větě druhé, § 71c odst. 3, § 71d odst. 3 úvodní části ustanovení, § 71e odst. 3 větě druhé, § 76 odst. 2, § 95 odst. 2, § 154 odst. 3 větě druhé, § 269 odst. 1 písm. e), § 277 odst. 1 úvodní části ustanovení, § 277 odst. 1 písm. f), § 279 odst. 3 a § 300 se slovo „ministerst",0
PRVNÍ,I,283/2021,62,nahrazeni,24,"V § 24 odst. 2 písm. c) se slova „o stavební uzávěře a asanaci území, k jejichž“ nahrazují slovy „ , k jehož“ a slova „krajský úřad“ se nahrazují slovem „kraj“.",0
PRVNÍ,I,283/2021,63,nahrazeni,24,"V § 24 odst. 2 písm. d) se slovo „vydává“ nahrazuje slovem „schvaluje“, slova „o stavební uzávěře a asanaci území“ se zrušují a slova „krajský úřad“ se nahrazují slovem „kraj“.",0
PRVNÍ,I,283/2021,64,zneni_plny,24;73;193,"V § 24 se na konci odstavce 2 tečka nahrazuje slovem „a“ a doplňuje se písmeno f), které zní: „f) uděluje souhlas ke zpřesnění navazující územně plánovací dokumentace podle § 73 odst. 5 nebo k možnosti odchýlit se od územně plánovací dokumentace nebo územního opatření podle § 193 odst. 2.“.",196
PRVNÍ,I,283/2021,65,zneni_plny,25;26,"§ 25 a 26 včetně nadpisů znějí: „§ 25 Společenství obcí Společenství obcí může na základě veřejnoprávní smlouvy s obcí v samostatné působnosti vykonávat odborné činnosti pořizovatele, jimiž se rozumí zpracovávání, pořizování a vydávání nástrojů územního plánování, pro obce, které jsou jeho členem. § 26 Obec Obec v samostatné působnosti pro své území zpracovává, pořizuje, schvaluje a vydává územní",655
PRVNÍ,I,283/2021,66,zruseni,27,V § 27 odst. 1 se písmeno c) zrušuje. Dosavadní písmena d) a e) se označují jako písmena c) a d).,0
PRVNÍ,I,283/2021,67,nahrazeni,27,V § 27 odst. 1 písm. c) se slovo „vydává“ nahrazuje slovem „schvaluje“.,0
PRVNÍ,I,283/2021,68,nahrazeni,27,V § 27 odst. 1 se na konci písmene c) čárka nahrazuje tečkou a písmeno d) se zrušuje.,0
PRVNÍ,I,283/2021,69,jine,27;57;61;114;116;118;119,"V § 27 odst. 2 písm. b), § 57 odst. 1 větě první, § 57 odst. 2, § 61 písm. d), § 114 odst. 5 větě první, druhé a poslední, § 116 odst. 1 větě druhé, § 116 odst. 2 úvodní části ustanovení větě první a druhé, § 116 odst. 3 úvodní části ustanovení a písmenu e) a f), § 118 odst. 1, § 118 odst. 3 úvodní části ustanovení a písmenu a), § 118 odst. 4 úvodní části ustanovení a písmenu a), § 119 odst. 1 vět",0
PRVNÍ,I,283/2021,70,nahrazeni,27,"V § 27 odst. 2 písm. c) se slova „o asanaci území a územního opatření o stavební uzávěře“ zrušují, slova „krajský úřad jako úřad územního plánování,“ se nahrazují slovem „kraj“ a slovo „ministerstvo“ se nahrazuje slovem „Úřad“.",0
PRVNÍ,I,283/2021,71,zruseni,27,V § 27 odst. 2 písm. d) se slova „o stavební uzávěře a o asanaci území“ zrušují.,0
PRVNÍ,I,283/2021,72,nahrazeni,27,V § 27 odst. 2 písm. e) se slovo „vydává“ nahrazuje slovem „schvaluje“ a slova „o stavební uzávěře a o asanaci území“ se zrušují.,0
PRVNÍ,I,283/2021,73,zruseni,27,V § 27 odst. 2 se písmeno f) zrušuje. Dosavadní písmeno g) se označuje jako písmeno f).,0
PRVNÍ,I,283/2021,74,zneni_plny,27;193,V § 27 odst. 2 písmeno f) zní: „f) uděluje souhlas k možnosti odchýlit se od územně plánovací dokumentace nebo územního opatření podle § 193 odst. 2.“.,118
PRVNÍ,I,283/2021,75,zneni_plny,28,"§ 28 včetně nadpisu zní: „§ 28 Působnost na území hlavního města Prahy Hlavní město Praha v samostatné působnosti pro své území zpracovává, pořizuje, schvaluje a vydává zásady územního rozvoje, územní plán, regulační plán, územní studii a územní opatření, poskytuje údaje pro územně analytické podklady a vykonává další územně plánovací činnosti v zájmu rozvoje hlavního města Prahy v rámci svého prá",474
PRVNÍ,I,283/2021,76,zruseni,29,§ 29 se včetně nadpisu zrušuje.,0
PRVNÍ,I,283/2021,77,zneni_plny,30,"§ 30 včetně nadpisu zní: „§ 30 Obecná ustanovení (1) Působnost ve věcech stavebního řádu vykonávají stavební úřady, kterými jsou úřady rozvoje území, jiné stavební úřady a autorizovaný inspektor. (2) Jinými stavebními úřady jsou Ministerstvo obrany, Ministerstvo vnitra a Ministerstvo spravedlnosti. (3) Úřad je nadřízeným správním orgánem úřadů rozvoje území krajů. Úřady rozvoje území krajů jsou na",869
PRVNÍ,I,283/2021,78,zruseni,30a,§ 30a se včetně nadpisu zrušuje.,0
PRVNÍ,I,283/2021,79,zneni_plny,31;32,"§ 31 a 32 včetně nadpisů znějí: „§ 31 Metodická činnost Jiné ústřední orgány státní správy v rámci své působnosti metodicky podporují výkon působnosti Úřadu v oblastech, ve kterých stavební úřady rozhodují o věcech v působnosti jiných ústředních orgánů státní správy. § 32 Úřad (1) Úřad a) vykonává působnost stavebního úřadu ve věcech vyhrazených a s nimi souvisejících staveb, b) vydává rámcové pov",2322
PRVNÍ,I,283/2021,80,zruseni,32a,§ 32a a 32b se zrušují.,0
PRVNÍ,I,283/2021,81,zneni_plny,33,"§ 33 a 34 včetně nadpisů znějí: „§ 33 Úřad rozvoje území kraje Úřad rozvoje území kraje a) vykonává působnost stavebního úřadu v případech, ve kterých nevykonává působnost Úřad nebo jiný stavební úřad, ve věcech 1. záměrů EIA, 2. silnic I. třídy, 3. výroben z obnovitelných zdrojů energie neuvedených v příloze č. 3 k tomuto zákonu, 4. vodních nádrží s celkovým objemem nad 1000000 m3 nebo s výškou v",1819
PRVNÍ,I,283/2021,82,zruseni,34a,§ 34a se včetně nadpisu zrušuje.,0
PRVNÍ,I,283/2021,83,nahrazeni,35,V § 35 odst. 4 se slova „krajského úřadu nebo obecního stavebního úřadu“ nahrazují slovy „úřadů rozvoje území“.,0
PRVNÍ,I,283/2021,84,nahrazeni,36,V § 36 odst. 1 úvodní části ustanovení se slova „a bezpečnosti“ nahrazují slovy „nebo bezpečnosti“.,0
PRVNÍ,I,283/2021,85,vlozeni,36,V § 36 odst. 1 písm. a) se za slovo „vydává“ vkládají slova „vyjádření pro stavby kategorie I nebo“ a za slovo „stanovisko“ se vkládají slova „pro stavby kategorie II“.,0
PRVNÍ,I,283/2021,86,zneni_plny,36,"V § 36 se doplňují odstavce 4 a 5, které znějí: „(4) Z hlediska dopadů na zajišťování obrany nebo bezpečnosti státu podle odstavce 1 se stavby člení na a) stavbu kategorie 0, nepředstavující zvláštní dopady, b) stavbu kategorie I, představující mírné dopady, c) stavbu kategorie II, představující vyšší dopady. (5) Prováděcí právní předpis stanoví charakteristiku stavby pro její zařazení do kategori",478
PRVNÍ,I,283/2021,87,zneni_plny,37,"§ 37 včetně nadpisu zní: „§ 37 Kvalifikační požadavky (1) Orgány územního plánování a stavební úřady vykonávají činnost prostřednictvím osob splňujících kvalifikační požadavky podle tohoto zákona nebo podle jiných zákonů. (2) Kvalifikační požadavky splňuje dále fyzická osoba, která má a) osvědčení o zvláštní odborné způsobilosti pro úředníky územních samosprávných celků pro správní činnosti v územ",1756
PRVNÍ,I,283/2021,88,zneni_plny,38,"V § 38 odstavce 1 až 4 znějí: „(1) Cílem územního plánování je ve veřejném zájmu vytvářet předpoklady pro využití a udržitelný rozvoj území spočívající ve vyváženém vztahu podmínek pro život lidí a jejich bydlení, práci, podnikání, rekreaci a soudržnost společenství obyvatel území, pro příznivé životní prostředí a pro hospodářský rozvoj, který uspokojuje potřeby současné generace, aniž by ohrožova",1311
PRVNÍ,I,283/2021,89,vlozeni,39,"V § 39 úvodní části ustanovení se za slovo „zájmu“ vkládají slova „rozvíjet a chránit území, a za tím účelem“.",0
PRVNÍ,I,283/2021,90,zneni_plny,39,"V § 39 písmena a) a b) znějí: „a) zjišťovat, posuzovat a vyhodnocovat stav území, potenciál jeho rozvoje, prognózy jeho dalšího vývoje a jeho civilizační, kulturní a přírodní hodnoty, b) stanovovat s ohledem na jeho potenciál, podmínky a hodnoty území koncepci využití a rozvoje území, včetně dlouhodobé urbanistické koncepce sídel, rozvoje bydlení, hospodářství a veřejné infrastruktury s preferencí",490
PRVNÍ,I,283/2021,91,vlozeni,39,"V § 39 písm. c) se za slovo „na“ vkládají slova „potenciál jeho rozvoje,“.",0
PRVNÍ,I,283/2021,92,vlozeni,39,"V § 39 písm. e) se za slovo „pro“ vkládá slovo „efektivní“, slovo „zastavěného“ se nahrazuje slovem „zastavitelného“ a slova „sídel prostřednictvím cílené revitalizace“ se nahrazují slovy „a revitalizací nevyužitých,“.",0
PRVNÍ,I,283/2021,93,vlozeni,39,"V § 39 písm. f) se slova „vyhodnocovat a, je-li to účelné,“ zrušují, za slova „vhodné plochy pro výrobu“ se vkládají slova „ , skladování, distribuci a nakládání s odpady“ a za slova „ ; plochy pro výrobu“ se vkládají slova „ , skladování a distribuci“.",0
PRVNÍ,I,283/2021,94,vlozeni,39,"V § 39 písm. g) se za slovo „bydlení“ vkládají slova „ , příležitosti pro práci a podnikání“.",0
PRVNÍ,I,283/2021,95,zruseni,39,V § 39 se písmeno h) zrušuje. Dosavadní písmena i) až s) se označují jako písmena h) až r).,0
PRVNÍ,I,283/2021,96,zruseni,39,V § 39 písm. o) se slovo „transformačních“ zrušuje a na konci textu písmene se doplňuje slovo „změn“.,0
PRVNÍ,I,283/2021,97,nahrazeni,39,V § 39 písm. q) se slovo „regulovat“ nahrazuje slovem „stanovovat“ a na konci textu písmene se doplňují slova „s přihlédnutím k jedinečnosti a nepřemístitelnosti nerostných zdrojů a jejich významu pro surovinovou bezpečnost a soběstačnost“.,0
PRVNÍ,I,283/2021,98,vlozeni_plny,39;39a,"Za § 39 se vkládá nový § 39a, který včetně nadpisu zní: „§ 39a Politika architektury a stavební kultury (1) Politika architektury a stavební kultury je strategickým dokumentem s celostátní působností, který určuje vizi, cíle a opatření k dosažení kvality vystavěného prostředí. (2) Politika architektury a stavební kultury rozvíjí cíle a úkoly územního plánování a je podkladem pro zpracování politik",1042
PRVNÍ,I,283/2021,99,vlozeni,41,"V § 41 se slova „funkčního využití,“ nahrazují slovy „stávající nebo plánované“ a za slovo „jejich“ se vkládají slova „využití a“.",0
PRVNÍ,I,283/2021,100,zneni_plny,41,"V § 41 se dosavadní text označuje jako odstavec 1 a doplňuje se odstavec 2, který zní: „(2) Při posuzování souladu s charakterem území se zohledňuje veřejný zájem na zvyšování kvality vystavěného prostředí, architektury a stavební kultury.“.",152
PRVNÍ,I,283/2021,101,doplneni,42,V § 42 se na konci textu odstavce 1 doplňují slova „a organizace podle horního zákona“.,0
PRVNÍ,I,283/2021,102,jine,42;50;53;70;71a;71b;71c;71d,"V § 42 odst. 3 větě první, § 50 odst. 1 úvodní části ustanovení, § 53 odst. 3 úvodní části ustanovení, § 70 odst. 3 větě první, § 71a odst. 1, § 71b odst. 1 úvodní části ustanovení, § 71b odst. 3 větě první, § 71b odst. 4, § 71c odst. 1, § 71d odst. 1 a 2, § 71d odst. 5 větě první, § 71e odst. 3 větě první, § 114 odst. 3 větě druhé, § 128 odst. 4 větě druhé, § 129, § 267 odst. 1, § 268 odst. 2, §",0
PRVNÍ,I,283/2021,103,nahrazeni,42,"V § 42 odst. 4 větě druhé se slovo „na“ nahrazuje slovem „v“. 104. V 42 odst. 5 se věta první zrušuje a ve větě druhé se slova „ministerstvo, které“ nahrazují slovy „Úřad, který“.",0
PRVNÍ,I,283/2021,105,zneni_plny,43,"§ 43 včetně nadpisu zní: „§ 43 Zveřejňování a ukládání dokumentů (1) Orgány územního plánování informují veřejnost a dotčené orgány o své činnosti, zejména o pořizování nástrojů územního plánování podle tohoto zákona; ustanovení části šesté správního řádu o zveřejňování a doručování se nepoužijí. Osobám, které nejsou schopny využít národní geoportál územního plánování, orgány územního plánování um",691
PRVNÍ,I,283/2021,106,zruseni,,V části třetí hlavě II se díl 2 včetně nadpisů zrušuje. Dosavadní díly 3 až 5 se označují jako díly 2 až 4.,0
PRVNÍ,I,283/2021,107,zneni_plny,46,"§ 46 a 47 včetně nadpisů znějí: „§ 46 Pořizovatel (1) Pořizovatelem se v tomto zákoně rozumí orgán územního plánování. (2) Pořizovatel vykonává odbornou územně plánovací činnost prostřednictvím a) státního zaměstnance v oboru specializace, jehož součástí je územní plánování nebo regionální rozvoj, b) úředníka územního samosprávného celku nebo zaměstnance jím zřízené právnické osoby nebo společenst",1084
PRVNÍ,I,283/2021,108,zruseni,48,§ 48 se včetně nadpisu zrušuje.,0
PRVNÍ,I,283/2021,109,nahrazeni,49,"V § 49 odst. 1 se slova „a zastupitelstvo kraje“ nahrazují slovy „ , pro kterou pořizuje územní plán, regulační plán nebo územní studii jiný pořizovatel,“ a slova „územně plánovací dokumentace obce nebo kraje“ se zrušují.",0
PRVNÍ,I,283/2021,110,nahrazeni,49,V § 49 odst. 2 se slovo „Pořizovatel“ nahrazuje slovy „Jiný pořizovatel“.,0
PRVNÍ,I,283/2021,111,vlozeni,49,V § 49 odst. 3 se za slovo „mezi“ vkládá slovo „jiným“.,0
PRVNÍ,I,283/2021,112,zruseni,49,V § 49 se odstavec 4 zrušuje.,0
PRVNÍ,I,283/2021,113,vlozeni,50,V § 50 odst. 1 písm. b) se za slova „má osvědčení“ vkládá slovo „o“ a slova „státní služby“ se nahrazují slovem „specializace“.,0
PRVNÍ,I,283/2021,114,nahrazeni,50,V § 50 odst. 1 písm. c) se slova „vzdělání a praxe“ zrušují a text „44 odst. 4“ se nahrazuje číslem „37“.,0
PRVNÍ,I,283/2021,115,vlozeni,50,V § 50 odst. 1 písm. e) se za slovo „činnost“ vkládají slova „ve veřejné správě po dobu nejméně 3 let“ a slovo „ministerstvo“ se nahrazuje slovem „Úřad“.,0
PRVNÍ,I,283/2021,116,zruseni,51,V § 51 odst. 1 písm. b) se slova „Českou komorou architektů“ zrušují.,0
PRVNÍ,I,283/2021,117,zruseni,51,V § 51 se odstavce 2 až 4 zrušují a zároveň se zrušuje označení odstavce 1.,0
PRVNÍ,I,283/2021,118,zruseni,52;44;45,"V § 52 odst. 1 písm. a) se slova „podle § 44 odst. 3, nebo doklad o udělení výjimky podle § 45 odst. 1“ zrušují.",0
PRVNÍ,I,283/2021,119,nahrazeni,52,V § 52 odst. 1 písm. c) se slovo „zvláštní“ nahrazuje slovy „o zvláštní“.,0
PRVNÍ,I,283/2021,120,zruseni,52,V § 52 se odstavec 2 zrušuje a zároveň se zrušuje označení odstavce 1.,0
PRVNÍ,I,283/2021,121,zruseni,53,V § 53 se odstavec 1 zrušuje. Dosavadní odstavce 2 až 4 se označují jako odstavce 1 až 3.,0
PRVNÍ,I,283/2021,122,nahrazeni,53,V § 53 odst. 1 písm. a) se slova „ministrovi pro místní rozvoj“ nahrazují slovem „Úřadu“.,0
PRVNÍ,I,283/2021,123,zruseni,53,V § 53 odst. 1 se písmeno b) zrušuje. Dosavadní písmena c) až e) se označují jako písmena b) až d).,0
PRVNÍ,I,283/2021,124,nahrazeni,53,V § 53 odst. 1 písm. d) se číslo „3“ nahrazuje číslem „2“.,0
PRVNÍ,I,283/2021,125,nahrazeni,53,V § 53 odst. 3 se slova „obecní úřad“ nahrazují slovem „pořizovatele“ a slovo „který“ se nahrazuje slovem „kterého“.,0
PRVNÍ,I,283/2021,126,vlozeni_plny,54;2,"V § 54 se vkládá nový odstavec 1, který včetně poznámky pod čarou č. 80 zní: „(1) Dotčené orgány chrání veřejné zájmy podle jiných zákonů80), jsou-li tyto zájmy dotčeny, způsobem podle § 2 a 3 a při respektování cílů a úkolů územního plánování a s přihlédnutím k zájmu územních samosprávných celků a státu na rozvoji svého území. __________ 80) Zákon č. 20/1987 Sb., o státní památkové péči, ve znění",3640
PRVNÍ,I,283/2021,127,vlozeni,54,"V § 54 odst. 2 větě první se za slovo „je“ vkládají slova „z hlediska souladu s dotčenými veřejnými zájmy chráněnými jinými zákony“, slovo „zastavěného“ se nahrazuje slovem „zastavitelného“ a za slovo „rozporů“ se vkládají slova „dohodnuto nebo“.",0
PRVNÍ,I,283/2021,128,doplneni,54,"V § 54 se na konci odstavce 2 doplňují věty „Pořizovatel nepřihlíží k vyjádřením a stanoviskům dotčených orgánů ve věcech, o nichž bylo rozhodnuto při schválení politiky územního rozvoje a vydání nadřazené územně plánovací dokumentace. Pořizovatel se může od stanoviska dotčeného orgánu odchýlit v části, ve které není stanovisko odůvodněno nebo překračuje působnost dotčeného orgánu nebo měřítko či",0
PRVNÍ,I,283/2021,129,zruseni,54,"V § 54 odst. 3 se slova „ , návrhu zprávy o uplatňování územně plánovací dokumentace a návrhu zadání změny územně plánovací dokumentace“ zrušují.",0
PRVNÍ,I,283/2021,130,zneni_plny,55;1a;18,"§ 55 včetně nadpisu zní: „§ 55 Řešení rozporů (1) Pořizovatel projednává protichůdná stanoviska dotčených orgánů a zájmy obcí, krajů a státu a oprávněných investorů, koordinuje je a řeší případné rozpory podle zásad uvedených v § 1a a § 18 odst. 1 a 2. (2) Dojde-li k rozporu mezi dotčenými orgány nebo mezi obcí nebo krajem a dotčeným orgánem, projedná jej pořizovatel se stranami tohoto rozporu v d",1792
PRVNÍ,I,283/2021,131,zruseni,56;57,V § 56 se odstavec 6 zrušuje. 132. Ve skupinovém nadpisu nad označením § 57 se slova „a koordinační výkres“ zrušují.,0
PRVNÍ,I,283/2021,133,zruseni,57,V § 57 se odstavce 3 a 4 zrušují.,0
PRVNÍ,I,283/2021,134,zneni_plny,59,"§ 59 včetně nadpisu zní: „§ 59 Jednotný standard (1) Územně plánovací dokumentace, její změna a úplné znění, územní studie, vymezení zastavitelného území, jeho změna a úplné znění a územní opatření se vyhotovují a vydávají v jednotném standardu jako digitální textová a prostorová data ve vektorové formě ve strojově čitelném formátu. (2) Jednotný standard stanoví standardizované části a požadavky n",599
PRVNÍ,I,283/2021,135,nahrazeni,62,"V § 62 odst. 1 se slova „ , vymezení zastavěného území a pro rozhodování v území“ nahrazují slovy „a vymezení zastavitelného území“.",0
PRVNÍ,I,283/2021,136,vlozeni_plny,62,"V § 62 odstavec 2 zní: „(2) Územně analytické podklady jsou tvořeny údaji o území, které obsahují zjištění stavu území, jeho hodnot a limitů využití území, včetně známých záměrů a které vkládají do národního geoportálu územního plánování příslušní poskytovatelé. Územně analytické podklady jsou vedeny v národním geoportálu územního plánování v jednotné databázi, jejímž správcem je Úřad.“.",368
PRVNÍ,I,283/2021,137,vlozeni,62,"V § 62 odst. 3 se za slovo „podkladů“ vkládají slova „ , obsah, rozsah a podrobnost údajů o území a způsob jejich poskytování Úřadu“.",0
PRVNÍ,I,283/2021,138,vlozeni,63,V § 63 odst. 1 se za slovo „například“ vkládá slovo „koridoru“.,0
PRVNÍ,I,283/2021,139,zruseni,63,V § 63 odst. 2 úvodní části ustanovení se slovo „pořizovateli“ zrušuje.,0
PRVNÍ,I,283/2021,140,zneni_plny,63,"V § 63 se doplňuje odstavec 3, který zní: „(3) Kraj zpracovává a poskytuje údaje o území v podrobnosti a rozsahu nezbytném pro územně plánovací činnost kraje a obcí v území kraje.“.",137
PRVNÍ,I,283/2021,141,zruseni,64,V § 64 se odstavec 3 zrušuje. Dosavadní odstavec 4 se označuje jako odstavec 3.,0
PRVNÍ,I,283/2021,142,nahrazeni,65,V nadpisu § 65 se slova „Pořizování a aktualizace“ nahrazují slovem „Aktualizace“.,0
PRVNÍ,I,283/2021,143,nahrazeni,65,V § 65 odst. 1 větě první se slova „a jejich aktualizace pořizuje pořizovatel“ nahrazují slovy „aktualizují jednotliví poskytovatelé“ a věta druhá se zrušuje.,0
PRVNÍ,I,283/2021,144,nahrazeni,65,V § 65 odst. 2 se slovo „pořízení“ nahrazuje slovem „aktualizaci“.,0
PRVNÍ,I,283/2021,145,zruseni,65,V § 65 se odstavec 3 zrušuje.,0
PRVNÍ,I,283/2021,146,zruseni,66,§ 66 se včetně nadpisu zrušuje.,0
PRVNÍ,I,283/2021,147,zneni_plny,68,"V § 68 odstavec 4 zní: „(4) Pořizovatel může projednat návrh územní studie s vlastníky dotčených nemovitostí, s dotčenými orgány nebo s veřejností.“.",124
PRVNÍ,I,283/2021,148,nahrazeni,68,"V § 68 odst. 5 se slovo „vloží“ nahrazuje slovem „vydá“ a slova „ , kdy schválil možnost jejího využití,“ se nahrazují slovy „jejího schválení vložením“.",0
PRVNÍ,I,283/2021,149,nahrazeni,69,"V § 69 odst. 2 se slova „ministerstvo, nebo jím pověřená organizační složka státu,“ nahrazují slovem „Úřad“.",0
PRVNÍ,I,283/2021,150,vlozeni,70,V § 70 odst. 1 větě první se za slovo „konkretizaci“ vkládají slova „cílů a“ a za slovo „těchto“ se vkládají slova „cílů a“.,0
PRVNÍ,I,283/2021,151,doplneni,71,V § 71 odst. 1 se na konci textu písmene b) doplňují slova „a jejího rozvoje“.,0
PRVNÍ,I,283/2021,152,zneni_plny,71,"V § 71 odst. 1 písmeno d) zní: „d) vymezí oblasti se specifickým potenciálem, specifickými hodnotami nebo se specifickými problémy, mají-li mezinárodní nebo celostátní význam anebo přesahují-li území jednoho kraje (dále jen „specifické oblasti“),“.",216
PRVNÍ,I,283/2021,153,nahrazeni,71a,V § 71a odst. 2 větě první se slovo „ministerstva“ nahrazuje slovem „Úřadu“ a ve větě druhé se slovo „ministerstvu“ nahrazuje slovem „Úřadu“.,0
PRVNÍ,I,283/2021,154,nahrazeni,71a,V § 71a odst. 3 úvodní části ustanovení se slovo „ministerstvo“ nahrazuje slovy „Úřad zejména“.,0
PRVNÍ,I,283/2021,155,vlozeni_plny,71a,"V § 71a odst. 3 se vkládá nové písmeno a), které zní: „a) politiky architektury a stavební kultury,“. Dosavadní písmena a) až e) se označují jako písmena b) až f).",44
PRVNÍ,I,283/2021,156,nahrazeni,71c,V § 71c odst. 2 větě druhé se slovo „ministerstvu“ nahrazuje slovem „Úřadu“.,0
PRVNÍ,I,283/2021,157,nahrazeni,71c,V § 71c odst. 4 větě druhé se číslo „1“ nahrazuje číslem „2“.,0
PRVNÍ,I,283/2021,158,vlozeni,71d,V § 71d odst. 1 se za slovo „rozvoje“ vkládají slova „prostřednictvím Ministerstva hospodářství“.,0
PRVNÍ,I,283/2021,159,zruseni,71d,V § 71d odst. 3 písm. b) se slova „vyplývající z územně analytických podkladů“ zrušují.,0
PRVNÍ,I,283/2021,160,nahrazeni,71d,V § 71d odst. 5 větě druhé se slovo „ministerstvu“ nahrazuje slovem „Úřadu“.,0
PRVNÍ,I,283/2021,161,nahrazeni,71d,V § 71d odst. 6 úvodní části ustanovení se slovo „ministerstvo“ nahrazuje slovy „Úřad prostřednictvím Ministerstva hospodářství“.,0
PRVNÍ,I,283/2021,162,vlozeni,72,V § 72 se na začátek odstavce 1 vkládá věta „Územně plánovací dokumentace naplňuje a rozvíjí cíle a úkoly územního plánování a vyjadřuje veřejný zájem na prostorovém uspořádání a způsobu využití území.“.,0
PRVNÍ,I,283/2021,163,doplneni,72,"V § 72 se na konci odstavce 3 doplňuje věta „Vztah původní a nové, případně změněné územně plánovací dokumentace mohou upravit přechodná ustanovení.“.",0
PRVNÍ,I,283/2021,164,doplneni,73,"V § 73 odst. 2 se na konci textu věty první doplňují slova „ , nestanoví-li zákon jinak“.",0
PRVNÍ,I,283/2021,165,doplneni,73,"V § 73 se na konci odstavce 3 doplňuje věta „Za rozpor se nepovažuje, pokud navazující územně plánovací dokumentace obsahuje záležitosti, které nejsou vymezeny v nadřazené územně plánovací dokumentaci.“.",0
PRVNÍ,I,283/2021,166,vlozeni,73,"V § 73 odst. 5 se na konci textu věty první doplňují slova „nebo v území s ním souvisejícím po zohlednění potřeb území, podrobností regulace a jejího měřítka“, za větu první se vkládá věta „Navazující územně plánovací dokumentace se může se souhlasem Úřadu a toho, kdo vydal nadřazenou územně plánovací dokumentaci, v rámci zpřesnění vymezení ploch a koridorů v nezbytném rozsahu odchýlit od jejich v",0
PRVNÍ,I,283/2021,167,vlozeni,74,"V § 74 odst. 2 písm. a) se slova „zastavitelné plochy, transformační“, slova „dopravní a technické infrastruktury“ a slova „ , vymezené politikou územního rozvoje“ zrušují a za slova „podmínky pro“ se vkládají slova „jejich využití a pro“.",0
PRVNÍ,I,283/2021,168,zneni_plny,74,"V § 74 odst. 2 písmeno b) zní: „b) plochy a koridory pro strategické investiční stavby,“.",55
PRVNÍ,I,283/2021,169,zruseni,76,"V § 76 se doplňuje odstavec 3, který zní: „(3) Do územního rozvojového plánu může pořizovatel převzít plochy a koridory pro záměry mezinárodního nebo celostátního významu anebo záměry přesahující svým významem území jednoho kraje, vymezené v zásadách územního rozvoje, u kterých marně uplynula lhůta pro jejich zrušení podle správního řádu a soudního řádu správního. Tento postup nepodléhá řízení pod",0
PRVNÍ,I,283/2021,170,zruseni,77,"V § 77 odst. 2 písm. d) a e) se slova „zastavitelné plochy, transformační“ zrušují.",0
PRVNÍ,I,283/2021,171,zruseni,79;87,"V § 79 se doplňuje odstavec 5, který zní: „(5) Do zásad územního rozvoje může pořizovatel se souhlasem příslušného úřadu rozvoje území kraje převzít plochy a koridory pro záměry nadmístního významu vymezené v územním plánu, u kterých marně uplynula lhůta pro jejich zrušení podle správního řádu a soudního řádu správního. Tento postup nepodléhá řízení podle § 87 až 111a ani posuzování vlivů na udrži",0
PRVNÍ,I,283/2021,172,nahrazeni,80,"V § 80 odst. 2 písm. a) se slovo „zastavěné“ nahrazuje slovem „zastavitelné“ a slova „a stanoví datum, k němuž je vymezeno“ se zrušují.",0
PRVNÍ,I,283/2021,173,zruseni,80,"V § 80 odst. 2 písm. c) se slova „ , jejíž součástí je i urbanistická kompozice, vymezení ploch podle stávajícího nebo nově požadovaného způsobu využití (dále jen „plocha s rozdílným způsobem využití“), vymezení zastavitelných ploch, transformačních ploch, systému veřejných prostranství a systému sídelní zeleně“ zrušují.",0
PRVNÍ,I,283/2021,174,nahrazeni,80,"V § 80 odst. 2 písm. d) se slova „a koridorů“ nahrazují slovy „ , koridorů a prvků“.",0
PRVNÍ,I,283/2021,175,nahrazeni,80,"V § 80 odst. 2 písm. e) se slova „i vymezení ploch s rozdílným způsobem využití, ploch změn v krajině a“ zrušují a slovo „jejich“ se nahrazuje slovem „její“.",0
PRVNÍ,I,283/2021,176,zneni_plny,80,"V § 80 odst. 2 písmeno f) zní: „f) stanoví podmínky prostorového uspořádání a využití území, včetně požadavků na rozvoj, zachování nebo změnu charakteru území; plochy a koridory, podmínky pro jejich využití a podmínky prostorového uspořádání mohou být vymezeny vzájemně nezávisle; podmínky pro využití ploch se stanovují určením hlavního využití, nepřípustného využití, popřípadě podmíněně přípustnéh",396
PRVNÍ,I,283/2021,177,zruseni,81,V § 81 se odstavec 2 zrušuje. Dosavadní odstavce 3 až 6 se označují jako odstavce 2 až 5.,0
PRVNÍ,I,283/2021,178,vlozeni,81,"V § 81 odst. 2 větě druhé se za slovo „základní“ vkládají slova „podmínky pro“ a slovo „ , podmínky“ se zrušuje.",0
PRVNÍ,I,283/2021,179,nahrazeni,82,V § 82 odst. 2 větě první a druhé se slova „hlavního města Prahy“ nahrazují slovem „obce“.,0
PRVNÍ,I,283/2021,180,zruseni,82,"V § 82 odst. 3 se slova „ , stanoví-li tak zastupitelstvo obce v zadání územního plánu nebo v zadání změny územního plánu“ zrušují.",0
PRVNÍ,I,283/2021,181,zruseni,83,V § 83 se odstavec 3 zrušuje.,0
PRVNÍ,I,283/2021,182,zneni_plny,85,V § 85 odstavec 1 zní: „(1) Regulační plán v řešeném území stanoví podrobné podmínky pro vymezení a využití pozemků.“.,93
PRVNÍ,I,283/2021,183,nahrazeni,85,V § 85 odst. 2 úvodní části ustanovení se slova „zpravidla stanoví“ nahrazují slovy „může stanovit zejména“.,0
PRVNÍ,I,283/2021,184,vlozeni_plny,85,"V § 85 odst. 2 se za písmeno a) vkládá nové písmeno b), které zní: „b) umístění a prostorové uspořádání staveb, včetně jejich napojení na veřejnou dopravní a technickou infrastrukturu, a urbanistických a architektonických podmínek,“. Dosavadní písmena b) až g) se označují jako písmena c) až h).",164
PRVNÍ,I,283/2021,185,vlozeni,85,V § 85 odst. 2 písm. d) se za slovo „objem“ vkládají slova „nebo požadavky na vnější vzhled“.,0
PRVNÍ,I,283/2021,186,zneni_plny,85,"V § 85 se na konci odstavce 2 tečka nahrazuje čárkou a doplňuje se písmeno i), které zní: „i) podmínky pro ochranu hodnot, charakteru území nebo krajinného rázu.“.",70
PRVNÍ,I,283/2021,187,vlozeni,86,"V § 86 odst. 3 větě druhé se za slovo „základní“ vkládají slova „obsah plánovací smlouvy,“.",0
PRVNÍ,I,283/2021,188,zruseni,86,V § 86 se odstavec 5 zrušuje. Dosavadní odstavec 6 se označuje jako odstavec 5.,0
PRVNÍ,I,283/2021,189,nahrazeni,87,V § 87 odst. 1 úvodní části ustanovení se slovo „vydání“ nahrazuje slovem „schválení“.,0
PRVNÍ,I,283/2021,190,vlozeni,87;90;93;98;104,"V § 87 odst. 2 větě první, § 90 odst. 1, § 93 odst. 2, § 93 odst. 3 větě první, § 98 odst. 1, § 98 odst. 2 větě první, § 98 odst. 4 a 6 a § 104 odst. 1 úvodní části ustanovení větě první se za slovo „zastupitelem“ vkládají slova „ , je-li určen,“.",0
PRVNÍ,I,283/2021,191,zruseni,87,V § 87 odst. 2 se věta druhá zrušuje.,0
PRVNÍ,I,283/2021,192,nahrazeni,87,V § 87 odst. 3 se slova „územního plánu pro vymezenou část území hlavního města Prahy“ nahrazují slovy „územních plánů pro vymezenou část obce“.,0
PRVNÍ,I,283/2021,193,zneni_plny,87,"V § 87 se doplňuje odstavec 5, který zní: „(5) Rozhodnutí o pořízení regulačního plánu nebo územního plánu může zastupitelstvo kraje nebo obce nahradit schválením plánovací smlouvy, ve které se stavebník zaváže ke zpracování nebo převzetí nákladů na zpracování návrhu zadání regulačního plánu nebo územního plánu nebo návrhu regulačního plánu nebo územního plánu.“.",323
PRVNÍ,I,283/2021,194,nahrazeni,88,V § 88 odst. 1 úvodní části ustanovení větě první se slovo „toto“ nahrazuje slovy „adresu tohoto“.,0
PRVNÍ,I,283/2021,195,vlozeni_plny,88,"V § 88 odst. 1 se vkládá nové písmeno a), které zní: „a) krajům v případě územního rozvojového plánu,“. Dosavadní písmena a) a b) se označují jako písmena b) a c).",47
PRVNÍ,I,283/2021,196,nahrazeni,88,V § 88 odst. 1 písm. b) se slovo „ministerstvu“ nahrazuje slovy „nadřízenému orgánu“.,0
PRVNÍ,I,283/2021,197,nahrazeni,88,"V § 88 odst. 1 písm. c) se slova „územního plánování a územním samosprávným celkům s řešeným územím přímo sousedícím“ nahrazují slovy „a kraji, ve kterém se obec nachází, Ministerstvu obrany, je-li územní plán zpracováván pro obec sousedící s vojenským újezdem a sousedním obcím“.",0
PRVNÍ,I,283/2021,198,zneni_plny,88,"V § 88 se na konci odstavce 1 tečka nahrazuje čárkou a doplňuje se písmeno d), které zní: „d) nadřízenému orgánu a sousedním krajům a sousedním obcím v případě územního plánu hlavního města Prahy.“.",106
PRVNÍ,I,283/2021,199,zruseni,88,V § 88 se odstavec 2 zrušuje a zároveň se zrušuje označení odstavce 1.,0
PRVNÍ,I,283/2021,200,zruseni,89,V § 89 odst. 5 úvodní části ustanovení se text „odst. 1“ zrušuje.,0
PRVNÍ,I,283/2021,201,vlozeni,89,V § 89 odst. 5 písm. a) se slovo „a“ nahrazuje čárkou a za slova „nadřízený orgán“ se vkládají slova „a oprávněný investor“.,0
PRVNÍ,I,283/2021,202,zruseni,90,V § 90 se odstavec 2 zrušuje. Dosavadní odstavec 3 se označuje jako odstavec 2.,0
PRVNÍ,I,283/2021,203,vlozeni_plny,91;92,"§ 91 se včetně skupinového nadpisu zrušuje. 204. Pod označení § 92 se vkládá nadpis, který zní: „Úhrada nákladů“.",14
PRVNÍ,I,283/2021,205,nahrazeni,92;91,"V § 92 odst. 1 se slova „uvedené v § 91 odst. 1 na žádost ministerstvo, jedná-li se o politiku územního rozvoje nebo územní rozvojový plán, nebo územní samosprávný celek, který vydal nadřazenou územně plánovací dokumentaci“ nahrazují slovy „na pořízení změny na žádost pořizovatele ten, kdo potřebu změny vyvolal“.",0
PRVNÍ,I,283/2021,206,nahrazeni,92;91,V § 92 odst. 3 se slova „schvalující orgán“ nahrazují slovem „pořizovatel“ a slova „uvedených v odstavci 1 a v § 91 odst. 1“ se zrušují.,0
PRVNÍ,I,283/2021,207,nahrazeni,93,V § 93 odst. 5 úvodní části ustanovení se slova „do 7 dnů po kladném vyhodnocení podle odstavce 2“ nahrazují slovem „bezodkladně“,0
PRVNÍ,I,283/2021,208,zruseni,93,V § 93 odst. 5 písm. a) se slova „vystaví je k nahlédnutí“ zrušují.,0
PRVNÍ,I,283/2021,209,zruseni,93,V § 93 odst. 5 se písmeno b) zrušuje. Dosavadní písmeno c) se označuje jako písmeno b).,0
PRVNÍ,I,283/2021,210,nahrazeni,93,"V § 93 odst. 5 písm. b) se slova „místa, kde je možné do návrhu územně plánovací dokumentace a vyhodnocení vlivů, zpracovává-li se, nahlédnout“ nahrazují slovy „adresu zveřejnění v národním geoportálu územního plánování“.",0
PRVNÍ,I,283/2021,211,zruseni,94,§ 94 se včetně nadpisu zrušuje.,0
PRVNÍ,I,283/2021,212,vlozeni,96,"V § 96 odst. 1 se za slovo „ , veřejnosti“ vkládají slova „ , dotčeným orgánům a územním samosprávným celkům“ a slova „dotazů veřejnosti“ se nahrazují slovem „dotazů“.",0
PRVNÍ,I,283/2021,213,nahrazeni,96;93,"V § 96 odst. 2 větě první se slova „postupem podle § 93 odst. 5 písm. c)“ nahrazují slovy „ , je-li určen“.",0
PRVNÍ,I,283/2021,214,vlozeni,96,V § 96 odst. 3 se za slovo „koná“ vkládají slova „nejdříve 15 dnů a“.,0
PRVNÍ,I,283/2021,215,vlozeni_plny,96;88,"V § 96 se za odstavec 3 vkládá nový odstavec 4, který zní: „(4) Pořizovatel oznámí místo a dobu konání veřejného projednání a adresu uložení návrhu územně plánovací dokumentace v národním geoportálu územního plánování jednotlivě dotčeným orgánům a adresátům uvedeným v § 88.“. Dosavadní odstavec 4 se označuje jako odstavec 5.",216
PRVNÍ,I,283/2021,216,zruseni,96;97,V § 96 odst. 5 se slovo „písemný“ zrušuje. 217. Na konci nadpisu § 97 se doplňují slova „a stanoviska“.,0
PRVNÍ,I,283/2021,218,zneni_plny,97,"V § 97 se doplňuje odstavec 5, který zní: „(5) Dotčené orgány uplatní do 15 dnů ode dne konání veřejného projednání svá stanoviska k návrhu územně plánovací dokumentace a vyjádření k vyhodnocení vlivů. Neuplatní-li dotčený orgán v této lhůtě stanovisko nebo vyjádření, platí, že s návrhem územně plánovací dokumentace souhlasí. Ke stanoviskům uplatněným po uvedené lhůtě nebo uplatněným ve věcech, o",439
PRVNÍ,I,283/2021,219,vlozeni,98,"V § 98 odst. 5 větě druhé se za slovo „stanovisko“ vkládají slova „a oprávněný investor vyjádření“, slova „má se za to“ se nahrazují slovem „platí“ a na konci textu odstavce se doplňují slova „ ; k později uplatněnému stanovisku nebo vyjádření se nepřihlíží“.",0
PRVNÍ,I,283/2021,220,zruseni,99,§ 99 se včetně nadpisu zrušuje.,0
PRVNÍ,I,283/2021,221,nahrazeni,100,V § 100 odst. 2 větě druhé se číslo „1“ nahrazuje číslem „2“ a věty třetí a poslední se zrušují.,0
PRVNÍ,I,283/2021,222,zruseni,101,V § 101 odst. 2 se věty druhá a poslední zrušují.,0
PRVNÍ,I,283/2021,223,nahrazeni,101,"V § 101 odst. 3 se slova „věty první, nebo ve lhůtě prodloužené, je možné zásady územního rozvoje nebo územní plán vydat i bez jeho stanoviska“ nahrazují slovy „ , platí, že s návrhem zásad územního rozvoje nebo územního plánu souhlasí“ a na konci odstavce se doplňuje věta „Ke stanovisku nadřízeného orgánu uplatněnému po uvedené lhůtě se nepřihlíží.“.",0
PRVNÍ,I,283/2021,224,nahrazeni,102,"V § 102 odst. 1 větě první se slova „vypracuje pokyny pro úpravu návrhu“ nahrazují slovy „ , je-li určen, zajistí úpravu“.",0
PRVNÍ,I,283/2021,225,vlozeni_plny,102;103,"V § 102 odst. 2 se věta první nahrazuje větou „Úprava návrhu územně plánovací dokumentace může obsahovat další drobné změny, které se podstatně nedotýkají práv dotčených osob ani veřejných zájmů chráněných dotčenými orgány, a změny odůvodnění.“. 226. Pod označení § 103 se vkládá nadpis, který zní: „Podstatná úprava“.",16
PRVNÍ,I,283/2021,227,zneni_plny,103,"V § 103 odstavec 1 zní: „(1) Dojde-li na základě projednání k upravení návrhu územně plánovací dokumentace, při němž jsou nově podstatně negativně dotčeny veřejné zájmy nebo v případě územního plánu nebo regulačního plánu podstatně negativně dotčeno vlastnictví pozemků a staveb a dotčený orgán, nadřízený orgán, oprávněný investor nebo vlastník neměli možnost k upravené dokumentaci uplatnit stanovi",1333
PRVNÍ,I,283/2021,228,nahrazeni,103;93;94;95,"V § 103 odst. 3 větě první se slova „§ 93 odst. 5, § 94 až 99“ nahrazují slovy „93 odst. 5, § 95 až 98“ a slova „ ; společné jednání a veřejné projednání lze při splnění požadavků kladených na obě jednání spojit“ se zrušují.",0
PRVNÍ,I,283/2021,229,zneni_plny,103;101,"V § 103 odstavec 5 zní: „(5) Stanovisko nadřízeného orgánu k podstatné úpravě návrhu zásad územního rozvoje a územního plánu uplatní nadřízený orgán do 30 dnů ode dne konání opakovaného projednání; pro obsah stanoviska, postup při jeho nevydání ve stanovené lhůtě a pro případ upozornění na nedostatky se postupuje obdobně podle § 101 odst. 2 až 4.“.",326
PRVNÍ,I,283/2021,230,zruseni,104,V § 104 odst. 1 úvodní části ustanovení se věta poslední včetně písmen a) až c) zrušuje.,0
PRVNÍ,I,283/2021,231,vlozeni,104,"V § 104 odst. 2 větě první se slovo „vydá“ nahrazuje slovem „schválí“ a slova „po ověření, že není v rozporu s požadavky uvedenými v odstavci 1 písm. a) a b) a nadřazenou územně plánovací dokumentací“ se zrušují a ve větě druhé se za slovo „návrhem,“ vkládají slova „může jej sám změnit, nedojde-li tím k podstatné úpravě, nebo“ a slova „pořizovateli, nebo“ se nahrazují slovy „pořizovateli, anebo“.",0
PRVNÍ,I,283/2021,232,zruseni,104,V § 104 odst. 3 větě první se slova „k vydání“ zrušují.,0
PRVNÍ,I,283/2021,233,nahrazeni,105,V § 105 odst. 1 se slovo „vydání“ nahrazuje slovem „schválení“ a slovo „vložení“ se nahrazuje slovy „vydání vložením“ a na konci odstavce se doplňuje věta „Okamžikem vložení do národního geoportálu územního plánování je územně plánovací dokumentace platná.“.,0
PRVNÍ,I,283/2021,234,nahrazeni,105,"V § 105 odst. 2 se slova „Územně plánovací dokumentaci“ nahrazují slovy „Vydání územně plánovací dokumentace“ a na konci textu odstavce se doplňují slova „ , není-li v ní stanovena účinnost pozdější“.",0
PRVNÍ,I,283/2021,235,zneni_plny,105,V § 105 odstavec 3 zní: „(3) Územně plánovací dokumentaci opatří pořizovatel záznamem o účinnosti.“.,73
PRVNÍ,I,283/2021,236,zruseni,,V části třetí hlavě III dílu 4 se oddíl 3 včetně nadpisů zrušuje. Dosavadní oddíly 4 a 5 se označují jako oddíly 3 a 4.,0
PRVNÍ,I,283/2021,237,vlozeni,108,"V § 108 odst. 1 se za slovo „projednává“ vkládá slovo „ , schvaluje“.",0
PRVNÍ,I,283/2021,238,nahrazeni,108,V § 108 odst. 2 se slovo „vydání“ nahrazuje slovem „schválení“ a slovo „vloží“ se nahrazuje slovy „vydá vložením“.,0
PRVNÍ,I,283/2021,239,nahrazeni,108,"V § 108 odst. 3 se slovo „Změnu“ nahrazuje slovy „Informaci o změně“ a slova „ , úplné znění územně plánovací dokumentace po této změně a adresy jejich“ se nahrazují slovy „a adresu jejího“.",0
PRVNÍ,I,283/2021,240,zruseni,108,V § 108 se odstavec 4 zrušuje.,0
PRVNÍ,I,283/2021,241,zruseni,109,V § 109 odst. 1 úvodní části ustanovení se slova „nebo nejde-li o změnu pořizovanou na základě zprávy o uplatňování“ zrušují.,0
PRVNÍ,I,283/2021,242,nahrazeni,109,V § 109 odst. 1 písm. b) se slovo „ministerstva“ nahrazuje slovem „Úřadu“.,0
PRVNÍ,I,283/2021,243,zruseni,109,V § 109 odst. 1 se písmeno d) zrušuje. Dosavadní písmeno e) se označuje jako písmeno d).,0
PRVNÍ,I,283/2021,244,nahrazeni,109,"V § 109 odst. 2 úvodní části ustanovení se slova „v případě územního rozvojového plánu u ministerstva, v ostatních případech u příslušného schvalujícího orgánu“ nahrazují slovy „u příslušného pořizovatele“.",0
PRVNÍ,I,283/2021,245,zruseni,109;91;92,V § 109 odst. 2 písm. d) se slova „uvedených v § 91 odst. 1 a § 92“ zrušují.,0
PRVNÍ,I,283/2021,246,zneni_plny,109,"V § 109 odst. 3 úvodní část ustanovení zní: „Nejde-li o změnu regulačního plánu, může podnět dále obsahovat také“.",68
PRVNÍ,I,283/2021,247,doplneni,109;89,V § 109 odst. 3 se na konci textu písmene b) doplňují slova „ ; ustanovení § 89 odst. 4 platí obdobně“.,0
PRVNÍ,I,283/2021,248,zneni_plny,109,V § 109 odstavec 4 zní: „(4) Stanovisko podle odstavce 3 písm. a) doručí orgán ochrany přírody navrhovateli podnětu a příslušnému úřadu do 20 dnů od obdržení žádosti o jeho vydání. Stanovisko podle odstavce 3 písm. b) doručí příslušný úřad navrhovateli podnětu do 30 dnů od obdržení žádosti o jeho vydání.“.,283
PRVNÍ,I,283/2021,249,zneni_plny,109,"V § 109 odstavec 5 zní: „(5) Rozhodnutí o pořízení regulačního plánu nebo územního plánu může zastupitelstvo kraje nebo obce nahradit schválením plánovací smlouvy, ve které se stavebník zaváže ke zpracování nebo převzetí nákladů na zpracování návrhu zadání regulačního plánu nebo územního plánu nebo návrhu regulačního plánu nebo územního plánu.“.",323
PRVNÍ,I,283/2021,250,zruseni,110,V § 110 odst. 1 úvodní části ustanovení se slova „návrhu zadání změny“ zrušují.,0
PRVNÍ,I,283/2021,251,zruseni,110,"V § 110 odst. 2 se slova „ , a schvalující orgán“ zrušují.",0
PRVNÍ,I,283/2021,252,zneni_plny,110;109,"V § 110 se doplňuje odstavec 3, který zní: „(3) Nejde-li o změnu regulačního plánu a podnět neobsahuje stanoviska podle § 109 odst. 3, zajistí tato stanoviska pořizovatel. Ustanovení § 109 odst. 4 platí obdobně.“.",168
PRVNÍ,I,283/2021,253,zruseni,111,V § 111 se odstavec 1 zrušuje. Dosavadní odstavce 2 až 5 se označují jako odstavce 1 až 4.,0
PRVNÍ,I,283/2021,254,nahrazeni,111,V § 111 odst. 1 se slova „návrh zadání“ nahrazují slovy „podnět na pořízení“.,0
PRVNÍ,I,283/2021,255,nahrazeni,111,"V § 111 odst. 2 větě první se slova „návrhem zadání“ nahrazují slovy „podnětem na pořízení“ a slova „schválí její zadání“ se nahrazují slovy „o jejím obsahu“ a ve větě druhé se slova „návrhem, vrátí jej pořizovateli se svými pokyny k úpravě, nebo jej zamítne“ nahrazují slovy „podnětem, zamítne jej“.",0
PRVNÍ,I,283/2021,256,nahrazeni,111;91;92,V § 111 odst. 3 větě první se slova „Schvalující orgán“ nahrazují slovem „Pořizovatel“ a slova „podle § 91 odst. 1 a § 92“ se zrušují a věty druhá a poslední se zrušují.,0
PRVNÍ,I,283/2021,257,vlozeni_plny,111;109,"V § 111 se za odstavec 3 vkládá nový odstavec 4, který zní: „(4) Vyplyne-li ze stanovisek podle § 109 odst. 3, že návrh změny územně plánovací dokumentace má být posuzován z hlediska vlivů na životní prostředí, doplní pořizovatel rozhodnutí o pořízení změny o požadavek na vyhodnocení vlivů.“. Dosavadní odstavec 4 se označuje jako odstavec 5.",232
PRVNÍ,I,283/2021,258,nahrazeni,111;90;93;105;108,"V § 111 odst. 5 se slova „§ 90 odst. 3, § 93 až 104, § 105 odst. 3 a § 108“ nahrazují slovy „§ 93 až 105“ a na konci odstavce se doplňuje věta „Pokud se v těchto ustanoveních odkazuje na zadání, rozumí se tím pro účely pořizování změny rozhodnutí schvalujícího orgánu o pořízení změny a o jejím obsahu.“.",0
PRVNÍ,I,283/2021,259,zneni_plny,111,"V § 111 se doplňuje odstavec 6, který zní: „(6) Opravu chyb a zřejmých nesprávností územně plánovací dokumentace provede pořizovatel kdykoli bez řízení; pro vymezení zastavitelného území a pro územní opatření to platí obdobně.“.",184
PRVNÍ,I,283/2021,260,vlozeni_plny,111;111a;73,"Za § 111 se vkládá nový § 111a, který včetně nadpisu zní: „§ 111a Nepodstatná změna v zastavitelném území Při změně územně plánovací dokumentace v zastavitelném území, která nevyžaduje posouzení vlivů a kterou dochází pouze k uvedení do souladu s nadřazenou územně plánovací dokumentací, zpřesnění podle § 73 odst. 4 a 5, omezení rozsahu nebo podmínek územní rezervy, úpravě hranic ploch nebo koridor",942
PRVNÍ,I,283/2021,261,doplneni,112;73,"V § 112 odst. 1 se na konci textu věty druhé doplňují slova „ , ledaže jde o zpřesnění podle § 73 odst. 4 a 5“.",0
PRVNÍ,I,283/2021,262,nahrazeni,113;87,"V § 113 odst. 2 se slova „v případě, že se změnily podstatně podmínky, za kterých byl pořízen a vydán a“ nahrazují čárkou a na konci odstavce se doplňují věty „Tento postup nepodléhá řízení podle § 87 až 111a. Zrušení regulačního plánu pořizovatel oznámí veřejnou vyhláškou; dnem jejího doručení nabývá zrušení regulačního plánu účinnosti a pořizovatel zveřejní informaci o zrušení regulačního plánu",0
PRVNÍ,I,283/2021,263,zruseni,113,V § 113 se odstavce 3 až 6 zrušují.,0
PRVNÍ,I,283/2021,264,nahrazeni,114,V § 114 odst. 3 větě první se slovo „ministerstvu“ nahrazuje slovem „Úřadu“.,0
PRVNÍ,I,283/2021,265,nahrazeni,114,V § 114 odst. 4 se slova „Ministerstvo a krajský úřad“ nahrazují slovem „Úřad“.,0
PRVNÍ,I,283/2021,266,vlozeni,114,"V § 114 odst. 5 větě první se za slova „zrušení územního plánu“ vkládají slova „nebo jeho části“, slovo „zastavěné“ se nahrazuje slovem „zastavitelné“ a za slovo „plánem“ se vkládají slova „nebo jeho částí“.",0
PRVNÍ,I,283/2021,267,doplneni,114,V § 114 odst. 5 větě druhé se na konci textu věty doplňují slova „nebo jeho části“.,0
PRVNÍ,I,283/2021,268,nahrazeni,114,V § 114 odst. 5 větě poslední se slova „územního plánování“ nahrazují slovy „rozvoje území kraje“.,0
PRVNÍ,I,283/2021,269,vlozeni_plny,115;115a,"Za § 115 se vkládá nový § 115a, který včetně nadpisu zní: „§ 115a Společné pořizování územně plánovací dokumentace (1) Schvalující orgány mohou rozhodnout o společném pořízení více územně plánovacích dokumentací stejného druhu a o jejich společném pořizovateli nebo o koordinaci pořizovatelů, pokud spolu souvisí. (2) Podklady, návrhy a úkony ve společném pořizování lze sdružit a provádět společně.",449
PRVNÍ,I,283/2021,270,nahrazeni,,V části třetí hlavě III nadpisu dílu 5 se slovo „zastavěného“ nahrazuje slovem „zastavitelného“.,0
PRVNÍ,I,283/2021,271,zruseni,,V části třetí hlavě III dílu 5 se označení oddílů 1 a 2 včetně nadpisů zrušují.,0
PRVNÍ,I,283/2021,272,vlozeni,116,V § 116 odst. 1 větě první se za slovo „obce“ vkládají slova „bez účinného územního plánu“ a slovo „zastavěných“ se nahrazuje slovem „zastavitelných“.,0
PRVNÍ,I,283/2021,273,nahrazeni,116,V § 116 odst. 2 úvodní části ustanovení větě druhé se slova „vymezené k 1. září 1966 vyznačené v mapách evidence nemovitostí (dále jen „intravilán“)“ nahrazují slovy „podle územních analytických podkladů“.,0
PRVNÍ,I,283/2021,274,nahrazeni,116,V § 116 odst. 2 písm. d) se slovo „intravilánu“ nahrazuje slovy „zastavěné části obce“.,0
PRVNÍ,I,283/2021,275,zruseni,116,V § 116 odst. 3 úvodní části ustanovení se slovo „vždy“ zrušuje.,0
PRVNÍ,I,283/2021,276,zneni_plny,116,"V § 116 odst. 3 písmeno a) zní: „a) pozemky zázemí stavby,“.",25
PRVNÍ,I,283/2021,277,nahrazeni,116,V § 116 odst. 3 písm. c) se slova „zastavěnými stavebními pozemky“ nahrazují slovy „pozemky zázemí stavby“.,0
PRVNÍ,I,283/2021,278,nahrazeni,116,V § 116 odst. 3 písm. e) se slovo „intravilánem“ nahrazuje slovy „zastavěnou částí obce“.,0
PRVNÍ,I,283/2021,279,zruseni,116,V § 116 se odstavec 4 zrušuje.,0
PRVNÍ,I,283/2021,280,zneni_plny,117;116,"§ 117 včetně nadpisu zní: „§ 117 Vymezení zastavitelného území (1) Není-li vydán územní plán, úřad rozvoje území kraje zajistí bezodkladně v souladu s § 116 odst. 1 až 3 zpracování návrhu vymezení zastavitelného území. (2) Při vymezení zastavitelného území se v něm vyznačí nestavební plochy, a to a) pozemek veřejné zeleně a parku tvořící veřejné prostranství1), b) lesní pozemek nebo soubor sousedí",621
PRVNÍ,I,283/2021,281,nahrazeni,118,V § 118 odst. 2 se slovo „zastavěné“ nahrazuje slovem „zastavitelné“.,0
PRVNÍ,I,283/2021,282,zneni_plny,118,V § 118 odst. 3 písmeno b) zní: „b) nestavebních ploch.“.,22
PRVNÍ,I,283/2021,283,nahrazeni,118,V § 118 odst. 4 se na konci písmene c) slovo „a“ nahrazuje tečkou a písmeno d) se zrušuje.,0
PRVNÍ,I,283/2021,284,nahrazeni,119,V § 119 odst. 2 větě druhé se slovo „zastavěného“ nahrazuje slovy „vymezení zastavitelného“ a slovo „zastavěné“ se nahrazuje slovem „zastavitelné“.,0
PRVNÍ,I,283/2021,285,zruseni,119,V § 119 se odstavce 3 až 6 zrušují.,0
PRVNÍ,I,283/2021,286,zruseni,120,V § 120 odst. 1 se věta první zrušuje.,0
PRVNÍ,I,283/2021,287,nahrazeni,120,V § 120 odst. 2 se slova „Vymezení zastavěného“ nahrazují slovy „Informaci o vymezení zastavitelného“ a slovo „zastavěného“ se nahrazuje slovem „zastavitelného“.,0
PRVNÍ,I,283/2021,288,zneni_plny,120,V § 120 odstavec 3 zní: „(3) Vymezení zastavitelného území opatří pořizovatel záznamem o účinnosti.“.,74
PRVNÍ,I,283/2021,289,nahrazeni,121,V § 121 odst. 2 větě druhé se slovo „zastavěných“ nahrazuje slovem „zastavitelných“.,0
PRVNÍ,I,283/2021,290,zneni_plny,,"V části třetí hlavě III dílu 5 se označení oddílu 3 včetně nadpisu nahrazuje označením dílu 6, které včetně nadpisu zní: „Díl 6 Nezastavitelné území“. Dosavadní díly 6 a 7 se označují jako díly 7 a 8.",27
PRVNÍ,I,283/2021,291,nahrazeni,122,V § 122 odst. 1 úvodní části ustanovení a § 122 odst. 3 se slovo „nezastavěném“ nahrazuje slovem „nezastavitelném“.,0
PRVNÍ,I,283/2021,292,vlozeni,122,V § 122 odst. 1 úvodní části ustanovení se slova „v souladu s jeho charakterem“ zrušují a za slovo „povolovat“ se vkládá slovo „pouze“.,0
PRVNÍ,I,283/2021,293,vlozeni,122,"V § 122 odst. 1 písm. g) se za slovo „pro“ vkládá slovo „sport,“.",0
PRVNÍ,I,283/2021,294,zneni_plny,122;1,"V § 122 se doplňuje odstavec 4, který včetně poznámky pod čarou č. 81 zní: „(4) V nezastavitelném území lze povolovat stavby pro energetickou bezpečnost81) podle zákona o urychlení výstavby strategicky významné infrastruktury. Stavba pro energetickou bezpečnost se považuje za souladnou s charakterem území. _______________ 81) § 1 odst. 5 zákona č. 416/2009 Sb., o urychlení výstavby strategicky výz",351
PRVNÍ,I,283/2021,295,nahrazeni,123,V § 123 odst. 3 se slova „6 let“ nahrazují slovy „4 roky“.,0
PRVNÍ,I,283/2021,296,vlozeni,123,V § 123 odst. 5 větě druhé se slova „veřejně prospěšné“ zrušují a za slovo „rozvoje“ se vkládají slova „nebo realizaci stavby pro energetickou bezpečnost“.,0
PRVNÍ,I,283/2021,297,vlozeni,125;128,"V § 125 se na začátek odstavce 3 vkládá věta „Územní opatření o asanaci území může nabýt účinnosti dnem následujícím po vyvěšení veřejné vyhlášky, určí-li tak vláda, rada kraje nebo rada obce.“. 298. Na konci nadpisu § 128 se doplňují slova „a zrušení“.",0
PRVNÍ,I,283/2021,299,vlozeni,128,"V § 128 odst. 2 větě první se slovo „vložení“ nahrazuje slovem „vydání“, za slovo „opatření“ se vkládají slova „jeho vložením“ a slovo „vydání“ se nahrazuje slovem „schválení“ a ve větě druhé se slovo „Územní“ nahrazuje slovy „Informaci o vydání územního“.",0
PRVNÍ,I,283/2021,300,zneni_plny,128,V § 128 odstavec 3 zní: „(3) Územní opatření opatří pořizovatel záznamem o účinnosti.“.,60
PRVNÍ,I,283/2021,301,nahrazeni,128,V § 128 odst. 4 větě první se slovo „ministerstvu“ nahrazuje slovem „Úřadu“.,0
PRVNÍ,I,283/2021,302,nahrazeni,128,V § 128 odst. 5 se slova „Ministerstvo a krajský úřad“ nahrazují slovem „Úřad“.,0
PRVNÍ,I,283/2021,303,zruseni,128,"V § 128 se doplňuje odstavec 6, který zní: „(6) Orgán, který územní opatření schválil, je může bez řízení zrušit, pominuly-li jeho důvody; to neplatí v případě územního opatření o podmínkách a zmírňujících opatření podle zákona o urychlení využívání obnovitelných zdrojů energie. Zrušení nabývá účinnosti dnem zveřejnění informace o jeho zrušení v národním geoportálu územního plánování.“.",0
PRVNÍ,I,283/2021,304,vlozeni,130,"V § 130 odst. 1 se za slovo „infrastruktury,“ vkládají slova „organizací podle horního zákona, případně i dalšími osobami,“.",0
PRVNÍ,I,283/2021,305,zneni_plny,130,"V § 130 odstavec 3 zní: „(3) Obec, městská část hlavního města Prahy nebo kraj zveřejní uzavřenou plánovací smlouvu a její změnu či zánik v národním geoportálu územního plánování nebo v něm oznámí její zveřejnění s uvedením adresy jejího uveřejnění v registru smluv.“.",243
PRVNÍ,I,283/2021,306,zneni_plny,130,"V § 130 se doplňuje odstavec 4, který zní: „(4) Plánovací smlouva není důvodem pro vyloučení z projednávání a rozhodování věci podle správního řádu.“.",105
PRVNÍ,I,283/2021,307,vlozeni_plny,131;137,"V § 131 odst. 2 se za písmeno b) vkládá nové písmeno c), které zní: „c) zajistí společné řešení požadavků na výstavbu potřebných k uskutečnění záměru podle § 137 odst. 7,“. Dosavadní písmena c) a d) se označují jako písmena d) a e).",102
PRVNÍ,I,283/2021,308,zneni_plny,131;137,"V § 131 se na konci odstavce 3 tečka nahrazuje čárkou a doplňují se písmena f) až h), která znějí: „f) poskytnutí příspěvku na společné řešení požadavků na výstavbu potřebných k uskutečnění záměru podle § 137 odst. 7, g) poskytnutí peněžního nebo věcného plnění jako podílu na ekonomické aktivitě daného dokončeného záměru, h) zpracování nebo převzetí nákladů na zpracování návrhu územně plánovací do",347
PRVNÍ,I,283/2021,309,doplneni,132,"V § 132 se na konci odstavce 1 doplňují věty „Zastupitelstvo může přenést pravomoc schvalovat plánovací smlouvu na radu, není-li obsahem plánovací smlouvy takové ujednání, které je ze zákona vyhrazeno zastupitelstvu. O plánovací smlouvě a záměru, který je jejím předmětem, lze konat místní referendum pouze před uzavřením plánovací smlouvy.“.",0
PRVNÍ,I,283/2021,310,vlozeni,132,V § 132 odst. 2 větě první se za slovo „obcí“ vkládají slova „nebo městskou částí hlavního města Prahy“ a slova „krajský úřad“ se nahrazují slovy „úřad rozvoje území kraje“ a věta druhá se zrušuje.,0
PRVNÍ,I,283/2021,311,nahrazeni,132,V § 132 odst. 3 se slova „příslušné ministerstvo“ nahrazují slovy „příslušný Úřad“.,0
PRVNÍ,I,283/2021,312,zneni_plny,132,"V § 132 se doplňuje odstavec 4, který zní: „(4) Pokud obec, městská část hlavního města Prahy nebo kraj neuzavřou se stavebníkem v přiměřené době plánovací smlouvu, která je podmínkou pro povolení jeho záměru, i přesto, že stavebník jim předložil návrh na uzavření plánovací smlouvy splňující podmínky územního nebo regulačního plánu a plnění uvedená v návrhu plánovací smlouvy jsou přiměřená okolnos",499
PRVNÍ,I,283/2021,313,zruseni,133,"V § 133 odst. 1 se slova „ , který slouží k zajištění dluhu“ zrušují.",0
PRVNÍ,I,283/2021,314,nahrazeni,133,V § 133 odst. 3 větě první se číslo „5“ nahrazuje číslem „6“.,0
PRVNÍ,I,283/2021,315,nahrazeni,135,V § 135 odst. 2 větě první se slova „v plné výši“ nahrazují slovy „ve výši odpovídající snížení škody“.,0
PRVNÍ,I,283/2021,316,zruseni,,V části třetí se hlava IV včetně nadpisu zrušuje.,0
PRVNÍ,I,283/2021,317,doplneni,137,"V § 137 se na konci odstavce 2 doplňují věty „Požadavky na výstavbu se používají s ohledem na jejich technickou, funkční a ekonomickou proveditelnost tak, aby jejich výklad a povinnost jejich použití nebyly zjevně nepřiměřené přínosům, které tyto požadavky sledují. Pokud je použití požadavků na výstavbu vyloučeno nebo omezeno v důsledku jiných právních předpisů, jiných požadavků na výstavbu nebo ú",0
PRVNÍ,I,283/2021,318,doplneni,137;167,"V § 137 se na konci odstavce 3 doplňuje věta „Lze-li požadavky na výstavbu nebo požadavky na stavby podle § 167 splnit více způsoby, náleží jejich volba stavebníkovi nebo vlastníkovi stavby.“.",0
PRVNÍ,I,283/2021,319,zneni_plny,137;145,"V § 137 odstavec 4 zní: „(4) Požadavky na výstavbu, zejména požadavky na parkování, odstupy, denní osvětlení, zastínění, izolační vlastnosti, úsporu energie, přístupnost, schodiště, výtahy, plochy, výšky, šířky a další požadavky podle § 145 odst. 1 písm. c) až g), se v rozsahu, v jakém to závažné územně technické nebo stavebně technické důvody nebo jiný veřejný zájem vylučují, nebo pokud by jejich",720
PRVNÍ,I,283/2021,320,zneni_plny,137;145,"V § 137 se doplňují odstavce 5 až 8, které znějí: „(5) Nelze-li u staveb uvedených v odstavci 4 ze závažného stavebně technického důvodu, nepřiměřených ekonomických nákladů nebo ochrany jiného převažujícího veřejného zájmu splnit požadavky na výstavbu podle § 145 odst. 1 písm. a) a b), tyto požadavky se nepoužijí, je-li v projektové dokumentaci zpracované autorizovanou osobou doloženo, že navržené",1572
PRVNÍ,I,283/2021,321,zruseni,138,"V § 138 odst. 1 větě první se slova „z těch ustanovení prováděcího právního předpisu, ze kterých tento předpis povolení výjimky výslovně umožňuje, a jen“ zrušují.",0
PRVNÍ,I,283/2021,322,zruseni,138,"V § 138 odst. 2 se slova „ , který obsahuje prvky regulačního plánu,“ zrušují.",0
PRVNÍ,I,283/2021,323,nahrazeni,139,V § 139 odst. 2 větě první se slovo „zastavěném“ nahrazuje slovem „zastavitelném“.,0
PRVNÍ,I,283/2021,324,zruseni,140,V § 140 odst. 2 se slovo „vždy“ zrušuje a na konci textu odstavce se doplňují slova „nebo k němu byl zajištěn přístup prostřednictvím věcného práva“.,0
PRVNÍ,I,283/2021,325,zruseni,140,V § 140 odst. 3 úvodní části ustanovení se slovo „vždy“ zrušuje.,0
PRVNÍ,I,283/2021,326,zneni_plny,140,"V § 140 se na konci odstavce 3 tečka nahrazuje čárkou a doplňuje se písmeno d), které zní: „d) uplatnění základních ekosystémových funkcí prostřednictvím ploch nebo prvků zelené infrastruktury.“.",102
PRVNÍ,I,283/2021,327,zruseni,140,V § 140 odst. 4 se slova „zastavěného stavebního“ zrušují.,0
PRVNÍ,I,283/2021,328,vlozeni,141,"V § 141 odst. 2 se za slovo „též“ vkládají slova „cyklisty a jinou“ a na konci odstavce se doplňuje věta „Stavby a zařízení ve veřejném prostranství se přednostně sdružují, pokud tomu nebrání technické, funkční či ekonomické důvody.“.",0
PRVNÍ,I,283/2021,329,doplneni,141,"V § 141 se na konci textu odstavce 3 doplňují slova „ , pokud to místní podmínky nevylučují“.",0
PRVNÍ,I,283/2021,330,zneni_plny,141,"V § 141 se doplňují odstavce 4 až 6, které znějí: „(4) Podél vodních toků a významných vodních ploch v zastavitelném území, kde je to technicky, funkčně a ekonomicky proveditelné, se preferují veřejně přístupná nábřeží, parkově upravené plochy nebo jiná veřejná prostranství. Stávající prostupnost pro pohyb chodců a cyklistů podél vodních toků a okolo významných vodních ploch musí být zachována. (5",691
PRVNÍ,I,283/2021,331,zneni_plny,142;39,"V § 142 se doplňuje odstavec 4, který včetně poznámky pod čarou č. 82 zní: „(4) Ulice v územích se zvýšenými nároky na pobytovou kvalitu veřejných prostranství se přednostně vymezují tak, aby umožňovaly využití sdílené, cyklistické, obytné nebo pěší zóny82). ___________ 82) § 39, 39a a 39b zákona č. 361/2000 Sb., o provozu na pozemních komunikacích a o změnách některých zákonů (zákon o silničním p",368
PRVNÍ,I,283/2021,332,doplneni,143,V § 143 se na konci textu odstavce 2 doplňují slova „vozidel a jízdních kol“.,0
PRVNÍ,I,283/2021,333,vlozeni,143,"V § 143 odst. 4 se za slovo „stavby“ vkládají slova „pro parkování,“.",0
PRVNÍ,I,283/2021,334,zneni_plny,144,"V § 144 se doplňuje odstavec 3, který zní: „(3) Požadavky na odstupy staveb se neuplatní u spojité zástavby nebo v rámci jedné stavby, souboru staveb či společně řešeného celku.“.",134
PRVNÍ,I,283/2021,335,zneni_plny,144a,Nadpis § 144a zní: „Fotovoltaické výrobny elektřiny a stavební úpravy pro instalaci využívající obnovitelný zdroj energie“.,102
PRVNÍ,I,283/2021,336,zneni_plny,144a,V § 144a odst. 1 písmena a) a b) znějí: „a) v zastavitelných plochách hlavním využitím určeným pro výrobu nebo skladování a b) pod stavbou je zachována vegetační plocha a jsou zajištěny podmínky pro její základní ekosystémové funkce.“.,194
PRVNÍ,I,283/2021,337,vlozeni,144a,V § 144a odst. 2 se za slovo „to“ vkládají slova „z důvodu jiného převažujícího veřejného zájmu“.,0
PRVNÍ,I,283/2021,338,zneni_plny,144a,"V § 144a se doplňuje odstavec 3, který zní: „(3) Má se za to, že stavební úprava pro instalaci využívající obnovitelný zdroj energie není v rozporu s charakterem území ani se zájmy státní památkové péče; možnost stanovení podmínek pro její vhodné umístění nebo vzhled tím není dotčena. Domněnka podle věty první se nepoužije pro nemovité kulturní památky a nemovité národní kulturní památky.“.",349
PRVNÍ,I,283/2021,339,vlozeni_plny,144a;144b,"Za § 144a se vkládají nové § 144b až 144d, které včetně nadpisů znějí: „§ 144b Stavby pro reklamu a reklamní zařízení (1) Stavbou pro reklamu a reklamním zařízením nesmí být narušen urbanistický, architektonický nebo pietní charakter území. (2) Při umisťování staveb pro reklamu a reklamních zařízení v území musí být zajištěn jejich vzájemný soulad z hlediska jejich stavebně technického řešení. (3)",1801
PRVNÍ,I,283/2021,340,zruseni,148,V § 148 odst. 2 úvodní části ustanovení se slovo „nezpůsobila“ zrušuje.,0
PRVNÍ,I,283/2021,341,vlozeni,148,V § 148 odst. 2 se na začátek písmene a) vkládá slovo „nezpůsobila“.,0
PRVNÍ,I,283/2021,342,vlozeni_plny,148,"V § 148 odst. 2 se za písmeno a) vkládá nové písmeno b), které zní: „b) předcházela, zmírňovala nebo kompenzovala poškozování nebo úhynu zvláště chráněných rostlin a rušení, ničení, zraňování nebo usmrcení či úhynu zvláště chráněných živočichů nebo poškozování a ničení jejich biotopu nebo jejich místní populace a jejího genofondu a“. Dosavadní písmeno b) se označuje jako písmeno c).",267
PRVNÍ,I,283/2021,343,nahrazeni,148,V § 148 odst. 2 písm. c) se slovo „zhoršení“ nahrazuje slovy „nevedla ke znemožnění“.,0
PRVNÍ,I,283/2021,344,zneni_plny,148,"V § 148 se doplňuje odstavec 3, který zní: „(3) Nelze-li zajistit splnění hygienických limitů hluku a vibrací, nebo je-li jejich splnění technicky, funkčně či ekonomicky zjevně nepřiměřené, považují se tyto limity za splněné, pokud se omezí na rozumně dosažitelnou míru nebo pokud imise záměru odpovídají běžnému stávajícímu využití okolního území. Rozumně dosažitelnou mírou se rozumí poměr mezi nák",678
PRVNÍ,I,283/2021,345,nahrazeni,149,V § 149 písm. b) se slova „s omezenou schopností pohybu nebo orientace“ nahrazují slovy „se zdravotním postižením“.,0
PRVNÍ,I,283/2021,346,nahrazeni,150,"V § 150 větě první se slova „a na“ nahrazují čárkou a na konci textu věty první se doplňují slova „a technickou, funkční a ekonomickou proveditelnost“.",0
PRVNÍ,I,283/2021,347,doplneni,152;152a,"V § 152 se na konci textu odstavce 1 doplňují slova „a technická zařízení staveb“ a na konci odstavce se doplňuje věta „Prováděcí právní předpis může odkázat pouze na technické normy, které byly určeny postupem podle § 152a.“.",0
PRVNÍ,I,283/2021,348,doplneni,152,"V § 152 se na konci odstavce 4 doplňuje věta „Má-li prováděcí právní předpis územního samosprávného celku obsahovat požadavky na vymezování pozemků a umisťování staveb technické infrastruktury, projedná územní samosprávný celek jeho návrh s dotčenými vlastníky technické infrastruktury, kteří jsou subjekty kritické infrastruktury.“.",0
PRVNÍ,I,283/2021,349,vlozeni_plny,152;152a,"Za § 152 se vkládá nový § 152a, který včetně nadpisu zní: „§ 152a Určené technické normy ve stavebnictví (1) Prováděcí právní předpis může odkázat na podrobnější vymezení požadavků na stavby, zejména mezní hodnoty, návrhové metody, národně stanovené parametry, technické vlastnosti stavebních konstrukcí a technických zařízení, obsažené v českých technických normách nebo jejich částech, které byly u",1495
PRVNÍ,I,283/2021,350,nahrazeni,154,V § 154 odst. 3 větě druhé se slovo „ministerstvo“ nahrazuje slovem „Úřad“.,0
PRVNÍ,I,283/2021,351,vlozeni,156,V § 156 odst. 2 se za slova „stavebního směru“ vkládají slova „pro pozemní stavby“ a slova „3 roky“ se nahrazují slovy „5 let“.,0
PRVNÍ,I,283/2021,352,vlozeni,156,V § 156 odst. 3 se za slovo „Projektantovi“ vkládají slova „a osobě podle odstavce 2“ a slova „neveřejné části“ se zrušují.,0
PRVNÍ,I,283/2021,353,nahrazeni,157,"V § 157 odst. 1 písm. a) se slova „ , zařízení nebo udržovacích prací (dále jen „dokumentace pro povolení stavby“)“ nahrazují slovy „nebo zařízení“.",0
PRVNÍ,I,283/2021,354,vlozeni,157,"V § 157 odst. 1 písm. d) se za slova „provádění stavby,“ vkládají slova „jednoduchých staveb bytových domů uvedených v odstavci 1 písm. b) přílohy č. 2 k tomuto zákonu,“.",0
PRVNÍ,I,283/2021,355,zruseni,157,"V § 157 odst. 1 písm. d) a e) se slova „jednoduchých staveb pro bydlení a rodinnou rekreaci,“ zrušují.",0
PRVNÍ,I,283/2021,356,vlozeni,157,"V § 157 odst. 1 písm. e) se za slova „odstranění stavby,“ vkládají slova „jednoduchých staveb bytových domů uvedených v odstavci 1 písm. b) přílohy č. 2 k tomuto zákonu,“.",0
PRVNÍ,I,283/2021,357,doplneni,157;156,V § 157 odst. 2 se na konci textu písmene a) doplňují slova „nebo zařízení podle § 156 odst. 2 a § 157 odst. 1 písm. a) (dále jen „dokumentace pro povolení stavby“)“.,0
PRVNÍ,I,283/2021,358,nahrazeni,158;137;138,"V § 158 odst. 1 větě první se slovo „a“ nahrazuje čárkou a na konci textu věty se doplňují slova „a odůvodnění řešení, které využívá možnost odchylného použití požadavků na výstavbu podle § 137 odst. 4 až 8 nebo které navrhuje udělit výjimku podle § 138 odst. 1“ a ve větě poslední se slova „záměru stanovená“ nahrazují slovy „stavby stanovená“.",0
PRVNÍ,I,283/2021,359,nahrazeni,158,"V § 158 odst. 5 se slova „projektové dokumentace, dokumentace, která nemusí být zpracována projektantem,“ nahrazují slovy „dokumentace pro povolení záměru, dokumentace pro provádění stavby, dokumentace pro odstranění stavby a“ a slova „a obsahové náležitosti průzkumů“ se zrušují.",0
PRVNÍ,I,283/2021,360,nahrazeni,159,"V § 159 odst. 2 písm. a) se slova „uvedených v odstavci 1 písm. a) bodu 11, 12 a 25 a v odstavci 1 písm. f) této přílohy“ nahrazují slovy „využívajících obnovitelné zdroje energie“.",0
PRVNÍ,I,283/2021,361,nahrazeni,159,"V § 159 odst. 2 písm. b) se slova „uvedených v odstavci 1 písm. m), r) a s) této přílohy“ nahrazují slovy „využívajících obnovitelné zdroje energie a staveb vodních děl“.",0
PRVNÍ,I,283/2021,362,vlozeni,159,"V § 159 odst. 2 písm. b) a § 159 odst. 3 se za slova „s výjimkou“ vkládají slova „staveb uvedených v odstavci 1 písm. b) přílohy č. 2 k tomuto zákonu,“.",0
PRVNÍ,I,283/2021,363,zruseni,159,"V § 159 odst. 2 závěrečné části ustanovení větě poslední se slova „nebo změnu stavby, která je kulturní památkou“ zrušují.",0
PRVNÍ,I,283/2021,364,vlozeni,159,"V § 159 odst. 3 větě první se za slovo „drobné“ vkládají slova „a jednoduché“, slovo „drobných“ se zrušuje a slova „uvedených v odstavci 1 písm. a) bodu 11, 12 a 25 a v odstavci 1 písm. f) přílohy č. 1 k tomuto zákonu, a jednoduché stavby uvedené v příloze č. 2 k tomuto zákonu, s výjimkou jednoduchých staveb uvedených v odstavci 1 písm. m), r) a s) této přílohy“ se nahrazují slovy „využívajících o",0
PRVNÍ,I,283/2021,365,vlozeni,160,"V § 160 odst. 2 písm. a) se za slova „pro provádění“ vkládají slova „jednoduché stavby bytového domu uvedeného v odstavci 1 písm. b) přílohy č. 2 k tomuto zákonu,“.",0
PRVNÍ,I,283/2021,366,zruseni,160,"V § 160 odst. 2 písm. a) se slova „jednoduché stavby pro bydlení a rodinnou rekreaci,“ zrušují a na konci textu písmene se doplňují slova „v rozsahu nezbytném pro průběh výstavby“.",0
PRVNÍ,I,283/2021,367,doplneni,160,"V § 160 odst. 2 se na konci textu písmene b) doplňují slova „nebo ke každé změně dokumentace pro provádění stavby vypracované podle písmene a), která má vliv na požární bezpečnost stavby“.",0
PRVNÍ,I,283/2021,368,vlozeni,161,V § 161 odst. 1 se za číslo „167“ vkládá text „odst. 1“.,0
PRVNÍ,I,283/2021,369,zruseni,161,V § 161 odst. 3 se slovo „vždy“ zrušuje.,0
PRVNÍ,I,283/2021,370,vlozeni,162,"V § 162 se na začátek odstavce 4 vkládá věta „Projektant odpovídá za soulad jím zpracované projektové dokumentace, územně plánovací dokumentace a územní studie s právními předpisy.“.",0
PRVNÍ,I,283/2021,371,nahrazeni,163;164;165,"V § 163 odst. 1 písm. b), § 163 odst. 2 písm. a), § 164 odst. 1 písm. b) a § 165 odst. 2 písm. a) se slovo „záměru“ nahrazuje slovem „stavby“.",0
PRVNÍ,I,283/2021,372,nahrazeni,165,V § 165 odst. 1 se slova „3 roky“ nahrazují slovy „5 let“.,0
PRVNÍ,I,283/2021,373,vlozeni,166,V § 166 odst. 5 se za slovo „předmětem“ vkládá slovo „nadlimitní“ a slova „v nadlimitním režimu“ se nahrazují slovy „na stavební práce“.,0
PRVNÍ,I,283/2021,374,nahrazeni,167,"V § 167 písm. d) se slova „projektovou dokumentaci“ nahrazují slovy „dokumentaci pro povolení stavby“ a slova „stavby, došlo-li k odchylce od dokumentace pro povolení stavby, popřípadě dokumentaci skutečného provedení stavby, včetně její geodetické části“ se nahrazují slovy „pro povolení stavby s vyznačením odchylek“.",0
PRVNÍ,I,283/2021,375,vlozeni,167,V § 167 písm. g) úvodní části ustanovení a § 167 písm. h) úvodní části ustanovení se za slovo „technicky“ vkládají slova „a ekonomicky“.,0
PRVNÍ,I,283/2021,376,zneni_plny,167,"V § 167 se dosavadní text označuje jako odstavec 1 a doplňuje se odstavec 2, který zní: „(2) Pro účely zajištění dobíjecí infrastruktury pro elektrická vozidla a výpočtu povinného množství dobíjecích bodů se jeden stejnosměrný dobíjecí bod s výkonem 50 až 150 kW považuje za deset běžných dobíjecích bodů a jeden ultrarychlý stejnosměrný dobíjecí bod s výkonem nad 150 kW za dvacet běžných dobíjecích",320
PRVNÍ,I,283/2021,377,vlozeni,170,V § 170 odst. 1 úvodní části ustanovení se za slovo „omezit“ vkládají slova „pouze tehdy“.,0
PRVNÍ,I,283/2021,378,doplneni,170;11,V § 170 odst. 1 se na konci textu písmene a) doplňují slova „podle § 11 odst. 1“.,0
PRVNÍ,I,283/2021,379,doplneni,170;11,V § 170 odst. 1 se na konci textu písmene b) doplňují slova „podle § 11 odst. 2“.,0
PRVNÍ,I,283/2021,380,vlozeni,170,V § 170 odst. 2 se za slova „přístup k pozemku nebo stavbě“ vkládají slova „nebo připojení na dopravní a technickou infrastrukturu“.,0
PRVNÍ,I,283/2021,381,zneni_plny,171;2,"V § 171 se dosavadní text označuje jako odstavec 1 a doplňuje se odstavec 2, který zní: „(2) Při postupech podle této části se znovu neposuzují veřejné zájmy v rozsahu, ve kterém již byly nebo podle § 2 odst. 1 měly být posouzeny při vydání územně plánovací dokumentace.“.",183
PRVNÍ,I,283/2021,382,doplneni,172,"V § 172 se na konci odstavce 1 doplňuje věta „Je-li součástí podání dokumentace pro povolení záměru nebo jde-li o podání osoby, která má zpřístupněnu datovou schránku bez žádosti, lze podání včetně jeho příloh učinit jen jako digitální úkon; to neplatí pro stavby v areálu jaderného zařízení a v případě podání směřujícímu vůči jinému stavebnímu úřadu.“.",0
PRVNÍ,I,283/2021,383,zruseni,172,V § 172 odst. 2 větě první se slova „elektronicky prostřednictvím portálu stavebníka nebo v listinné podobě“ zrušují.,0
PRVNÍ,I,283/2021,384,zruseni,172,V § 172 se odstavec 4 zrušuje.,0
PRVNÍ,I,283/2021,385,zruseni,173,V § 173 se odstavec 3 zrušuje.,0
PRVNÍ,I,283/2021,386,zneni_plny,,V části šesté hlavě II nadpis dílu 1 zní: „Konzultace a předběžné informace“.,32
PRVNÍ,I,283/2021,387,vlozeni_plny,174,"V § 174 se vkládá nový odstavec 1, který zní: „(1) Stavební úřady, dotčené orgány, pořizovatelé, obce a kraje poskytují stavebníkům a dalším žadatelům neformální konzultace v oblasti jejich působnosti, zejména o procesních postupech a uplatňování jejich požadavků podle tohoto zákona a dalších právních předpisů souvisejících s výstavbou.“. Dosavadní odstavce 1 až 3 se označují jako odstavce 2 až 4.",294
PRVNÍ,I,283/2021,388,doplneni,174,V § 174 odst. 2 se na konci textu písmene a) doplňují slova „a o souladu záměru s územně plánovací dokumentací“.,0
PRVNÍ,I,283/2021,389,doplneni,174,V § 174 odst. 2 se na konci textu písmene b) doplňují slova „nebo rekolaudace“.,0
PRVNÍ,I,283/2021,390,zruseni,174,V § 174 odst. 2. písm. c) se slova „o vydání rozhodnutí o povolení záměru“ zrušují.,0
PRVNÍ,I,283/2021,391,vlozeni,174,V § 174 odst. 2 písm. d) se za slovo „o“ vkládají slova „účastnících a“.,0
PRVNÍ,I,283/2021,392,zneni_plny,174;137;138;224,"V § 174 se na konci odstavce 2 tečka nahrazuje slovy „ , nejde-li o řízení s velkým počtem účastníků,“ a doplňují se písmena e) a f), která znějí: „e) o výkladu a použití nebo nepoužití požadavků na výstavbu podle § 137 nebo o možnosti udělení výjimek podle § 138 odst. 1, f) o posuzování podstatných a nepodstatných změn stavby před jejím dokončením podle § 224.“.",219
PRVNÍ,I,283/2021,393,zneni_plny,174,"V § 174 se na konci odstavce 3 tečka nahrazuje čárkou a doplňuje se písmeno c), které zní: „c) o rozsahu nezbytné dokumentace a podkladů pro vydání vyjádření nebo závazného stanoviska dotčeného orgánu.“.",110
PRVNÍ,I,283/2021,394,vlozeni_plny,174;137,"V § 174 se za odstavec 3 vkládají nové odstavce 4 a 5, které znějí: „(4) Obec a kraj poskytnou tomu, kdo požádá, v rámci své působnosti do 30 dnů od požádání předběžnou informaci o svém stanovisku k záměru, případně o požadavcích, po jejichž splnění vydá obec či kraj se záměrem souhlas, případně o možnostech společného řešení požadavků na výstavbu podle § 137 odst. 7. (5) Pořizovatel poskytne tomu",490
PRVNÍ,I,283/2021,395,zneni_plny,174;3,"V § 174 se doplňuje odstavec 7, který zní: „(7) Od předběžné informace nebo její části se lze odchýlit pouze v rozsahu nově zjištěných skutečností nebo na základě změny okolností nebo právních předpisů, anebo pokud je předběžná informace v rozporu s právními předpisy nebo je nesprávná. Ustanovení § 3 platí obdobně.“.",275
PRVNÍ,I,283/2021,396,vlozeni_plny,175;1a,"V § 175 se vkládá nový odstavec 1, který zní: „(1) Vyjádření k záměru vydává dotčený orgán, pouze pokud tak stanoví zákon. Dbá přitom § 1a, 2 a 3.“. Dosavadní odstavce 1 a 2 se označují jako odstavce 2 a 3.",100
PRVNÍ,I,283/2021,397,zneni_plny,176;1a,"§ 176 včetně nadpisu zní: „§ 176 Závazné stanovisko (1) Závazné stanovisko k záměru vydává dotčený orgán, pouze pokud tak stanoví zákon. Dbá přitom § 1a, 2 a 3. (2) Je-li to nezbytné pro ochranu jím chráněných veřejných zájmů, dotčený orgán uvede v závazném stanovisku též podmínky přípustnosti záměru. Dotčený orgán je povinen dbát, aby podmínky byly ve vzájemném souladu.“.",352
PRVNÍ,I,283/2021,398,vlozeni,177,V § 177 odst. 1 se za slovo „dokumentaci“ vkládají slova „pro povolení záměru v rozsahu nezbytném pro vydání vyjádření nebo závazného stanoviska“.,0
PRVNÍ,I,283/2021,399,doplneni,178,"V § 178 se na konci odstavce 1 doplňují věty „V případě zrušení vyjádření nebo závazného stanoviska dotčený orgán vydá nové vyjádření nebo závazné stanovisko do 30 dnů ode dne, kdy mu bylo doručeno rozhodnutí o jeho zrušení. Nevydá-li dotčený orgán vyjádření nebo závazné stanovisko ve lhůtě pro jeho vydání, považuje se za souhlasné a bez podmínek.“.",0
PRVNÍ,I,283/2021,400,zruseni,178;149,"V § 178 odstavce 2 a 3 znějí: „(2) Při přezkumu závazného stanoviska podle § 149 odst. 7 správního řádu nadřízený dotčený orgán závazné stanovisko potvrdí nebo změní do 30 dnů ode dne vyžádání jeho potvrzení nebo změny; zrušit jej může pouze v případě, že nemělo být vůbec vydáno. Nevydá- li nadřízený dotčený orgán závazné stanovisko ve lhůtě pro jeho vydání a přezkoumává-li souhlasné závazné stano",0
PRVNÍ,I,283/2021,401,nahrazeni,178,V § 178 odst. 4 úvodní části ustanovení se číslo „3“ nahrazuje slovy „1 věty třetí“.,0
PRVNÍ,I,283/2021,402,nahrazeni,178,V § 178 odst. 4 písm. b) se slova „jednotné environmentální stanovisko vydané podle zákona o jednotném environmentálním stanovisku namísto závazného stanoviska k posouzení vlivů provedení záměru na životní prostředí podle zákona o posuzování vlivů na životní prostředí nebo správního úkonu orgánu ochrany přírody“ nahrazují slovy „závazné stanovisko“.,0
PRVNÍ,I,283/2021,403,nahrazeni,179,"V § 179 odst. 1 se číslo „3“ nahrazuje číslem „1“, slovo „se“ se zrušuje a slovo „ruší“ se nahrazuje slovem „změní“.",0
PRVNÍ,I,283/2021,404,zruseni,179,V § 179 odst. 2 se slova „6 měsíců ode dne“ zrušují.,0
PRVNÍ,I,283/2021,405,zruseni,179a,"§ 179a včetně nadpisu zní: „§ 179a Přezkum vyjádření a závazného stanoviska v přezkumném řízení Vyjádření a závazné stanovisko nelze v přezkumném řízení zrušit nebo změnit po právní moci rozhodnutí, jehož bylo vyjádření nebo závazné stanovisko podkladem.“.",0
PRVNÍ,I,283/2021,406,zruseni,180,V § 180 odst. 3 se slovo „vždy“ zrušuje a na konci odstavce se doplňují slova „v rozsahu nezbytném pro vydání vyjádření“.,0
PRVNÍ,I,283/2021,407,zneni_plny,181,"V § 181 odstavec 1 zní: „(1) Vlastník veřejné dopravní nebo technické infrastruktury vydá vyjádření k záměru do 30 dnů ode dne doručení úplné žádosti. Pro stanovení podmínek záměru v případě energetické technické infrastruktury může její vlastník prodloužit lhůtu před jejím uplynutím o 15 dnů, je- li to nezbytné.“.",291
PRVNÍ,I,283/2021,408,nahrazeni,181,"V § 181 odst. 2 se slova „Má se za to, že žádost“ nahrazují slovem „Žádost“.",0
PRVNÍ,I,283/2021,409,zneni_plny,181,"V § 181 se doplňuje odstavec 5, který zní: „(5) Nevydá-li vlastník veřejné dopravní nebo technické infrastruktury vyjádření k záměru ve lhůtě pro jeho vydání, považuje se za souhlasné a bez podmínek.“.",156
PRVNÍ,I,283/2021,410,zneni_plny,182,"V § 182 se dosavadní text označuje jako odstavec 1 a doplňuje se odstavec 2, který zní: „(2) Zemřela-li osoba, která byla nebo by měla být účastníkem řízení, jemuž má být doručena písemnost jednotlivě, a stavebnímu úřadu se do 30 dnů ode dne, kdy zjistil, že zemřela, nepodaří zjistit osoby, které by se v důsledku její smrti staly účastníky řízení, ustanoví jim opatrovníka.“.",289
PRVNÍ,I,283/2021,411,nahrazeni,183,"V § 183 se věta první nahrazuje větou „Jsou-li účastníkem řízení vlastníci jednotek, je společenství vlastníků jednotek41) jejich zástupcem.“.",0
PRVNÍ,I,283/2021,412,vlozeni,184,"V § 184 odst. 2 písm. e) se za slovo „orgánu,“ vkládají slova „týká-li se záměr jím chráněných veřejných zájmů a“.",0
PRVNÍ,I,283/2021,413,doplneni,184,"V § 184 odst. 2 se na konci textu písmene f) doplňují slova „ , týká-li se záměr této infrastruktury“.",0
PRVNÍ,I,283/2021,414,vlozeni,184;137,V § 184 odst. 2 se na začátek písmene h) vkládají slova „odůvodnění odchylného použití požadavků na výstavbu podle § 137 odst. 4 až 8 nebo“.,0
PRVNÍ,I,283/2021,415,nahrazeni,184;9a,"V § 184 odst. 3 se slova „ověření změn záměru“ nahrazují slovy „posouzení vlivů provedení záměru na životní prostředí“, text „§ 9a odst. 6“ se zrušuje a na konci textu odstavce se doplňují slova „a pro vyhrazené stavby“.",0
PRVNÍ,I,283/2021,416,nahrazeni,184,V § 184 odst. 4 se text „odst. 3“ nahrazuje textem „odst. 1“.,0
PRVNÍ,I,283/2021,417,zneni_plny,184,"V § 184 se doplňuje odstavec 5, který zní: „(5) K žádosti lze připojit nebo doplnit návrh rozhodnutí o žádosti.“.",67
PRVNÍ,I,283/2021,418,zruseni,185,V § 185 odst. 2 se slova „a řízení usnesením přeruší“ zrušují.,0
PRVNÍ,I,283/2021,419,zneni_plny,185,"V § 185 odstavec 3 zní: „(3) Stavební úřad žádost neprojedná a usnesením ji odloží, není-li součástí žádosti dokumentace pro povolení záměru.“.",117
PRVNÍ,I,283/2021,420,vlozeni,185,V § 185 odst. 4 se za slovo „žádosti“ vkládají slova „a usnesení o zastavení řízení z důvodu neodstranění vad žádosti nebo nezaplacení správního poplatku“.,0
PRVNÍ,I,283/2021,421,zruseni,186,V § 186 odst. 2 větě druhé se slova „a postupuje podle ustanovení jiného právního předpisu“ zrušují.,0
PRVNÍ,I,283/2021,422,zneni_plny,187,"V § 187 se na konci odstavce 1 doplňuje věta „V případě zákonné služebnosti, která není předmětem evidence v katastru nemovitostí, doloží stavebník naplnění podmínek pro její vznik čestným prohlášením; obdobně se postupuje v případech, kdy má zákonné věcné břemeno podle jiného právního předpisu vzniknout na základě pravomocného rozhodnutí o povolení záměru83).“. Poznámka pod čarou č. 83 zní: „83)",363
PRVNÍ,I,283/2021,423,vlozeni,187,"V § 187 odst. 2 větě poslední se za slovo „záměru,“ vkládají slova „která se týká vlastníka,“.",0
PRVNÍ,I,283/2021,424,vlozeni,187,V § 187 odst. 3 úvodní části ustanovení větě první se za slovo „dokumentace“ vkládají slova „nebo k němu být připojen“.,0
PRVNÍ,I,283/2021,425,zruseni,187,V § 187 odst. 3 úvodní části ustanovení se věta druhá včetně písmen a) a b) zrušuje.,0
PRVNÍ,I,283/2021,426,doplneni,187;188,"V § 187 se na konci odstavce 5 doplňuje věta „Souhlas není potřeba i v případech, kdy vzniká zákonné věcné břemeno podle jiného právního předpisu80) na základě pravomocného rozhodnutí o povolení záměru.“. 427. Na konci nadpisu § 188 se doplňují slova „a doručování“.",0
PRVNÍ,I,283/2021,428,vlozeni,188,"V § 188 odst. 1 větě první se číslo „7“ nahrazuje číslem „10“, slovo „řízení,“ se nahrazuje slovy „řízení a“ a slova „a hlavního projektanta“ se nahrazují slovy „ , pokud jsou záměrem dotčeny jimi chráněné veřejné zájmy a pokud se již k záměru nevyjádřily,“ a ve větě druhé se za slovo „vyrozumění“ vkládají slova „vyzve k podání námitek ve lhůtě 10 dnů od doručení výzvy a“.",0
PRVNÍ,I,283/2021,429,vlozeni,188,V § 188 odst. 3 a v § 188 odst. 4 větě první se za číslo „182“ vkládá text „odst. 1“.,0
PRVNÍ,I,283/2021,430,zruseni,188,V § 188 odst. 4 se věta poslední zrušuje.,0
PRVNÍ,I,283/2021,431,zneni_plny,188,"V § 188 odstavec 5 zní: „(5) Při doručování do ciziny se písemnost doručuje na adresu uvedenou v katastru nemovitostí a za den doručení se považuje patnáctý den od předání písemnosti k poštovní přepravě, neprokáže-li se doručení dříve.“.",212
PRVNÍ,I,283/2021,432,nahrazeni,189,V § 189 odst. 1 větě první se číslo „15“ nahrazuje číslem „10“ a věta druhá se zrušuje.,0
PRVNÍ,I,283/2021,433,nahrazeni,189,V § 189 odst. 2 větě poslední se číslo „30“ nahrazuje číslem „15“.,0
PRVNÍ,I,283/2021,434,doplneni,190,"V § 190 odst. 1 se na konci textu věty první doplňují slova „ , jinak se k nim nepřihlíží“.",0
PRVNÍ,I,283/2021,435,vlozeni,190;193,"V § 190 odst. 2 větě poslední se za slovo „k“ vkládají slova „námitkám účastníka řízení, které směřují proti tomu, s čím účastník řízení souhlasil, k námitkám účastníka řízení, které přesahují působnost stavebního úřadu podle § 193, a k“.",0
PRVNÍ,I,283/2021,436,vlozeni,190,"V § 190 odst. 3 větě první se slovo „své“ nahrazuje slovy „územně plánovací dokumentace, kterou schválila, a ochrany dalších hodnot v její“, ve větě druhé a třetí se za číslo „182“ vkládá text „odst. 1“, ve větě druhé se slova „svých práv“ nahrazují slovy „svého vlastnického nebo jiného věcného práva“ a věta poslední se zrušuje.",0
PRVNÍ,I,283/2021,437,vlozeni_plny,190,"V § 190 se za odstavec 3 vkládá nový odstavec 4, který zní: „(4) Účastník řízení je povinen v námitce uvést důvody podání námitky a rozsah, v jakém jsou dotčeny jeho práva nebo zájmy, které jsou chráněny podle odstavce 3, jinak k ní stavební úřad nepřihlíží.“. Dosavadní odstavec 4 se označuje jako odstavec 5.",199
PRVNÍ,I,283/2021,438,zneni_plny,190,"V § 190 se doplňuje odstavec 6, který zní: „(6) Souhlas účastníka řízení se záměrem nelze vzít po podání žádosti o povolení záměru zpět ani jej změnit, nedojde-li k podstatné změně záměru.“.",145
PRVNÍ,I,283/2021,439,vlozeni_plny,190;190a,"Za § 190 se vkládá nový § 190a, který včetně nadpisu zní: „§ 190a Námitka podjatosti úřední osoby (1) Námitku podjatosti musí účastník řízení uplatnit do jednoho týdne ode dne, kdy se o podjatosti dozvěděl; zjistí-li důvod podjatosti při ústním jednání, musí ji uplatnit při tomto jednání. K později uplatněným námitkám se nepřihlíží. Námitka podjatosti musí být zdůvodněna a musí v ní být uvedeny ko",523
PRVNÍ,I,283/2021,440,vlozeni_plny,191;191a;141,"Za § 191 se vkládá nový § 191a, který včetně nadpisu zní: „§ 191a Smír (1) Na žádost stavebníka stavební úřad nařídí ústní jednání k projednání námitek a dosažení smíru. Obsahem smíru může být zejména změna žádosti, zpětvzetí námitek, poskytnutí finanční náhrady nebo provedení kompenzačních nebo zmírňujících opatření. Ustanovení § 141 odst. 8 správního řádu se použije obdobně. Je-li součástí schvá",609
PRVNÍ,I,283/2021,441,nahrazeni,193,V § 193 odst. 1 písm. b) se slovo „vydán“ nahrazuje slovy „pro dané území“ a na konci textu písmene se doplňují slova „nebo regulační plán“.,0
PRVNÍ,I,283/2021,442,doplneni,193;156,"V § 193 odst. 1 se na konci textu písmene c) doplňují slova „ , s výjimkou technických požadavků na stavby, za jejichž splnění v dokumentaci pro povolení záměru odpovídá projektant nebo osoba uvedená v § 156 odst. 2“.",0
PRVNÍ,I,283/2021,443,doplneni,193;1a;37,V § 193 odst. 1 se na konci textu závěrečné části ustanovení doplňují slova „podle zásad uvedených v § 1a. Soulad záměru s požadavky jiných právních předpisů chránících dotčené veřejné zájmy posoudí oprávněná úřední osoba splňující příslušné kvalifikační požadavky podle § 37 odst. 3“.,0
PRVNÍ,I,283/2021,444,vlozeni_plny,193;187,"V§ 193 se za odstavec 1 vkládá nový odstavec 2, který zní: „(2) Se souhlasem toho, kdo územně plánovací dokumentaci, územní opatření nebo vymezení zastavitelného území vydal, a se souhlasem vlastníka pozemku, pokud by se jinak vyžadoval podle § 187, se záměr může odchýlit od územně plánovací dokumentace, územního opatření nebo vymezení zastavitelného území, pokud nenaruší veřejné zájmy a nedotkne",913
PRVNÍ,I,283/2021,445,vlozeni,193,"V § 193 odst. 3 větě první se za slovo „předpisů“ vkládají slova „ , které není oprávněn posoudit sám,“ a za větu první se vkládá věta „Stavební úřad nepřihlíží k vyjádřením a závazným stanoviskům dotčených orgánů v částech, v nichž překračují jejich působnost, a ve věcech, o nichž bylo rozhodnuto již při vydání územně plánovací dokumentace.“.",0
PRVNÍ,I,283/2021,446,zneni_plny,193,"V § 193 se doplňují odstavce 4 až 6, které znějí: „(4) Při posuzování souladu záměru s požadavky vlastníků veřejné dopravní a technické infrastruktury, s výjimkou technické infrastruktury, s níž je příslušné hospodařit Ministerstvo obrany, Ministerstvo vnitra nebo Vězeňská služba České republiky, stavební úřad vychází z jimi vydaných vyjádření a z údajů uvedených v digitální technické mapě týkajíc",1177
PRVNÍ,I,283/2021,447,vlozeni_plny,193;194,"Za § 193 se vkládají nové § 194 a 194a, které včetně nadpisů znějí: „§ 194 Posuzování záměru v zastavitelném území (1) Má se za to, že stavební záměr umisťovaný v zastavitelném území nebo v koridoru pro stavební záměr v souladu s územně plánovací dokumentací a v souladu s požadavky na výstavbu je přípustný, a to i z hlediska jiných zákonů, jejichž požadavky byly zohledněny v územně plánovací dokum",2321
PRVNÍ,I,283/2021,448,zneni_plny,195;1b,"V § 195 se dosavadní text označuje jako odstavec 1 a doplňuje se nový odstavec 2, který zní: „(2) V rozhodnutí o záměru stavební úřad rozhodne též o ochraně veřejných zájmů podle § 1b. Vyžaduje-li ochrana veřejných zájmů podle § 1b stanovení podmínek rozhodnutí, je jejich stanovení součástí výroku rozhodnutí. V ostatních případech se ochrana veřejných zájmů podle § 1b projeví přímo v povolení, neb",386
PRVNÍ,I,283/2021,449,vlozeni_plny,195;195a,"Za § 195 se vkládají nové § 195a a 195b, které včetně nadpisů znějí: „§ 195a Přezkum rozhodnutí v přezkumném řízení (1) Usnesení o zahájení přezkumného řízení lze vydat do 1 měsíce ode dne, kdy se příslušný správní orgán o důvodu zahájení přezkumného řízení dozvěděl, nejpozději však do 3 měsíců od právní moci rozhodnutí ve věci. (2) Rozhodnutí v přezkumném řízení v prvním stupni nelze vydat po upl",809
PRVNÍ,I,283/2021,450,doplneni,196,"V § 196 odst. 1 se na konci textu písmene a) doplňují slova „a v případech, kdy je rozhodnutí prvním úkonem stavebního úřadu v řízení“.",0
PRVNÍ,I,283/2021,451,zruseni,196,V § 196 odst. 3 se slova „nebo 2“ zrušují.,0
PRVNÍ,I,283/2021,452,zruseni,197,"V § 197 odst. 1 písm. b) se slova „ , popřípadě stanoví podmínky pro dělení nebo scelování pozemků,“ zrušují.",0
PRVNÍ,I,283/2021,453,zruseni,197,V § 197 odst. 1 písm. c) se slovo „obecných“ zrušuje.,0
PRVNÍ,I,283/2021,454,zruseni,197,"V § 197 odst. 2 se slova „nebo záměru na nemovité věci, která není kulturní památkou, ale nachází se v památkové rezervaci nebo památkové zóně,“ zrušují.",0
PRVNÍ,I,283/2021,455,nahrazeni,197;193,"V § 197 odst. 3 větě první a druhé se slova „projektové dokumentace“ nahrazují slovy „dokumentace pro povolení stavby“ a věta poslední se nahrazuje větami „Toto oznámení potvrzuje soulad dokumentace pro povolení stavby s povolením a s podmínkami podle § 193 odst. 1, které posuzuje stavební úřad. V případě rozporu mezi povolením záměru a ověřenou dokumentací pro povolení stavby má přednost ověřená",0
PRVNÍ,I,283/2021,456,vlozeni,198,V § 198 odst. 1 větě první se za slovo „roky“ vkládají slova „a pro stavby dopravní a technické infrastruktury 4 roky“ a číslo „5“ se nahrazuje číslem „7“.,0
PRVNÍ,I,283/2021,457,nahrazeni,198,V § 198 odst. 2 se věta druhá nahrazuje větou „Upustit lze i od oddělitelné části záměru; v takovém případě pozbývá platnosti jen příslušná část povolení.“.,0
PRVNÍ,I,283/2021,458,vlozeni_plny,198,"V § 198 se za odstavec 2 vkládá nový odstavec 3, který zní: „(3) Jde-li o veřejně prospěšné stavby a vyhrazené stavby, včetně staveb souvisejících, povolení nepozbývá platnosti, bylo-li provádění stavby zahájeno v době jeho platnosti.“. Dosavadní odstavce 3 až 5 se označují jako odstavce 4 až 6.",174
PRVNÍ,I,283/2021,459,doplneni,198,V § 198 odst. 4 se na konci textu věty první doplňují slova „ ; u vyhrazených staveb nejdéle však vždy o dalších 5 let“.,0
PRVNÍ,I,283/2021,460,zruseni,200,V § 200 odst. 1 se věta druhá zrušuje.,0
PRVNÍ,I,283/2021,461,zruseni,200,V § 200 odst. 2 se věta druhá zrušuje.,0
PRVNÍ,I,283/2021,462,vlozeni_plny,200,"V § 200 se za odstavec 2 vkládá nový odstavec 3, který zní: „(3) Na žádost stavebníka nebo vlastníka stavby lze změnit povolení části nebo etapy záměru společně s povolením jiné části či etapy tohoto záměru. V takovém případě stavebník nebo vlastník stavby předloží dokumentaci pro povolení části nebo etapy záměru a popis změn jiné části či etapy záměru.“. Dosavadní odstavec 3 se označuje jako odst",297
PRVNÍ,I,283/2021,463,vlozeni_plny,200;200a,"Za § 200 se vkládá nový § 200a, který zní: „§ 200a Ustanovení tohoto dílu a dílu 6 a hlavy IV se použijí i pro řízení podle hlav IV až IX, nevylučuje-li to jejich povaha nebo není-li v hlavách IV až IX uvedeno jinak.“.",174
PRVNÍ,I,283/2021,464,zruseni,,V části šesté hlavě III se díl 2 včetně nadpisů zrušuje. Dosavadní díly 3 až 8 se označují jako díly 2 až 7.,0
PRVNÍ,I,283/2021,465,zruseni,211,V § 211 odst. 1 úvodní části ustanovení se slova „a 2“ zrušují.,0
PRVNÍ,I,283/2021,466,vlozeni,211,"V § 211 odst. 1 písm. e) se za slovo „provedení“ vkládají slova „ , a případně pro užívání“.",0
PRVNÍ,I,283/2021,467,nahrazeni,211,V § 211 se na konci odstavce 1 čárka nahrazuje tečkou a písmeno f) se zrušuje.,0
PRVNÍ,I,283/2021,468,nahrazeni,211,V § 211 odst. 3 se slova „1 roku“ nahrazují slovy „3 let“.,0
PRVNÍ,I,283/2021,469,zneni_plny,211,"V § 211 se doplňuje odstavec 4, který zní: „(4) Při povolení stavby nebo zařízení se pro stejný záměr nevydává povolení změny využití území.“.",97
PRVNÍ,I,283/2021,470,zruseni,212,V § 212 odst. 1 se písmeno c) zrušuje. Dosavadní písmena d) a e) se označují jako písmena c) a d).,0
PRVNÍ,I,283/2021,471,zruseni,212,"V § 212 odst. 1 písm. d) se slova „ , vyznačené na situačním výkresu dokumentace“ zrušují.",0
PRVNÍ,I,283/2021,472,zruseni,212,V § 212 se odstavec 2 zrušuje. Dosavadní odstavec 3 se označuje jako odstavec 2.,0
PRVNÍ,I,283/2021,473,vlozeni_plny,212;212a;196,"Za § 212 se vkládá nový § 212a, který včetně nadpisu zní: „§ 212a Povolení záměru uplynutím lhůty (1) Nevydá-li stavební úřad ve lhůtě podle § 196 rozhodnutí o povolení záměru jednoduché stavby nebo stavby sítě technické infrastruktury, o jehož vydání požádal stavebník ve zrychleném řízení podle § 212, považuje se záměr za povolený dnem uplynutí této lhůty. (2) Považuje-li se záměr za povolený, st",1754
PRVNÍ,I,283/2021,474,zruseni,214,§ 214 se včetně nadpisu zrušuje.,0
PRVNÍ,I,283/2021,475,zruseni,215,V § 215 odst. 2 úvodní části ustanovení se slova „a 2“ zrušují.,0
PRVNÍ,I,283/2021,476,zruseni,,V části šesté hlavě III dílu 3 se oddíl 2 včetně nadpisu zrušuje. Dosavadní oddíl 3 se označuje jako oddíl 2.,0
PRVNÍ,I,283/2021,477,vlozeni,219,"V § 219 odst. 1 větě první se za slovo „dotýká,“ vkládají slova „a dotčený oprávněný investor podle evidence v digitální technické mapě,“.",0
PRVNÍ,I,283/2021,478,zruseni,219,V § 219 odst. 2 se slova „a námitky“ zrušují.,0
PRVNÍ,I,283/2021,479,zneni_plny,219,V § 219 odstavec 3 zní: „(3) Proti návrhu opatření obecné povahy o stanovení ochranného pásma nelze podat námitky podle části šesté správního řádu.“.,123
PRVNÍ,I,283/2021,480,doplneni,220,V § 220 se na konci textu odstavce 3 doplňují slova „nebo zařízení“.,0
PRVNÍ,I,283/2021,481,vlozeni,220,V § 220 odst. 6 větě druhé se za slovo „povolit“ vkládá slovo „rozhodnutím“.,0
PRVNÍ,I,283/2021,482,nahrazeni,221,"V § 221 odst. 2 se slova „3, 6 a 8“ nahrazují slovy „2, 5 a 7“.",0
PRVNÍ,I,283/2021,483,nahrazeni,221,V § 221 odst. 3 větě čtvrté se slova „vydaného krajským úřadem“ zrušují a ve větě páté se slova „může Dopravní a energetický stavební úřad“ nahrazují slovem „lze“.,0
PRVNÍ,I,283/2021,484,nahrazeni,223,V § 223 odst. 1 písm. e) se slovo „zastavěných“ nahrazuje slovem „zastavitelných“.,0
PRVNÍ,I,283/2021,485,vlozeni,224,V § 224 odst. 2 větě první se za slovo „základě“ vkládá slovo „změny“ a na konci odstavce se doplňuje věta „Změnu záměru před dokončením stavební úřad posuzuje pouze v rozsahu požadované změny.“.,0
PRVNÍ,I,283/2021,486,zneni_plny,224,"V § 224 odstavec 3 zní: „(3) Nepodstatné odchylky od ověřené dokumentace pro povolení stavby, při kterých se nemění půdorysný ani výškový rozsah stavby, nemění se mechanická odolnost a stabilita stavby, nemění se účel užívání stavby a nedochází k ovlivnění požární bezpečnosti, nebo jiné nepodstatné změny se nepovažují za změnu stavby a projednají se v kolaudačním řízení.“.",351
PRVNÍ,I,283/2021,487,vlozeni,224,"V § 224 odst. 4 se se za slova „popis změn a“ vkládají slova „je-li to nezbytné,“ a slova „povolení záměru“ se nahrazují slovy „povolení stavby“.",0
PRVNÍ,I,283/2021,488,nahrazeni,224,V § 224 odst. 5 se slova „může stavební úřad vydat“ nahrazují slovy „stavební úřad vydá“.,0
PRVNÍ,I,283/2021,489,zneni_plny,224,"V § 224 se doplňuje odstavec 6, který zní: „(6) Pro změnu záměru před dokončením se uplatní požadavky na výstavbu a stav územně plánovací dokumentace účinné ke dni podání žádosti o povolení původního záměru. Pokud o to stavebník požádá, uplatní se pro změnu záměru před dokončením požadavky na výstavbu a stav územně plánovací dokumentace účinné ke dni podání žádosti o změnu záměru před dokončením n",382
PRVNÍ,I,283/2021,490,vlozeni,225,V § 225 odst. 1 se za slovo „nesprávné“ vkládají slova „anebo že trpí jinou vadou“ a na konci odstavce se doplňuje věta „Zrušení napadeného rozhodnutí a vrácení věci stavebnímu úřadu prvního stupně k novému projednání podle věty první je nepřípustné.“.,0
PRVNÍ,I,283/2021,491,zruseni,225,V § 225 odst. 3 se slova „s výjimkou ustanovení o zrychleném řízení“ zrušují.,0
PRVNÍ,I,283/2021,492,zneni_plny,226,"§ 226 včetně nadpisu zní: „§ 226 Postup odvolacího orgánu (1) Neobsahuje-li odvolání proti rozhodnutí stavebního úřadu odůvodnění, v čem je spatřován rozpor s právními předpisy nebo nesprávnost rozhodnutí nebo řízení, jež mu předcházelo, k odstranění tohoto nedostatku se odvolatel nevyzývá. Neodstranil-li odvolatel tento nedostatek před uplynutím lhůty pro podání odvolání, přezkoumává odvolací spr",674
PRVNÍ,I,283/2021,493,nahrazeni,229,V § 229 odst. 4 se slova „a 3“ nahrazují slovy „až 4“.,0
PRVNÍ,I,283/2021,494,zneni_plny,,V části šesté hlavě VI nadpis dílu 1 zní: „Kolaudace“.,9
PRVNÍ,I,283/2021,495,zneni_plny,230,Nadpis § 230 zní: „Základní ustanovení“.,19
PRVNÍ,I,283/2021,496,doplneni,230,"V § 230 se na konci odstavce 1 doplňuje věta „Kolaudační rozhodnutí vydává na základě žádosti stavebníka nebo vlastníka stavby stavební úřad, nebo autorizovaný inspektor.“.",0
PRVNÍ,I,283/2021,497,doplneni,230,"V § 230 odst. 2 se na konci textu věty první doplňují slova „a bytových domů uvedených v odstavci 1 písm. b) přílohy č. 2 k tomuto zákonu“, na konci textu odstavce 2 se doplňují slova „uvedených v odstavci 1 písm. a) přílohy č. 2 k tomuto zákonu“ a na konci odstavce se doplňuje věta „Kolaudační rozhodnutí dále nevyžadují stavby zařízení staveniště, a to bez ohledu na to, zda se jedná o jednoduché",0
PRVNÍ,I,283/2021,498,vlozeni,230,V § 230 odst. 4 se za slovo „užívat“ vkládají slova „ihned po jejím dokončení a“.,0
PRVNÍ,I,283/2021,499,zneni_plny,230;167,"V § 230 se doplňují odstavce 6 až 8, které znějí: „(6) Pokud byly splněny podmínky pro vznik věcného břemene podle jiného právního předpisu80), vydá o tom po dokončení stavby stavební úřad nebo autorizovaný inspektor vlastníku sítě technické infrastruktury na jeho žádost osvědčení. Je-li to potřebné, přiloží k žádosti vlastník sítě dokumentaci podle § 167 písm. d). Osvědčení podle věty první obsah",1099
PRVNÍ,I,283/2021,500,zneni_plny,232,"V § 232 odst. 2 úvodní část ustanovení zní: „Součástmi žádosti, které je třeba předložit stavebnímu úřadu nebo autorizovanému inspektorovi nejpozději k závěrečné kontrolní prohlídce dokončené stavby, případně ke kolaudaci, pokud se od závěrečné kontrolní prohlídky upouští, jsou“.",236
PRVNÍ,I,283/2021,501,vlozeni,233,V § 233 odst. 1 se slova „V kolaudačním řízení stavební úřad“ nahrazují slovy „Stavební úřad nebo autorizovaný inspektor“ a za slovo „zda“ se vkládají slova „je žádost úplná a zda“.,0
PRVNÍ,I,283/2021,502,vlozeni,233,"V § 233 odst. 2 větě první se za slovo „úřad“ vkládají slova „nebo autorizovaný inspektor“, slovo „ověřené“ se zrušuje a na konci textu věty se doplňují slova „a uvede je v kolaudačním rozhodnutí“ a věta druhá se zrušuje.",0
PRVNÍ,I,283/2021,503,zneni_plny,233,"V § 233 odstavec 3 zní: „(3) Dojde-li během provádění stavby ke změně požadavků na výstavbu nebo norem, posuzuje se stavba podle požadavků na výstavbu a norem, které platily v době podání žádosti o povolení záměru stavebnímu úřadu.“.",208
PRVNÍ,I,283/2021,504,nahrazeni,234,"V § 234 odst. 1 větě první se slova „V kolaudačním řízení stavební úřad“ nahrazují slovy „Stavební úřad nebo autorizovaný inspektor“, ve větě třetí se číslo „30“ nahrazuje číslem „15“, ve větě čtvrté se číslo „10“ nahrazuje číslem „5“ a na konci textu věty se doplňují slova „ , nedohodnou-li se jinak“ a věta poslední se zrušuje.",0
PRVNÍ,I,283/2021,505,zruseni,234,V § 234 odst. 2 se slova „a její způsobilosti k užívání“ zrušují.,0
PRVNÍ,I,283/2021,506,zruseni,234,V § 234 se odstavec 3 zrušuje.,0
PRVNÍ,I,283/2021,507,vlozeni,235,V § 235 odst. 1 se za slovo „úřad“ vkládají slova „nebo autorizovaný inspektor“.,0
PRVNÍ,I,283/2021,508,zruseni,235;197,V § 235 odst. 2 úvodní části ustanovení se slova „a náležitostí podle § 197 odst. 1 a 2“ zrušují.,0
PRVNÍ,I,283/2021,509,zruseni,235,V § 235 odst. 4 se věta druhá zrušuje.,0
PRVNÍ,I,283/2021,510,zneni_plny,235,"V § 235 se doplňuje odstavec 6, který zní: „(6) Odvolání proti kolaudačnímu rozhodnutí nemá odkladný účinek.“.",64
PRVNÍ,I,283/2021,511,nahrazeni,236,V § 236 odst. 1 se slovo „povolit“ nahrazuje slovy „nebo autorizovaný inspektor povolit prvním úkonem stavebního úřadu v řízení“ a slova „nejdéle na dobu 1 roku“ se zrušují.,0
PRVNÍ,I,283/2021,512,vlozeni,236,V § 236 odst. 2 se za slovo „stavby“ vkládá slovo „se“ a slova „stavební úřad“ se zrušují.,0
PRVNÍ,I,283/2021,513,nahrazeni,236,"V § 236 odst. 3 se věta poslední nahrazuje větou „Povoluje-li předčasné užívání stavební úřad, u stavby prováděné dodavatelsky stavebník k žádosti připojí vyjádření zhotovitele stavby nebo autorizovaného inspektora ke splnění podmínek podle odstavce 1.“.",0
PRVNÍ,I,283/2021,514,zneni_plny,236,"V § 236 se doplňují odstavce 6 a 7, které znějí: „(6) Stavby přenosové, přepravní a distribuční soustavy lze užívat ihned po jejich zprovoznění na základě platné revizní zprávy. (7) Je-li žádost o vydání kolaudačního rozhodnutí podána před uplynutím doby trvání předčasného užívání, prodlužuje se předčasné užívání do vykonatelnosti kolaudačního rozhodnutí.“.",311
PRVNÍ,I,283/2021,515,vlozeni,237,"V § 237 odst. 2 se slova „stavební úřad“ zrušují, za slovo „povolí“ se vkládají slova „stavební úřad nebo autorizovaný inspektor“, za slovo „nařídí“ se vkládají slova „stavební úřad“ a na konci textu odstavce se doplňují slova „jako první úkon stavebního úřadu v řízení“.",0
PRVNÍ,I,283/2021,516,zneni_plny,237,"V § 237 odstavec 6 zní: „(6) Je-li žádost o kolaudační rozhodnutí podána před ukončením zkušebního provozu, prodlužuje se zkušební provoz do vykonatelnosti kolaudačního rozhodnutí.“.",156
PRVNÍ,I,283/2021,517,zruseni,238;197,V § 238 odst. 1 úvodní části ustanovení se slova „a náležitostí podle § 197 odst. 1 a 2“ zrušují.,0
PRVNÍ,I,283/2021,518,zneni_plny,238,"V § 238 odstavec 2 zní: „(2) Rozhodnutí o povolení předčasného užívání nebo zkušebním provozu určí dobu trvání předčasného užívání nebo zkušebního provozu, nejdéle na dobu 3 let.“.",154
PRVNÍ,I,283/2021,519,vlozeni,238,"V § 238 odst. 3 větě první se za slovo „úřad“ vkládají slova „nebo autorizovaný inspektor“, za slovo „stavebníka,“ se vkládá slovo „a“ a za slova „případě zkušebního provozu“ se vkládají slova „stavební úřad“.",0
PRVNÍ,I,283/2021,520,vlozeni,238,"V § 238 odst. 3 větě druhé se za slovo „staveb“ vkládají slova „a veřejně prospěšných staveb“ a na konci textu věty se doplňují slova „nebo 5 let od dokončení výstavby všech staveb v rámci souboru staveb, pokud by jinak 10 let uplynulo dříve“.",0
PRVNÍ,I,283/2021,521,zneni_plny,238,"V § 238 se doplňuje odstavec 4, který zní: „(4) Odvolání proti rozhodnutí o předčasném užívání nebo zkušebním provozu nemá odkladný účinek.“.",96
PRVNÍ,I,283/2021,522,vlozeni,239,V § 239 odst. 1 se za slova „vlastníka stavby“ vkládají slova „nebo stavebníka se souhlasem vlastníka stavby“.,0
PRVNÍ,I,283/2021,523,zneni_plny,239;193,"V § 239 se doplňuje odstavec 5, který zní: „(5) V řízení o změně v užívání stavby spočívající jen ve změně trvání dočasné stavby se soulad s podmínkami podle § 193 posoudí pouze v případě, že od povolení stavby nebo od posledního povolení prodloužení doby trvání této stavby došlo ke změně těchto podmínek. Povolení změny v užívání stavby se nevyžaduje, pokud se změnily jen požadavky právních předpi",363
PRVNÍ,I,283/2021,524,vlozeni,240,V § 240 písm. a) a b) se za slovo „užívání“ vkládají slova „nebo dobu trvání“.,0
PRVNÍ,I,283/2021,525,nahrazeni,241,V § 241 odst. 1 úvodní části ustanovení se slova „může vydat“ nahrazují slovy „nebo autorizovaný inspektor vydá“.,0
PRVNÍ,I,283/2021,526,zneni_plny,242;230,"V § 242 odstavec 2 zní: „(2) Je-li změna v užívání stavby podmíněna stavební úpravou vyžadující povolení, projedná stavební úřad stavební úpravu v řízení o povolení záměru. Je-li užívání dokončené stavební úpravy podmíněno kolaudací, postupuje se dále podle § 230 až 235. Nevyžaduje-li se k užívání stavby a provedené stavební úpravy kolaudace, stanoví nový účel užívání stavby stavební úřad v povole",405
PRVNÍ,I,283/2021,527,zruseni,243,§ 243 a 244 se včetně nadpisů zrušují.,0
PRVNÍ,I,283/2021,528,doplneni,245,"V § 245 se na konci odstavce 1 doplňuje věta „V případě podzemní stavby sítí technické infrastruktury může být pasport stavby nahrazen dokumentací zaměření prostorové polohy, rozměru a tvaru dokončené stavby nebo její části anebo technologického zařízení.“.",0
PRVNÍ,I,283/2021,529,zruseni,245,V § 245 odst. 3 se věta poslední zrušuje.,0
PRVNÍ,I,283/2021,530,zneni_plny,245,"V § 245 se doplňuje odstavec 4, který zní: „(4) Není-li třeba pasport stavby doplnit, změnit nebo jinak přepracovat, stavební úřad nebo autorizovaný inspektor jej ověří.“.",126
PRVNÍ,I,283/2021,531,zneni_plny,246,"§ 246 zní: „§ 246 Vznikla-li realizací stavba, která musí být podle jiného zákona54) označena číslem, stavební úřad nebo autorizovaný inspektor vyzve příslušnou obec k přidělení čísla.“.",174
PRVNÍ,I,283/2021,532,doplneni,247,"V § 247 se na konci odstavce 1 doplňuje věta „Rozhodnutí o povolení odstranění stavby vydává stavební úřad nebo v případě jednoduchých staveb, u nichž lze povolení odstranění vydat jako první úkon stavebního úřadu v řízení, autorizovaný inspektor.“.",0
PRVNÍ,I,283/2021,533,vlozeni,247,"V § 247 odst. 2 se za slova „vlastník stavby“ vkládají slova „ , nebo ten, kdo má jiné věcné právo k pozemku nebo stavbě,“.",0
PRVNÍ,I,283/2021,534,vlozeni,247,"V § 247 odst. 3 se za slovo „azbest,“ vkládají slova „nebo o vyhrazenou stavbu,“ a za slovo „úřad“ se vkládají slova „nebo autorizovaný inspektor“.",0
PRVNÍ,I,283/2021,535,vlozeni_plny,248,"V § 248 se vkládá nový odstavec 1, který zní: „(1) Žádost o povolení odstranění stavby může podat vlastník stavby nebo se souhlasem vlastníka stavby stavebník. Je-li pro realizaci záměru, pro který je stanoven účel vyvlastnění v zákoně, třeba odstranění cizí stavby, může žádost o povolení odstranění takové stavby podat i stavebník stavby, pro kterou je stanoven účel vyvlastnění v zákoně; souhlas v",400
PRVNÍ,I,283/2021,536,zneni_plny,248,"V § 248 se doplňují odstavce 4 a 5, které znějí: „(4) Žádost o povolení odstranění stavby lze podat jako součást žádosti o povolení záměru. (5) V případě stavby obsahující azbest je součástí žádosti také návrh opatření k předcházení a omezení rizik souvisejících s expozicí azbestu a doklad o splnění dalších požadavků pro práci s azbestem podle jiného právního předpisu84).“. Poznámka pod čarou č. 8",327
PRVNÍ,I,283/2021,537,zneni_plny,249,"V § 249 se na konci odstavce 1 tečka nahrazuje čárkou a doplňuje se písmeno h), které zní: „h) v případě stavby obsahující azbest podmínky zajišťující splnění požadavků pro práci s azbestem podle jiného právního předpisu84).“.",133
PRVNÍ,I,283/2021,538,zneni_plny,249,"V § 249 se doplňuje odstavec 3, který zní: „(3) Po nabytí právní moci povolení odstranění stavby stavební úřad zašle stavebníkovi oznámení o ověření dokumentace pro odstranění stavby spolu se štítkem obsahujícím identifikační údaje o odstraňované stavbě.“.",212
PRVNÍ,I,283/2021,539,vlozeni,250,"V § 250 odst. 1 úvodní části ustanovení se za slovo „stavby“ vkládají slova „ , případně vlastníkovi pozemku“.",0
PRVNÍ,I,283/2021,540,nahrazeni,250,"V § 250 odst. 1 písm. b) se slova „podle tohoto zákona“ nahrazují slovy „ , které měla mít,“.",0
PRVNÍ,I,283/2021,541,zruseni,250,V § 250 odst. 1 písm. c) se slova „podle tohoto zákona“ zrušují.,0
PRVNÍ,I,283/2021,542,zruseni,250,V § 250 odst. 1 písm. e) se slova „do skončení této doby“ zrušují.,0
PRVNÍ,I,283/2021,543,vlozeni,250,"V § 250 odst. 2 se slova „a stavebník (dále jen „povinný“)“ zrušují a za slova „vlastník pozemku, na němž se nachází stavba, která má být odstraněna,“ se vkládají slova „a stavebník (dále jen „povinný“), a dále“.",0
PRVNÍ,I,283/2021,544,zruseni,252;197,V § 252 odst. 1 úvodní části ustanovení se slova „a náležitostí podle § 197 odst. 1 a 2“ zrušují.,0
PRVNÍ,I,283/2021,545,zneni_plny,252,"V § 252 se na konci odstavce 1 tečka nahrazuje čárkou a doplňuje se písmeno i), které zní: „i) v případě stavby obsahující azbest podmínky zajišťující splnění požadavků pro práci s azbestem podle jiného právního předpisu84).“.",133
PRVNÍ,I,283/2021,546,vlozeni,254,V § 254 odst. 1 se za slovo „Stavbu“ vkládají slova „prováděnou nebo“.,0
PRVNÍ,I,283/2021,547,nahrazeni,254,V § 254 odst. 4 se slova „do skončení doby trvání stavby nebo“ zrušují a slova „prodloužení doby trvání stavby“ se nahrazují slovy „změnu povolení“.,0
PRVNÍ,I,283/2021,548,zruseni,254,V § 254 se odstavec 5 zrušuje.,0
PRVNÍ,I,283/2021,549,zruseni,255,V § 255 odst. 1 se věta druhá zrušuje.,0
PRVNÍ,I,283/2021,550,doplneni,255;185,V § 255 se na konci odstavce 2 doplňuje věta „Ustanovení § 185 odst. 3 se nepoužije.“.,0
PRVNÍ,I,283/2021,551,zruseni,255,V § 255 se odstavec 3 zrušuje. Dosavadní odstavec 4 se označuje jako odstavec 3.,0
PRVNÍ,I,283/2021,552,vlozeni_plny,256,"V § 256 se za odstavec 2 vkládá nový odstavec 3, který zní: „(3) Stavební úřad nenařídí odstranění stavby a stavbu, která vyžaduje povolení, dodatečně povolí i bez splnění podmínek podle odstavce 1, pokud by nařízení odstranění stavby představovalo pro povinného nebo pro jiné osoby nebo pro veřejný zájem zcela zjevně zásah nepřiměřený přínosům a zároveň ponecháním stavby nejsou dotčeny veřejné záj",422
PRVNÍ,I,283/2021,553,zruseni,258,V § 258 se odstavec 2 zrušuje. Dosavadní odstavce 3 a 4 se označují jako odstavce 2 a 3.,0
PRVNÍ,I,283/2021,554,vlozeni,259,"V § 259 odst. 1 větě první se slova „ , pokud povinný prokáže“ nahrazují slovem „při“ a ve větě druhé se za slovo „vznikla“ vkládá slovo „povinnému,“.",0
PRVNÍ,I,283/2021,555,zruseni,260,§ 260 se včetně nadpisu zrušuje.,0
PRVNÍ,I,283/2021,556,nahrazeni,,V části šesté hlavě VII se v nadpisu dílu 3 slovo „Společná“ nahrazuje slovem „Společné“.,0
PRVNÍ,I,283/2021,557,zruseni,261,V § 261 se odstavce 2 až 4 zrušují a zároveň se zrušuje označení odstavce 1.,0
PRVNÍ,I,283/2021,558,zruseni,262,§ 262 se zrušuje.,0
PRVNÍ,I,283/2021,559,nahrazeni,264,V § 264 odst. 5 větě poslední se číslo „3“ nahrazuje číslem „4“.,0
PRVNÍ,I,283/2021,560,zneni_plny,264,"V § 264 se doplňují odstavce 6 až 8, které znějí: „(6) Ustanovení odstavců 1 až 5 platí přiměřeně pro provedení stavby rodinného domu nebo bytového domu anebo veřejné infrastruktury, pokud je tato stavba prováděna místo stavby zničené nebo poškozené mimořádnou událostí, její podstatné parametry odpovídají zničené nebo poškozené stavbě a vzhledem k okolnostem, zejména riziku opakování mimořádné udá",918
PRVNÍ,I,283/2021,561,vlozeni,266,V § 266 odst. 2 větě první se za slovo „úkon“ vkládají slova „stavebního úřadu“.,0
PRVNÍ,I,283/2021,562,zruseni,267;273;275;334b,"V § 267 odst. 2 úvodní části ustanovení, § 267 odst. 3 větě první až poslední, § 267 odst. 5 větě první, § 273 odst. 1, § 275 odst. 3 větě první a druhé a § 334b odst. 4 větě první a druhé se slova „stavební správy“ zrušují.",0
PRVNÍ,I,283/2021,563,doplneni,267;172,V § 267 odst. 3 se na konci textu věty první doplňují slova „ ; § 172 odst. 1 se pro jiné stavební úřady nepoužije“.,0
PRVNÍ,I,283/2021,564,vlozeni_plny,268,"V § 268 se za odstavec 2 vkládá nový odstavec 3, který zní: „(3) Portál stavebníka poskytuje účastníkům řízení službu sledování stavu řízení.“. Dosavadní odstavec 3 se označuje jako odstavec 4.",80
PRVNÍ,I,283/2021,565,zneni_plny,269,"V § 269 odstavec 3 zní: „(3) V národním geoportálu územního plánování se zveřejňují územně plánovací podklady, územně plánovací dokumentace, vymezení zastavitelného území a územní opatření.“.",165
PRVNÍ,I,283/2021,566,zruseni,269,V § 269 se odstavec 4 zrušuje. Dosavadní odstavce 5 až 7 se označují jako odstavce 4 až 6.,0
PRVNÍ,I,283/2021,567,vlozeni,269,"V § 269 odst. 4 se věta první nahrazuje větou „Orgán územního plánování vkládá do národního geoportálu územního plánování písemnosti, údaje a prostorová data, které mají být zveřejněny v národním geoportálu územního plánování.“ a na konci odstavce se doplňuje věta „Orgán územního plánování může vložit do národního geoportálu územního plánování i další písemnosti vzniklé při územně plánovací činnos",0
PRVNÍ,I,283/2021,568,nahrazeni,270,V § 270 odst. 3 se na konci písmene c) slovo „a“ nahrazuje tečkou a písmeno d) se zrušuje.,0
PRVNÍ,I,283/2021,569,vlozeni_plny,271,"V § 271 se na konci odstavce 1 doplňuje věta „Dále se do evidence elektronických dokumentací vkládá informační kontejner pro povolení stavby a informační kontejner pro kolaudaci stavby ve strojově čitelném formátu, stanoví-li tak jiný právní předpis85).“. Poznámka pod čarou č. 85 zní: „85) Zákon č. 330/2025 Sb., o správě informací o stavbě a vystavěném prostředí a o změně některých dalších zákonů.",115
PRVNÍ,I,283/2021,570,zruseni,271,V § 271 odst. 2 se věta druhá zrušuje.,0
PRVNÍ,I,283/2021,571,vlozeni,272,"V § 272 odst. 2 se za slovo „dokumentaci“ vkládají slova „a dokumentaci pro povolení záměru“ a na konci textu odstavce se doplňují slova „ ; jiné osoby jen se souhlasem stavebníka nebo vlastníka stavby, které se tato dokumentace týká“.",0
PRVNÍ,I,283/2021,572,vlozeni,272,V § 272 odst. 3 se za slovo „dokumentaci“ vkládají slova „a dokumentaci pro povolení záměru“.,0
PRVNÍ,I,283/2021,573,nahrazeni,274,V § 274 písm. c) se slova „orgánů stavební správy“ nahrazují slovy „stavebních úřadů“.,0
PRVNÍ,I,283/2021,574,zruseni,275,"V § 275 odst. 1 větě první se slova „a stavební správy“ zrušují a ve větě druhé se slova „ , evidenci stavebních postupů a evidenci elektronických dokumentací“ zrušují.",0
PRVNÍ,I,283/2021,575,vlozeni,276,"V § 276 odst. 1 se za slovo „inspektor“ vkládají slova „vede správní řízení podle tohoto zákona obdobně jako stavební úřad, za podmínek podle tohoto zákona vydává kolaudační rozhodnutí, rozhodnutí o povolení zkušebního provozu, rozhodnutí o předčasném užívání stavby, rozhodnutí ve zrychleném řízení o změně v užívání stavby nebo rozhodnutí o povolení odstranění stavby, vydává vyjádření pro předčasn",0
PRVNÍ,I,283/2021,576,nahrazeni,277,"V § 277 odst. 1 písm. d) se číslo „15“ nahrazuje číslem „7“ a slova „má-li osvědčení o zvláštní odborné způsobilosti podle jiného právního předpisu58),“ se zrušují.",0
PRVNÍ,I,283/2021,577,vlozeni_plny,277,"V § 277 odst. 1 se za písmeno d) vkládá nové písmeno e), které zní: „e) má osvědčení o zvláštní odborné způsobilosti podle jiného právního předpisu58) nebo osvědčení o úspěšném vykonání úřednické zkoušky pro obor specializace, jehož součástí je stavební řád,“. Dosavadní písmena e) a f) se označují jako písmena f) a g).",191
PRVNÍ,I,283/2021,578,zruseni,279,V § 279 se odstavec 2 zrušuje. Dosavadní odstavec 3 se označuje jako odstavec 2.,0
PRVNÍ,I,283/2021,579,nahrazeni,280,V § 280 odst. 2 písm. a) se slovo „ministerstvu“ nahrazuje slovem „Úřadu“.,0
PRVNÍ,I,283/2021,580,zruseni,281,V § 281 odst. 1 písm. a) se slova „opakovaně nebo“ a slovo „nebo“ zrušují.,0
PRVNÍ,I,283/2021,581,vlozeni_plny,281,"V § 281 odst. 1 se za písmeno a) vkládá nové písmeno b), které zní: „b) při své činnosti závažně porušil své povinnosti stanovené tímto zákonem a jinými právními předpisy, nebo“. Dosavadní písmeno b) se označuje jako písmeno c).",108
PRVNÍ,I,283/2021,582,nahrazeni,282,V § 282 odst. 1 větě první a druhé se slovo „ministerstva“ nahrazuje slovem „Úřadu“ a část věty první za středníkem se včetně středníku zrušuje.,0
PRVNÍ,I,283/2021,583,doplneni,283,"V § 283 se na konci odstavce 3 doplňuje věta „Vydal-li autorizovaný inspektor rozhodnutí místo stavebního úřadu, doručí jej vždy také stavebnímu úřadu, a to společně se žádostí žadatele včetně jejích příloh.“.",0
PRVNÍ,I,283/2021,584,nahrazeni,284,"V § 284 odst. 1 úvodní části ustanovení větě první se slovo „vydávat“ nahrazuje slovy „na celém území České republiky ověřovat pasport stavby, vést správní řízení a vydávat kolaudační rozhodnutí, rozhodnutí o povolení zkušebního provozu, rozhodnutí o předčasném užívání stavby, rozhodnutí ve zrychleném řízení o změně v užívání stavby, rozhodnutí o povolení odstranění stavby a vyjádření pro předčasn",0
PRVNÍ,I,283/2021,585,nahrazeni,285,V § 285 odst. 1 větě druhé se slovo „ministerstvem“ nahrazuje slovem „Úřadem“.,0
PRVNÍ,I,283/2021,586,nahrazeni,286,V nadpisu § 286 se slovo „ministerstva“ nahrazuje slovem „Úřadu“.,0
PRVNÍ,I,283/2021,587,nahrazeni,287,V § 287 odst. 1 se slova „ministerstvo a krajský úřad“ nahrazují slovy „Úřad a úřady rozvoje území krajů“.,0
PRVNÍ,I,283/2021,588,nahrazeni,287,V § 287 odst. 3 úvodní části ustanovení se slova „Krajský úřad“ nahrazují slovy „Úřad rozvoje území kraje“.,0
PRVNÍ,I,283/2021,589,nahrazeni,288,"V § 288 odst. 1 se slova „ministerstvo a krajský úřad“ nahrazují slovy „příslušné úřady rozvoje území“ a slova „ , jakož i dodržování usnesení vlády, směrnic ústředních správních úřadů, jakož i opatření příslušných orgánů veřejné správy přijatých při kontrole výkonu přenesené působnosti“ se zrušují.",0
PRVNÍ,I,283/2021,590,zruseni,288,V § 288 odst. 2 se slova „i přenesené“ zrušují.,0
PRVNÍ,I,283/2021,591,nahrazeni,289,V § 289 odst. 1 se slova „ministerstvo nebo krajský úřad“ nahrazují slovy „příslušný úřad rozvoje území“.,0
PRVNÍ,I,283/2021,592,vlozeni,295,V § 295 odst. 1 písm. e) se za slovo „že“ vkládají slova „je užívána bez povolení nebo“.,0
PRVNÍ,I,283/2021,593,vlozeni,297,"V § 297 odst. 1 se za slovo „pro“ vkládají slova „vytvoření podmínek pro provedení stavby nebo její změny, nutných zabezpečovacích prací, nezbytných úprav, udržovacích prací nebo k odstranění stavby nebo zařízení,“.",0
PRVNÍ,I,283/2021,594,zneni_plny,298,"V § 298 včetně nadpisu zní: „§ 298 Působnost (1) Úřad kontroluje výkon působnosti úřadů rozvoje území krajů a autorizovaných inspektorů. Úřady rozvoje území krajů kontrolují výkon působnosti svých územních pracovišť. (2) Úřad a věcně příslušné ústřední orgány státní správy kontrolují dodržování jiných právních předpisů při postupech podle tohoto zákona, jakož i dodržování usnesení vlády a směrnic",404
PRVNÍ,I,283/2021,595,nahrazeni,299,"V § 299 se slova „Ministerstvo, Ministerstvo dopravy, Ministerstvo průmyslu a obchodu, Dopravní a energetický stavební úřad a krajský stavební úřad“ nahrazují slovy „Úřad a věcně příslušné ústřední orgány státní správy“ a slova „do doby zjednání nápravy mohou pozastavit nebo omezit výkon činnosti, při níž dochází k porušování právní povinnosti“ se nahrazují slovy „nesouhlasí-li Úřad s opatřením ul",0
PRVNÍ,I,283/2021,596,zneni_plny,301,"V § 301 odstavce 1 a 2 znějí: „(1) Přestupku se dopustí ten, kdo a) provede záměr bez povolení, které je podle tohoto zákona vyžadováno, nebo v rozporu s ním, b) provede jednoduchou stavbu bez povolení, které je podle tohoto zákona vyžadováno, nebo v rozporu s ním, c) užívá záměr vyžadující povolení bez tohoto povolení, nebo v rozporu s ním, d) odstraní stavbu, která podléhá povolení, bez povolení",773
PRVNÍ,I,283/2021,597,zruseni,301,V § 301 odst. 3 písm. a) se slova „nebo d)“ zrušují.,0
PRVNÍ,I,283/2021,598,nahrazeni,301,"V § 301 odst. 3 písm. b) se slova „f), g), h), i), j), k), l) nebo n)“ nahrazují slovy „b) nebo d)“.",0
PRVNÍ,I,283/2021,599,nahrazeni,301,"V § 301 odst. 3 písm. c) se text „b),“ nahrazuje slovem „nebo“ a slova „nebo m),“ se zrušují.",0
PRVNÍ,I,283/2021,600,vlozeni_plny,301;302,"V § 301 odst. 3 písm. d) se slova „nebo b)“ zrušují a slova „nezastavitelném pozemku, v nezastavěném“ se nahrazují slovy „nestavební ploše, v nezastavitelném“. 601. Nad označení § 302 se vkládá skupinový nadpis, který zní: „Přestupky vybraných osob“.",25
PRVNÍ,I,283/2021,602,zruseni,302,Nadpis § 302 se zrušuje.,0
PRVNÍ,I,283/2021,603,vlozeni,302,V § 302 odst. 7 písm. b) se za slovo „odstavce“ vkládají slova „1 písm. b) nebo odstavce“.,0
PRVNÍ,I,283/2021,604,zruseni,302,V § 302 odst. 7 písm. c) se slova „1 písm. b) nebo odstavce“ zrušují.,0
PRVNÍ,I,283/2021,605,nahrazeni,302,"V § 302 odst. 7 písm. d) se slova „nezastavitelném pozemku, v nezastavěném“ nahrazují slovy „nestavební ploše, v nezastavitelném“.",0
PRVNÍ,I,283/2021,606,zruseni,303,Nadpis § 303 se zrušuje.,0
PRVNÍ,I,283/2021,607,nahrazeni,304;302;303,V § 304 odst. 1 se slova „ ; přestupky podle § 302 odst. 4 a § 303 odst. 4 projednává krajský úřad“ nahrazují slovy „a přestupky na úseku územního plánování Úřad“.,0
PRVNÍ,I,283/2021,608,zruseni,304,V § 304 se odstavec 2 zrušuje. Dosavadní odstavec 3 se označuje jako odstavec 2.,0
PRVNÍ,I,283/2021,609,zruseni,306,V § 306 se odstavec 2 zrušuje a zároveň se zrušuje označení odstavce 1.,0
PRVNÍ,I,283/2021,610,nahrazeni,307,"V § 307 odst. 1 se slova „je nepřípustná, obsahuje-li pouze“ nahrazují slovy „nebo jednotlivé žalobní body jsou nepřípustné, směřují-li k řešení nepřípustných námitek nebo obsahují-li“.",0
PRVNÍ,I,283/2021,611,nahrazeni,307,"V § 307 odst. 2 se slova „je také nepřípustný, obsahuje-li“ nahrazují slovy „i jednotlivé body tohoto návrhu jsou nepřípustné, obsahují-li“.",0
PRVNÍ,I,283/2021,612,zneni_plny,307,"V § 307 se doplňuje odstavec 3, který zní: „(3) Nepřípustné žalobní body soud nevypořádává.“.",47
PRVNÍ,I,283/2021,613,zneni_plny,308,"§ 308 včetně nadpisu zní: „§ 308 Odkladný účinek (1) Návrh na přiznání odkladného účinku žaloby proti rozhodnutí stavebního úřadu o povolení záměru lze podat pouze společně s žalobou. Návrh na přiznání odkladného účinku v řízení o kasační stížnosti lze podat pouze společně s touto kasační stížností. (2) Přizná-li soud žalobě nebo kasační stížnosti odkladný účinek nebo nařídí-li předběžné opatření,",522
PRVNÍ,I,283/2021,614,vlozeni_plny,308;308a;99,"Za § 308 se vkládá nový § 308a, který včetně nadpisu zní: „§ 308a Soudní smír Připouští-li to povaha věci, mohou účastníci řízení a osoby zúčastněné na řízení skončit řízení soudním smírem; ustanovení § 99 občanského soudního řádu se použije obdobně. Obsahem smíru může být zejména netrvání na návrhu a poskytnutí finanční náhrady nebo provedení kompenzačních nebo zmírňujících opatření.“.",333
PRVNÍ,I,283/2021,615,zruseni,309,"§ 309 včetně nadpisu zní: „§ 309 Rozhodnutí o návrhu (1) Soud přezkoumá pouze všechny přípustné žalobní nebo návrhové body. Nerozhodne- li soud bez jednání, sdělí před rozhodnutím účastníkům řízení svůj právní názor na věc a umožní jim na něj reagovat. (2) Soud nezruší rozhodnutí ani opatření obecné povahy pouze pro nepřezkoumatelnost a přezkoumá je z hlediska zákonnosti jejich výroku, je-li to na",0
PRVNÍ,I,283/2021,616,zneni_plny,310,Nadpis § 310 zní: „Příslušnost“.,11
PRVNÍ,I,283/2021,617,vlozeni,310,V § 310 se za slovo „části“ vkládají slova „a k řízení o zrušení územního opatření vydaného vládou“.,0
PRVNÍ,I,283/2021,618,zruseni,311,Nadpis pod označením § 311 se zrušuje.,0
PRVNÍ,I,283/2021,619,nahrazeni,311,V § 311 odst. 1 větě první se slova „orgány obce“ nahrazují slovem „obcí“ a slova „krajský úřad“ se nahrazují slovy „úřad rozvoje území kraje“ a ve větě druhé se slova „orgány kraje je příslušné ministerstvo“ nahrazují slovy „krajem je příslušný Úřad“.,0
PRVNÍ,I,283/2021,620,vlozeni,311,V § 311 odst. 2 se za slovo „dokumentaci“ vkládají slova „ani územní opatření“.,0
PRVNÍ,I,283/2021,621,zneni_plny,311,"V § 311 se doplňují odstavce 4 až 9, které znějí: „(4) Povolení vydané podle tohoto zákona jako první úkon stavebního úřadu v řízení obsahuje pouze výrok a poučení o opravném prostředku. Proti tomuto rozhodnutí není odvolání přípustné. Rozhodnutí lze přezkoumat v přezkumném řízení, které lze zahájit do 1 měsíce ode dne, kdy se stavební úřad o důvodu zahájení přezkumného řízení dozvěděl, nejpozději",1453
PRVNÍ,I,283/2021,622,vlozeni,313,V § 313 odst. 2 se za slova „196 zákona o státní službě“ vkládá čárka.,0
PRVNÍ,I,283/2021,623,vlozeni,314,V § 314 se za slova „podle dosavadních“ vkládá slovo „právních“.,0
PRVNÍ,I,283/2021,624,vlozeni,316,V § 316 odst. 4 se za slovo „osvědčení“ vkládá slovo „o“.,0
PRVNÍ,I,283/2021,625,vlozeni,322,V § 322 odst. 2 větě druhé se za číslo „6“ vkládají slova „ve znění účinném do 31. prosince 2026“.,0
PRVNÍ,I,283/2021,626,nahrazeni,323,V § 323 odst. 10 větě druhé se číslo „3“ nahrazuje číslem „2“.,0
PRVNÍ,I,283/2021,627,zneni_plny,324,"V § 324 se dosavadní text označuje jako odstavec 1 a doplňuje se odstavec 2, který zní: „(2) Podmínka vydání regulačního plánu na žádost vymezená v územně plánovací dokumentaci podle dosavadních právních předpisů se považuje za podmínku vydání regulačního plánu podle tohoto zákona a pozbývá platnosti marným uplynutím lhůty 6 let od nabytí účinnosti územního plánu, který tuto podmínku vymezil.“.",309
PRVNÍ,I,283/2021,628,nahrazeni,330,"V § 330 se na konci odstavce 6 doplňují věty „Pokud o to stavebník požádá, lze o změně takového pravomocného územního rozhodnutí o umístění stavby vydaného v územním řízení, v územním řízení s posouzením vlivů na životní prostředí anebo ve zjednodušeném územním řízení, účinného územního souhlasu, účinné veřejnoprávní smlouvy a vydaného regulačního plánu nahrazujícího územní rozhodnutí o umístění s",0
PRVNÍ,I,283/2021,629,doplneni,330;277,"V § 330 se na konci textu odstavce 11 doplňují slova „ , a pokud splní požadavky podle § 277 odst. 1 písm. e)“.",0
PRVNÍ,I,283/2021,630,zneni_plny,333;36;152;152a;154;158;161;166,"V § 333 odstavce 1 a 2 znějí: „(1) Vláda vydá nařízení k provedení § 36 odst. 5, § 152 odst. 1, § 152a odst. 1, § 154 odst. 2, § 158 odst. 6, § 161 odst. 4, § 166 odst. 4, § 167 odst. 1 písm. e), f), j) a k) a § 169 odst. 2. Návrh nařízení vlády podle věty první připravuje a předkládá vládě Úřad ve spolupráci s dotčenými ministerstvy. (2) Úřad vydá vyhlášky k provedení § 12 písm. p), § 59 odst. 3,",588
PRVNÍ,I,283/2021,631,nahrazeni,333;152a,"V § 333 odst. 3 se slova „ , statutární město Brno a statutární město Ostrava“ nahrazují slovy „a obce, ve kterých je sídlo kraje (krajská města),“ a na konci textu odstavce se doplňují slova „a § 152a odst. 1“.",0
PRVNÍ,I,283/2021,632,zruseni,334b,V nadpisu § 334b se slova „stavební správy“ zrušují.,0
PRVNÍ,I,283/2021,633,zneni_plny,334b,V § 334b odstavec 1 zní: „(1) Přechodným obdobím se rozumí období do 31. prosince 2030.“.,61
PRVNÍ,I,283/2021,634,vlozeni,334b;268;272,"V § 334b odst. 2 se za text „odst. 5,“ vkládá text „§ 268 odst. 3,“ a za text „§ 272 odst.“ se vkládá číslo „1,“.",0
PRVNÍ,I,283/2021,635,zruseni,334b,V § 334b se odstavec 3 zrušuje. Dosavadní odstavce 4 až 10 se označují jako odstavce 3 až 9.,0
PRVNÍ,I,283/2021,636,zneni_plny,334b,"V § 334b odstavec 4 zní: „(4) Stanoví-li tento zákon povinnost vložit dokument do národního geoportálu územního plánování nebo odkázat na něj, lze v přechodném období splnit tuto povinnost i jiným způsobem umožňujícím dálkový přístup.“.",210
PRVNÍ,I,283/2021,637,zruseni,334b,V § 334b se odstavce 5 a 6 zrušují. Dosavadní odstavce 7 až 9 se označují jako odstavce 5 až 7.,0
PRVNÍ,I,283/2021,638,nahrazeni,334b,V § 334b odst. 5 větě druhé se číslo „2026“ nahrazuje číslem „2030“.,0
PRVNÍ,I,283/2021,639,nahrazeni,334b,V § 334b odst. 6 větě druhé se slovo „zastavěném“ nahrazuje slovem „zastavitelném“ a číslo „8“ se nahrazuje číslem „4“.,0
PRVNÍ,I,283/2021,640,nahrazeni,334b,V § 334b odst. 7 se číslo „8“ nahrazuje číslem „5“.,0
PRVNÍ,I,283/2021,641,vlozeni,,V příloze č. 1 odst. 1 písm. a) úvodní části ustanovení se za slova „zařízení a“ vkládají slova „s nimi související terénní úpravy a“.,0
PRVNÍ,I,283/2021,642,vlozeni,,"V příloze č. 1 odst. 1 písm. a) bodě 1 se číslo „40“ nahrazuje číslem „60“, za slovo „podlažím“ se vkládají slova „a podkrovím“ a slova „rodinného domu nebo stavby pro rodinnou rekreaci“ se nahrazují slovy „zázemí stavby“.",0
PRVNÍ,I,283/2021,643,nahrazeni,,V příloze č. 1 odst. 1 písm. a) bodě 2 se slova „rodinného domu nebo stavby pro rodinnou rekreaci“ nahrazují slovy „zázemí stavby“.,0
PRVNÍ,I,283/2021,644,zruseni,,V příloze č. 1 odst. 1 písm. a) bodech 3 a 4 se slova „s prvky regulačního plánu“ zrušují.,0
PRVNÍ,I,283/2021,645,nahrazeni,,"V příloze č. 1 odst. 1 písm. a) bodě 4 se slova „ , včetně základové konstrukce, do 55“ nahrazují slovy „do 60“ a číslo „4“ se nahrazuje číslem „5“.",0
PRVNÍ,I,283/2021,646,vlozeni_plny,,"V příloze č. 1 odst. 1 písm. a) se za bod 4 vkládá nový bod 5, který zní: „5. stavba pro zemědělství do 60 m2 zastavěné plochy a do 5 m výšky o jednom nadzemním podlaží, nepodsklepená, která je umisťována v odstupové vzdálenosti od hranic pozemků nejméně 2 m,“. Dosavadní body 5 až 34 se označují jako body 6 až 35.",186
PRVNÍ,I,283/2021,647,nahrazeni,,"V příloze č. 1 odst. 1 písm. a) bodě 6 se číslo „1“ nahrazuje číslem „1,5“ a slova „zastavěném území nebo v zastavitelné ploše“ se nahrazují slovy „zastavitelném území“.",0
PRVNÍ,I,283/2021,648,nahrazeni,,V příloze č. 1 odst. 1 písm. a) bodě 7 se číslo „30“ nahrazuje číslem „90“.,0
PRVNÍ,I,283/2021,649,vlozeni,,"V příloze č. 1 odst. 1 písm. a) bodě 9 se na začátek vkládají slova „ohrady pro hospodářská zvířata do 1,5 m výšky,“, slovo „nebo“ se nahrazuje čárkou a na konci textu bodu se doplňují slova „nebo k významnému zhoršení prostupnosti krajiny pro volně žijící drobné živočichy“.",0
PRVNÍ,I,283/2021,650,vlozeni,,"V příloze č. 1 odst. 1 písm. a) se na začátek bodů 12 a 13 vkládají slova „doplnění, odstranění,“.",0
PRVNÍ,I,283/2021,651,nahrazeni,,"V příloze č. 1 odst. 1 písm. a) bodě 13 se slova „ , výměna nebo navýšení kapacity sítě technické infrastruktury“ zrušují, slova „pro provedení“ se nahrazují slovy „s provedením doplnění, odstranění,“ a slova „je s vlastníkem dotčených pozemků uzavřena smlouva o zřízení věcného břemene nebo smlouva o smlouvě budoucí o zřízení věcného břemene“ se nahrazují slovy „vlastník dotčených pozemků souhlasí",0
PRVNÍ,I,283/2021,652,nahrazeni,,"V příloze č. 1 odst. 1 písm. a) bodě 16 se slovo „podpěrné“ zrušuje a slova „ , nejde-li o portálové konstrukce“ se nahrazují slovy „a dráhách“.",0
PRVNÍ,I,283/2021,653,zneni_plny,,"V příloze č. 1 odst. 1 písm. a) bod 24 zní: „24. běžné dobíjecí body62),“.",27
PRVNÍ,I,283/2021,654,vlozeni_plny,,"V příloze č. 1 odst. 1 písm. a) se za bod 27 vkládá nový bod 28, který včetně poznámky pod čarou č. 86 zní: „28. zázemí zotavovací akce nebo jiné podobné akce pro děti86) tvořené přístřešky o celkové zastavěné ploše všech staveb do 60 m2, s výjimkou hygienického zařízení, bez podsklepení, s nejvýše jedním nadzemním podlažím, je-li ubytování účastníků takové akce zajištěno výhradně ve stanech; tako",550
PRVNÍ,I,283/2021,655,nahrazeni,,V příloze č. 1 odst. 1 písm. a) bodě 29 se číslo „55“ nahrazuje číslem „60“.,0
PRVNÍ,I,283/2021,656,vlozeni,,"V příloze č. 1 odst. 1 písm. a) bodě 30 se číslo „25“ nahrazuje číslem „100“ a slova „ , jehož distribuční soustava je připojena k přenosové soustavě a k jehož soustavě je připojeno více než 90 000 odběrných míst“ a za slovo „zařízení“ se vkládají slova „ , a to i“.",0
PRVNÍ,I,283/2021,657,vlozeni,,"V příloze č. 1 odst. 1 písm. a) bodě 31 se číslo „25“ nahrazuje číslem „100“ a slova „ , k jehož soustavě je připojeno více než 90 000 odběrných míst,“ a za slovo „zařízení“ se vkládají slova „ , a to i“.",0
PRVNÍ,I,283/2021,658,vlozeni,,"V příloze č. 1 odst. 1 písm. a) bodě 32 se číslo „25“ nahrazuje číslem „100“ a za slovo „zařízení“ se vkládají slova „ , a to i“.",0
PRVNÍ,I,283/2021,659,nahrazeni,,V příloze č. 1 odst. 1 písm. a) bodě 34 se slova „výrobky plnící funkci“ zrušují a slovo „zastavěném“ se nahrazuje slovem „zastavitelném“.,0
PRVNÍ,I,283/2021,660,nahrazeni,,"V příloze č. 1 odst. 1 písm. a) bodě 35 se slova „jestliže neobsahují obytné nebo pobytové místnosti nebo hygienická zařízení,“ zrušují a slovo „zastavěném“ se nahrazuje slovem „zastavitelném“.",0
PRVNÍ,I,283/2021,661,zneni_plny,,"V příloze č. 1 odst. 1 se na konci písmene a) doplňují body 37 až 45, které znějí: „37. sítě elektronických komunikací, pokud se umisťují na vlastních nemovitostech nebo pokud s jejich umístěním vlastník dotčené nemovitosti souhlasí, nebo přípojky elektronických komunikací do délky 100 metrů; přípojkou elektronických komunikací se rozumí část sítě elektronických komunikací, která umožňuje připojen",1441
PRVNÍ,I,283/2021,662,zruseni,,"V příloze č. 1 odst. 1 písm. d) se slova „a nejde o udržovací práce na stavbě, která je kulturní památkou“ zrušují.",0
PRVNÍ,I,283/2021,663,vlozeni,,"V příloze č. 1 odst. 1 písm. e) se slova „stavební úpravy, pokud“ nahrazují slovy „stavební úpravy včetně zateplení budov, pokud“, slova „se jimi nezasahuje do nosných konstrukcí stavby“ se nahrazují slovy „jimi není ovlivněna mechanická odolnost a stabilita stavby“, za slova „nemění se“ se vkládá slovo „významně“, slovo „způsob“ se nahrazuje slovem „účel“ a slova „a nejde o stavební úpravy stavby",0
PRVNÍ,I,283/2021,664,nahrazeni,,"V příloze č. 1 odst. 1 písm. f) se slova „se jimi nezasahuje do nosných konstrukcí stavby, nemění se způsob“ nahrazují slovy „jimi není ovlivněna mechanická odolnost a stabilita stavby, nemění se účel“.",0
PRVNÍ,I,283/2021,665,nahrazeni,,"V příloze č. 1 odst. 1 písm. i) bodě 2 se číslo „5,0“ nahrazuje číslem „3,0“ a číslo „1“ se nahrazuje číslem „0,25“.",0
PRVNÍ,I,283/2021,666,nahrazeni,,"V příloze č. 1 odst. 1 písm. i) bodě 3 se číslo „1“ nahrazuje číslem „0,4“.",0
PRVNÍ,I,283/2021,667,zneni_plny,,"V příloze č. 1 se na konci odstavce 1 tečka nahrazuje čárkou a doplňuje se písmeno j), které zní: „j) změny využití území, a to 1. terénní úprava do 1,5 m výšky nebo hloubky o výměře do 300 m2 na pozemku, který nemá společnou hranici s veřejnou pozemní komunikací nebo veřejným prostranstvím, 2. odstavná, manipulační, prodejní, skladová nebo výstavní plocha do 300 m2, která neslouží pro skladování",1228
PRVNÍ,I,283/2021,668,zruseni,,V příloze č. 1 odst. 2 se písmeno c) zrušuje. Dosavadní písmena d) až l) se označují jako písmena c) až k).,0
PRVNÍ,I,283/2021,669,zruseni,,V příloze č. 1 odst. 2 se písmeno i) zrušuje. Dosavadní písmena j) a k) se označují jako písmena i) a j).,0
PRVNÍ,I,283/2021,670,zneni_plny,,"V příloze č. 1 se na konci odstavce 2 tečka nahrazuje čárkou a doplňují se písmena k) a l), která znějí: „k) změny využití území realizované v území, pro které je vydán plán území s archeologickými nálezy, nebo ve zvláště chráněném území, evropsky významné lokalitě nebo ptačí oblasti nebo v chráněném ložiskovém území, l) stavby pódií ve venkovním prostoru pro akce, jejichž převažujícím účelem je e",508
PRVNÍ,I,283/2021,671,vlozeni,,"V příloze č. 2 odst. 1 úvodní části ustanovení se za slova „zařízení a“ vkládají slova „nimi související“ a za slovo „úpravy“ se vkládají slova „a jejich údržba, pokud nejde o drobnou stavbu“.",0
PRVNÍ,I,283/2021,672,nahrazeni,,V příloze č. 2 odst. 1 písm. a) se slova „stavby pro bydlení a“ nahrazují slovy „rodinné domy a stavby pro“.,0
PRVNÍ,I,283/2021,673,vlozeni_plny,,"V příloze č. 2 odst. 1 se za písmeno a) vkládá nové písmeno b), které včetně poznámky pod čarou č. 87 zní: „b) bytové domy do 500 m2 zastavěné plochy, které mají nejvýše 4 nadzemní podlaží, výšku podle jiného právního předpisu87) do 9 m, nejvýše jedno podzemní podlaží a jsou určeny výhradně k bydlení, _______________ 87) Vyhláška Ministerstva vnitra č. 460/2021 Sb., o kategorizaci staveb z hledisk",342
PRVNÍ,I,283/2021,674,zruseni,,V příloze č. 2 odst. 1 se písmeno d) zrušuje. Dosavadní písmena e) až w) se označují jako písmena d) až v).,0
PRVNÍ,I,283/2021,675,zruseni,,"V příloze č. 2 odst. 1 písm. e) se slova „ , pokud nejde o drobnou stavbu“ zrušují.",0
PRVNÍ,I,283/2021,676,zruseni,,V příloze č. 2 odst. 1 se písmeno f) zrušuje. Dosavadní písmena g) až v) se označují jako písmena f) až u).,0
PRVNÍ,I,283/2021,677,nahrazeni,,"V příloze č. 2 odst. 1 písm. f) se slova „nad 60 m2 zastavěné plochy nebo nad 5 m výšky“ zrušují a slova „nepodsklepené, pokud nejde o stavby pro hospodářská zvířata anebo stavby, které mají sloužit pro skladování a zpracování hořlavých látek jako sušičky, sklady hořlavých kapalin, sklady chemických hnojiv a jiné“ se nahrazují slovy „podsklepené nejvýše do hloubky 3 m“.",0
PRVNÍ,I,283/2021,678,zruseni,,V příloze č. 2 odst. 1 se písmeno g) zrušuje. Dosavadní písmena h) až u) se označují jako písmena g) až t).,0
PRVNÍ,I,283/2021,679,zruseni,,"V příloze č. 2 odst. 1 písm. g), h), j), n) a r) se slova „ , pokud nejde o drobnou stavbu“ zrušují.",0
PRVNÍ,I,283/2021,680,zruseni,,V příloze č. 2 odst. 1 se písmeno m) zrušuje. Dosavadní písmena n) až t) se označují jako písmena m) až s).,0
PRVNÍ,I,283/2021,681,vlozeni,,V příloze č. 2 odst. 1 písm. n) se za slovo „podlažím“ vkládají slova „a podkrovím“ a slova „rodinného domu“ se nahrazují slovy „zázemí stavby“.,0
PRVNÍ,I,283/2021,682,zruseni,,V příloze č. 2 odst. 1 písm. s) se slova „pokud nejde o drobnou stavbu.“ zrušují.,0
PRVNÍ,I,283/2021,683,zneni_plny,,"V příloze č. 2 se na konci odstavce 1 doplňuje písmeno t), které zní: „t) venkovní sportoviště do 3 000 m2 včetně staveb zázemí sportoviště (toalety, sprchy, šatny, občerstvení) do 300 m2 zastavěné plochy a do 7 m výšky.“.",150
PRVNÍ,I,283/2021,684,doplneni,,"V příloze č. 2 odst. 2 se na konci úvodní části ustanovení doplňují slova „ , pokud nejde o drobnou stavbu,“.",0
PRVNÍ,I,283/2021,685,zruseni,,V příloze č. 2 odst. 2 se písmeno d) zrušuje. Dosavadní písmena e) až i) se označují jako písmena d) až h).,0
PRVNÍ,I,283/2021,686,nahrazeni,,V příloze č. 2 odst. 2 písm. f) se slovo „nezastavěném“ nahrazují slovy „nezastavitelném“.,0
PRVNÍ,I,283/2021,687,zruseni,,V příloze č. 2 odst. 3 písm. d) se slova „nebo jednoduchou stavbu podle odstavce 1 písm. o) této přílohy“ zrušují.,0
PRVNÍ,I,283/2021,688,vlozeni,,V příloze č. 3 písm. n) se za slovo „dobýváním“ vkládají slova „nebo likvidaci a zajištění“.,0
PRVNÍ,I,283/2021,689,zneni_plny,,"V příloze č. 3 se na konci písmene q) tečka nahrazuje čárkou a doplňují se písmena r) až w), která znějí: „r) stavby pro hromadné bydlení, s) stavby zařízení pro výrobu polovodičů, pokud byly Evropskou komisí uznány jako integrované výrobní zařízení nebo otevřená továrna na polovodiče podle čl. 13 až 15 nařízení (EU) 2023/1781 (Akt o čipech), t) stavby infrastruktury pro vodní dopravu, u) stavby n",820
PRVNÍ,I,283/2021,690,zneni_plny,,"V příloze č. 3 se dosavadní text označuje jako odstavec 1 a doplňuje se odstavec 2, který zní: „(2) Dále se pro účely tohoto zákona vyhrazenými stavbami rozumí stavby a záměry s vyhrazenými stavbami související.“.",116
PRVNÍ,I,283/2021,691,doplneni,,V příloze č. 5 odst. 1 se na konci textu písmene b) doplňují slova „a jejího rozvoje“.,0
PRVNÍ,I,283/2021,692,zruseni,,"V příloze č. 6 části I. odst. 1 písm. a) se slova „zastavitelných ploch, transformačních“ zrušují.",0
PRVNÍ,I,283/2021,693,vlozeni,,V příloze č. 6 části I. odst. 2 písm. a) se za slovo „vymezení“ vkládají slova „ploch a koridorů“.,0
PRVNÍ,I,283/2021,694,nahrazeni,,V příloze č. 6 části I. odst. 2 písm. d) se slova „vymezení definic“ nahrazují slovem „definice“.,0
PRVNÍ,I,283/2021,695,vlozeni,,V příloze č. 6 části I. odst. 3 úvodní části ustanovení se za slovo „plánu“ vkládají slova „má formu prostorových dat a“.,0
PRVNÍ,I,283/2021,696,vlozeni,,"V příloze č. 6 části I. odst. 4 větě první se za slovo „Výkresy“ vkládají slova „ , které jsou součástí“ a slova „se vydávají“ se nahrazují slovy „ , se zpracovávají nad mapovým podkladem“.",0
PRVNÍ,I,283/2021,697,zruseni,71,V příloze č. 6 části II. odst. 1 písm. e) se slova „zprávou o uplatňování nebo zadáním změny nebo požadavku podle § 71 odst. 1 písm. h)“ zrušují.,0
PRVNÍ,I,283/2021,698,zneni_plny,,V příloze č. 6 části II. odstavec 4 zní: „(4) Odůvodnění územního rozvojového plánu může být doplněno grafickou částí.“.,76
PRVNÍ,I,283/2021,699,zruseni,,V příloze č. 7 části I. odst. 1 písm. c) a g) se slovo „vymezení“ zrušuje.,0
PRVNÍ,I,283/2021,700,zruseni,,"V příloze č. 7 části I. odst. 1 písm. d) se slova „zastavitelné plochy, transformační“ zrušují.",0
PRVNÍ,I,283/2021,701,zruseni,,"V příloze č. 7 části I. odst. 1 písm. e) se slova „zastavitelných ploch, transformačních“ zrušují.",0
PRVNÍ,I,283/2021,702,vlozeni,,"V příloze č. 7 části I. odst. 1 písm. g) se za slovo „koridorů“ vkládají slova „zelené infrastruktury, zejména“.",0
PRVNÍ,I,283/2021,703,zruseni,,"V příloze č. 7 části I. odst. 2 písm. c) se slova „je-li to účelné,“ zrušují.",0
PRVNÍ,I,283/2021,704,nahrazeni,,V příloze č. 7 části I. odst. 2 písm. d) se slova „vymezení definic“ nahrazují slovem „definici“.,0
PRVNÍ,I,283/2021,705,vlozeni,,V příloze č. 7 části I. odst. 3 úvodní části ustanovení se za slovo „rozvoje“ vkládají slova „má formu prostorových dat a“.,0
PRVNÍ,I,283/2021,706,vlozeni,,V příloze č. 7 části I. odst. 3 písm. b) se za slovo „včetně“ vkládají slova „zelené infrastruktury a“ a slova „a územního systému ekologické stability nadregionálního a regionálního významu“ se zrušují.,0
PRVNÍ,I,283/2021,707,nahrazeni,,"V příloze č. 7 části I. odst. 4 větě první se slova „se vydávají“ nahrazují slovy „ , které jsou součástí grafické části, se zpracovávají nad mapovým podkladem“.",0
PRVNÍ,I,283/2021,708,zruseni,,"V příloze č. 7 části II. odst. 1 písm. e) se slova „ , zprávou o uplatňování nebo zadáním změny“ zrušují.",0
PRVNÍ,I,283/2021,709,zneni_plny,,V příloze č. 7 části II. odstavec 4 zní: „(4) Odůvodnění zásad územního rozvoje může být doplněno grafickou částí.“.,72
PRVNÍ,I,283/2021,710,nahrazeni,,"V příloze č. 8 části I. odst. 1 písm. a), příloze č. 8 části I. odst. 3 písm. a) bodě 2 a příloze č. 8 části I. odst. 3 písm. b) bodě 1 se slovo „zastavěného“ nahrazuje slovem „zastavitelného“.",0
PRVNÍ,I,283/2021,711,vlozeni_plny,,"V příloze č. 8 části I. odst. 1 se za písmeno e) vkládá nové písmeno f), které zní: „f) požadavky na rozvoj, zachování nebo změnu charakteru území,“. Dosavadní písmena f) až i) se označují jako písmena g) až j).",62
PRVNÍ,I,283/2021,712,nahrazeni,,V příloze č. 8 části I. odst. 1 písm. g) se slova „vymezených ploch s rozdílným způsobem využití“ nahrazují slovem „území“.,0
PRVNÍ,I,283/2021,713,vlozeni,,"V příloze č. 8 části I. odst. 1 písm. h) se za slovo „státu“ vkládají slova „ , ploch těžby“.",0
PRVNÍ,I,283/2021,714,nahrazeni,,V příloze č. 8 části I. odst. 1 písm. j) se slova „hlavního města Prahy“ nahrazují slovem „obce“.,0
PRVNÍ,I,283/2021,715,zruseni,,V příloze č. 8 části I. odst. 2 se písmeno b) zrušuje. Dosavadní písmena c) až k) se označují jako písmena b) až j).,0
PRVNÍ,I,283/2021,716,nahrazeni,,V příloze č. 8 části I. odst. 2 písm. j) se slova „vymezení definic“ nahrazují slovem „definici“.,0
PRVNÍ,I,283/2021,717,vlozeni,,V příloze č. 8 části I. odst. 3 úvodní části ustanovení se za slovo „plánu“ vkládají slova „má formu prostorových dat a“.,0
PRVNÍ,I,283/2021,718,vlozeni,,V příloze č. 8 části I. odst. 3 písm. a) úvodní části ustanovení se za slovo „obsahuje“ vkládá slovo „zejména“.,0
PRVNÍ,I,283/2021,719,zruseni,,"V příloze č. 8 části I. odst. 3 písm. a) bodě 3 se slova „ , transformačních ploch“ a slova „v krajině“ zrušují.",0
PRVNÍ,I,283/2021,720,zruseni,,V příloze č. 8 části I. odst. 3 písm. a) se bod 4 zrušuje. Dosavadní body 5 až 7 se označují jako body 4 až 6.,0
PRVNÍ,I,283/2021,721,doplneni,,V příloze č. 8 části I. odst. 3 písm. b) se na konci úvodní části ustanovení doplňuje slovo „zejména“.,0
PRVNÍ,I,283/2021,722,vlozeni,,"V příloze č. 8 části I. odst. 3 písm. b) bodě 3 se za slovo „ploch“ vkládají slova „ , nestavebních ploch“, slovo „transformačních“ se zrušuje a na konci textu bodu se doplňuje slovo „změn“.",0
PRVNÍ,I,283/2021,723,zruseni,,"V příloze č. 8 části I. odst. 3 písm. b) bodě 4 se slovo „vymezení“, slova „územního systému ekologické stability a vymezení“ a slova „v krajině“ zrušují.",0
PRVNÍ,I,283/2021,724,zruseni,,V příloze č. 8 části I. odst. 3 písm. b) bodě 5 se slovo „vymezení“ zrušuje.,0
PRVNÍ,I,283/2021,725,nahrazeni,,V příloze č. 8 části I. odst. 3 písm. b) bodě 6 se slova „s rozdílným způsobem využití“ nahrazují slovy „využití území a prostorového uspořádání“.,0
PRVNÍ,I,283/2021,726,zruseni,,V příloze č. 8 části I. odst. 3 písm. b) bodě 8 se slova „a hranici zastavitelného území“ zrušují.,0
PRVNÍ,I,283/2021,727,nahrazeni,,V příloze č. 8 části I. odst. 3 písm. b) bodě 9 se slova „vyznačení lokalit a zastavitelného území“ nahrazují slovy „vymezení ploch těžby“.,0
PRVNÍ,I,283/2021,728,nahrazeni,,"V příloze č. 8 části I. odst. 4 se slova „urbanistickou koncepci, koncepci uspořádání krajiny a koncepci veřejné infrastruktury zpracovat v samostatných výkresech“ nahrazují slovy „hlavní výkres rozdělit do samostatných výkresů“.",0
PRVNÍ,I,283/2021,729,zruseni,,"V příloze č. 8 části I. odst. 5 větě první se slova „ , které jsou součástí“ zrušují a slova „a vydávají se v měřítku 1 : 5 000“ se zrušují.",0
PRVNÍ,I,283/2021,730,nahrazeni,,V příloze č. 8 části I. odst. 7 se slova „a vydávají“ nahrazují slovem „nebo“.,0
PRVNÍ,I,283/2021,731,zruseni,,"V příloze č. 8 části II. odst. 1 písm. e) se slova „zprávou o uplatňování nebo zadáním změny,“ zrušují.",0
PRVNÍ,I,283/2021,732,zruseni,,V příloze č. 8 části II. odst. 1 se písmeno k) zrušuje. Dosavadní písmena l) až n) se označují jako písmena k) až m).,0
PRVNÍ,I,283/2021,733,nahrazeni,,"V příloze č. 8 části II. odst. 4 úvodní části ustanovení se slova „Grafická část odůvodnění územního plánu“ nahrazují slovy „Odůvodnění územního plánu může být doplněno grafickou částí, která“.",0
PRVNÍ,I,283/2021,734,zruseni,,V příloze č. 8 části II. odst. 4 se písmeno a) zrušuje. Dosavadní písmena b) a c) se označují jako písmena a) a b).,0
PRVNÍ,I,283/2021,735,nahrazeni,,V příloze č. 9 části I. odst. 1 se na konci písmene b) čárka nahrazuje tečkou a písmena c) až e) se zrušují.,0
PRVNÍ,I,283/2021,736,vlozeni_plny,,"V příloze č. 9 části I. se na začátek odstavce 2 vkládají nová písmena a) až c), která znějí: „a) podrobné podmínky pro umístění a prostorové uspořádání staveb, b) podrobné podmínky pro umístění a prostorové uspořádání staveb veřejné infrastruktury, c) podrobné podmínky pro ochranu hodnot, charakteru území a krajinného rázu,“. Dosavadní písmena a) až k) se označují jako písmena d) až n).",233
PRVNÍ,I,283/2021,737,vlozeni,,V příloze č. 9 části I. odst. 3 úvodní části ustanovení se za slovo „plánu“ vkládají slova „má formu prostorových dat a“.,0
PRVNÍ,I,283/2021,738,nahrazeni,,"V příloze č. 9 části I. odst. 4 se slova „graficky vyjádřitelné podmínky umístění a prostorového uspořádání staveb, včetně jejich napojení na veřejnou dopravní a technickou infrastrukturu, zpracovat v samostatných výkresech“ nahrazují slovy „hlavní výkres rozdělit do samostatných výkresů“.",0
PRVNÍ,I,283/2021,739,zruseni,,"V příloze č. 9 části I. odst. 5 větě první se slova „ , které jsou součástí“ a slova „a vydávají“ zrušují.",0
PRVNÍ,I,283/2021,740,zruseni,,V příloze č. 9 části II. odst. 1 písm. e) se slova „nebo zadáním změny“ zrušují.,0
PRVNÍ,I,283/2021,741,nahrazeni,,"V příloze č. 9 části II. odst. 4 úvodní části ustanovení se slova „Grafická část odůvodnění regulačního plánu“ nahrazují slovy „Odůvodnění regulačního plánu může být doplněno grafickou částí, která“.",0
PRVNÍ,I,283/2021,742,zruseni,,V příloze č. 9 části II. odst. 4 se písmeno a) zrušuje. Dosavadní písmena b) a c) se označují jako písmena a) a b).,0
,II,283/2021,,prechodne,,"Čl. II Přechodná ustanovení Přechodná ustanovení k ústředním orgánům 1. Úřad rozvoje území České republiky (dále jen „Úřad“) vzniká a svou působnost podle zákona č. 283/2021 Sb., ve znění účinném ode dne nabytí účinnosti tohoto zákona začíná vykonávat dnem 1. ledna 2027. Návrh první systemizace a ji provádějící organizační struktury Úřadu předloží státní tajemník v Ministerstvu pro místní rozvoj d",0
DRUHÁ,III,2/1969,1,nahrazeni,1,V § 1 bodu 9 se slova „průmyslu a obchodu“ nahrazují slovem „hospodářství“.,0
DRUHÁ,III,2/1969,2,zneni_plny,2,"V § 2 se na konci bodu 19 tečka nahrazuje čárkou a doplňuje se bod 20, který zní: „20. Úřad rozvoje území České republiky.“.",39
DRUHÁ,III,2/1969,3,nahrazeni,13,V § 13 odst. 1 až 5 se slova „průmyslu a obchodu“ nahrazují slovem „hospodářství“.,0
DRUHÁ,III,2/1969,4,zruseni,14,"V § 14 odst. 1 se slova „územního plánování a stavebního řádu, vyvlastnění,“ zrušují.",0
,IV,,,prechodne,,"Čl. IV Přechodná ustanovení 1. Dnem 1. ledna 2027 se Ministerstvo průmyslu a obchodu přejmenuje na Ministerstvo hospodářství. 2. Odkazuje-li jiný právní předpis na Ministerstvo průmyslu a obchodu, rozumí se tím ode dne 1. ledna 2027 Ministerstvo hospodářství. ČÁST TŘETÍ Změna zákona o požární ochraně",0
TŘETÍ,V,133/1985,1,vlozeni,24,V § 24 odst. 1 písm. t) se za slovo „stanovisko“ vkládají slova „nebo vyjádření“.,0
TŘETÍ,V,133/1985,2,zruseni,24,V § 24 se odstavec 3 zrušuje.,0
TŘETÍ,V,133/1985,3,vlozeni_plny,26;26a,"Za § 26 se vkládá nový § 26a, který zní: „§ 26a Vláda stanoví nařízením technické podmínky požární ochrany pro navrhování, výstavbu nebo užívání staveb, a to za účelem omezení rozvoje a šíření ohně a kouře ve stavbě, omezení šíření požáru na sousední stavby, evakuace a umožnění účinného a bezpečného zásahu jednotek požární ochrany. Pro podrobnější vymezení těchto podmínek lze využít hodnot a postu",403
TŘETÍ,V,133/1985,4,zneni_plny,31,"V § 31 odst. 1 písmeno b) zní: „b) posuzováním 1. dokumentace pro povolení stavby, zařízení nebo udržovacích prací podle stavebního zákona, včetně změn této dokumentace, 2. dokumentace pro provádění stavby, 3. dokumentace nebo jiného podkladu ke změně v účelu užívání stavby,“.",247
TŘETÍ,V,133/1985,5,nahrazeni,31,V § 31 odst. 1 písm. c) se slovo „stanovisek“ nahrazuje slovy „závazných stanovisek nebo vyjádření“.,0
TŘETÍ,V,133/1985,6,zneni_plny,31;39,"V § 31 odstavec 3 zní: „(3) Výsledkem posuzování podkladů, dokumentace a ověřování splnění stanovených požadavků podle odstavce 1 písm. b) a c) je a) závazné stanovisko dotčeného orgánu na úseku požární ochrany u stavby podle § 39 odst. 1 písm. d), b) vyjádření dotčeného orgánu na úseku požární ochrany u stavby podle § 39 odst. 1 písm. c), které slouží jako podklad pro řízení nebo jiný postup vede",408
TŘETÍ,V,133/1985,7,vlozeni,31,V § 31 odst. 6 úvodní části ustanovení se za slovo „změně“ vkládají slova „vyjádření nebo“.,0
TŘETÍ,V,133/1985,8,zneni_plny,31,"V § 31 se doplňuje odstavec 7, který zní: „(7) Při kontrolách podle odstavce 1 písm. a) a g) postupují orgány vykonávající státní požární dozor podle kontrolního řádu.“.",125
TŘETÍ,V,133/1985,9,doplneni,40,"V § 40 se na konci odstavce 3 doplňuje věta „K zpracování požárně bezpečnostního řešení pro stavbu kategorie I je dále oprávněna i osoba, která je autorizovaným inženýrem pro obor pozemní stavby podle zvláštního právního předpisu12) a které k tomuto současně byla udělena specializace v rámci tohoto oboru podle zvláštního právního předpisu12).“.",0
TŘETÍ,V,133/1985,10,zruseni,95,V § 95 se věty druhá a třetí zrušují.,0
TŘETÍ,V,133/1985,11,nahrazeni,99;24;26a,V § 99 větě první a druhé se text „§ 24 odst. 3“ nahrazuje textem „§ 26a“.,0
TŘETÍ,V,133/1985,12,zneni_plny,102;26a,§ 102 zní: „§ 102 Vláda na návrh Ministerstva a Úřadu rozvoje území České republiky vydá prováděcí právní předpis k provedení § 26a.“.,122
,VI,,,prechodne,26a,"Čl. VI Přechodná ustanovení 1. Řízení a postupy zahájené přede dnem nabytí účinnosti tohoto zákona se dokončí podle dosavadních právních předpisů. 2. Do nabytí účinnosti nařízení vlády podle § 26a, nejpozději však do 31. prosince 2028, se postupuje v případě posouzení podmínek požární ochrany pro navrhování, výstavbu nebo užívání staveb podle vyhlášky č. 23/2008 Sb., o technických podmínkách požár",0
ČTVRTÁ,VII,20/1987,1,zneni_plny,1,"§ 1 a 2 včetně nadpisů znějí: „§ 1 Předmět a účel zákona (1) Tento zákon upravuje ochranu památkového fondu (kulturních památek, národních kulturních památek, památkových rezervací, památkových zón) jako součásti národního kulturního pokladu České republiky při respektování nároků na současný život a na udržitelný rozvoj památkového fondu a stanovuje podmínky pro jeho uchování, využití, poznávání,",2107
ČTVRTÁ,VII,20/1987,2,doplneni,3,"V § 3 se na konci odstavce 2 doplňuje věta „Nesouhlasí-li vlastník s prohlášením jeho věci nebo stavby za kulturní památku, lze ji prohlásit za kulturní památku jen prokáže-li na tom Ministerstvo kultury převažující veřejný zájem nad zájmy jejího vlastníka.“.",0
ČTVRTÁ,VII,20/1987,3,vlozeni,3;32,"V § 3 odst. 4 větě druhé se za text „(§ 32)“ vkládají slova „ , u stavby též stavební úřad“.",0
ČTVRTÁ,VII,20/1987,4,vlozeni,6a,"V nadpisu § 6a se za slovo „ochrany“ vkládají slova „ , péče a rozvoje“.",0
ČTVRTÁ,VII,20/1987,5,vlozeni,6a,"V § 6a odst. 1 se slova „ , úřadem územního plánování1)“ zrušují, za slovo „ochraně“ se vkládají slova „ , péči a rozvoji“, slova „(dále jen „plán ochrany“)“ se nahrazují slovy „(dále jen „plán ochrany, péče a rozvoje“)“, za slovo „způsob“ se vkládají slova „péče a rozvoje památkové rezervace nebo památkové zóny a“, za slovo „zabezpečení“ se vkládá slovo „ochrany“, slova „ , včetně výsadby a kácen",0
ČTVRTÁ,VII,20/1987,6,vlozeni_plny,6a,"V § 6a se za odstavec 1 vkládá nový odstavec 2, který zní: „(2) Plán ochrany, péče a rozvoje zajišťuje vyváženou a trvale udržitelnou kombinaci ochrany památkových a přírodních hodnot, zájmů vlastníků nemovitostí, návštěvníků a potřeb života lidí v památkové rezervaci nebo památkové zóně, zejména bydlení, práce, podnikání, cestovního ruchu a trávení volného času, rozvoje daného území, veřejné infr",484
ČTVRTÁ,VII,20/1987,7,vlozeni,6a,"V § 6a odst. 3 až 7 se za slovo „ochrany“ vkládají slova „ , péče a rozvoje“.",0
ČTVRTÁ,VII,20/1987,8,zneni_plny,9;1,"V § 9 odstavec 1 zní: „(1) Vlastník kulturní památky je povinen ji na svůj náklad chránit před poškozením, znehodnocením, zničením nebo odcizením, udržovat ji v takovém stavu, aby se zachovala hodnota, pro kterou je chráněna, a užívat ji způsobem, který odpovídá její památkové hodnotě a technickému stavu, s přihlédnutím k současným potřebám a využití v souladu se zásadami uvedenými v § 1.“.",372
ČTVRTÁ,VII,20/1987,9,zruseni,9,"V § 9 odst. 2 se slovo „ohrožením,“ zrušuje.",0
ČTVRTÁ,VII,20/1987,10,zneni_plny,9,"V § 9 odstavec 3 zní: „(3) Každý je povinen počínat si tak, aby vlastní činností nezpůsobil nepříznivé změny stavu kulturních památek nebo jejich prostředí.“.",134
ČTVRTÁ,VII,20/1987,11,doplneni,11,"V § 11 se na konci textu odstavce 2 doplňují slova „ , nestanoví-li tento nebo jiný právní předpis jinak“.",0
ČTVRTÁ,VII,20/1987,12,zruseni,12,V § 12 odst. 1 větě první se slova „ohrožení nebo“ zrušují.,0
ČTVRTÁ,VII,20/1987,13,vlozeni,14,"V § 14 odst. 1 se za slovo „rekonstrukci“ vkládají slova „ , restaurování, modernizaci, přístavbu, nástavbu“.",0
ČTVRTÁ,VII,20/1987,14,zneni_plny,14,"V § 14 odstavce 2 a 3 znějí: „(2) Vlastník (správce, uživatel) nemovitosti, která není kulturní památkou, ale je v památkové rezervaci nebo v památkové zóně, je povinen si k zamýšlené stavbě, změně stavby, kterou se mění vnější vzhled stavby, nebo k odstranění stavby, terénní úpravě nebo umístění zařízení anebo reklamního poutače předem vyžádat rozhodnutí nebo vyjádření obecního úřadu obce s rozší",1387
ČTVRTÁ,VII,20/1987,15,nahrazeni,14,"V § 14 odst. 4 větě první se slova „odstavců 1 a 2“ nahrazují slovy „odstavce 1“, ve větě druhé a třetí se číslo „20“ nahrazuje číslem „10“, ve větě druhé se číslo „30“ nahrazuje číslem „20“ a na konci odstavce se doplňuje věta „Podkladem pro rozhodnutí nebo závazné stanovisko orgánu státní památkové péče mohou být i další odborné podklady.“.",0
ČTVRTÁ,VII,20/1987,16,zneni_plny,14,V § 14 odstavec 5 zní: „(5) Orgán státní památkové péče nebo stavební úřad si mohou vyžádat odborné vyjádření odborné organizace státní památkové péče i pro účely rozhodnutí nebo vyjádření podle odstavce 2.“.,184
ČTVRTÁ,VII,20/1987,17,vlozeni_plny,14,"V § 14 se za odstavec 8 vkládají nové odstavce 9 a 10, které znějí: „(9) Jde-li o záměr vyžadující povolení podle stavebního zákona, který je v památkové rezervaci, památkové zóně nebo v ochranném pásmu, ověří splnění podmínek podle tohoto zákona stavební úřad v řízení o záměru podle stavebního zákona. Při posuzování záměrů v ochranném pásmu dbá pouze na to, aby nedošlo k narušení chráněných hodno",798
ČTVRTÁ,VII,20/1987,18,nahrazeni,15,"V § 15 odst. 3 větě první se slova „nebo užívá-li kulturní památku v rozporu s jejím kulturně politickým významem, památkovou hodnotou nebo technickým stavem“ zrušují a slovo „společenském“ se nahrazuje slovem „veřejném“.",0
ČTVRTÁ,VII,20/1987,19,zneni_plny,17,"V § 17 odstavec 1 zní: „(1) Vyžaduje-li to ochrana nemovité kulturní památky, nemovité národní kulturní památky, památkové rezervace nebo památkové zóny, vydá obecní úřad obce s rozšířenou působností, a v případě nemovité národní kulturní památky krajský úřad opatření obecné povahy o ochranném pásmu. Ochranné pásmo a jeho rozsah musí být přiměřené předmětu a významu ochrany a musí přihlížet i k zá",460
ČTVRTÁ,VII,20/1987,20,doplneni,22,V § 22 se na konci odstavce 1 doplňuje věta „Bez souhlasu vlastníka mohou být archeologické průzkumy na nemovitosti prováděny nejvýše po dobu 8 měsíců.“.,0
ČTVRTÁ,VII,20/1987,21,vlozeni,22,"V § 22 odst. 2 větě první se za slova „dotčeném území“ vkládají slova „po dobu nezbytně nutnou“, ve větě druhé se za slova „náklady záchranného archeologického výzkumu“ vkládají slova „nejvýše po dobu 4 měsíců od jeho zahájení“ a za slova „tento stavebník“ se vkládají slova „ , pokud se stavebník a Archeologický ústav nebo oprávněná organizace nedohodnou jinak“.",0
ČTVRTÁ,VII,20/1987,22,doplneni,25,V § 25 se na konci textu odstavce 1 doplňují slova „a stavební úřady“.,0
ČTVRTÁ,VII,20/1987,23,doplneni,25;1,V § 25 se na konci textu odstavce 3 doplňují slova „a zásadami uvedenými v § 1“.,0
ČTVRTÁ,VII,20/1987,24,nahrazeni,26,"V § 26 odst. 2 písm. c) se slovo „rozvoje,“ nahrazuje slovy „rozvoje a“ a slova „a při vymezení zastavěného území“ a „nebo vymezení zastavěného území“ se zrušují.",0
ČTVRTÁ,VII,20/1987,25,zruseni,26,"V § 26 odst. 2 písm. d) se slova „ , její ochranné pásmo“ zrušují.",0
ČTVRTÁ,VII,20/1987,26,nahrazeni,26;1,V § 26 odst. 2 písm. f) se slova „kulturně výchovné využívání národních kulturních památek a kulturně výchovné využívání“ nahrazují slovy „využívání národních kulturních památek a“ a na konci textu písmene se doplňují slova „a zásadami uvedenými v § 1“.,0
ČTVRTÁ,VII,20/1987,27,vlozeni_plny,26;28,"V § 26 odst. 3 se slova „závazné stanovisko“ nahrazují slovem „vyjádření“. 28. Pod označení § 28 se vkládá nadpis, který zní: „Krajský úřad“.",12
ČTVRTÁ,VII,20/1987,29,nahrazeni,28,"V § 28 odst. 2 písm. c) se slova „územního plánu,“ nahrazují slovy „územního plánu a“ a slova „a při vymezení zastavěného území“ se zrušují.",0
ČTVRTÁ,VII,20/1987,30,zruseni,28,V § 28 odst. 2 písm. d) se slova „nebo její ochranné pásmo“ zrušují.,0
ČTVRTÁ,VII,20/1987,31,zneni_plny,29;14,"V § 29 odst. 2 písmeno b) zní: „b) zabezpečuje předpoklady pro péči o kulturní památky a nemovitosti, které nejsou kulturní památkou, ale jsou v památkové rezervaci nebo v památkové zóně, a v souvislosti s tím vydává jako dotčený orgán pro kulturní památky závazné stanovisko podle § 14 odst. 1 a pro nemovitosti, které nejsou kulturní památkou, ale jsou v památkové rezervaci nebo v památkové zóně,",540
ČTVRTÁ,VII,20/1987,32,nahrazeni,29,"V § 29 odst. 2 písm. c) se slova „územního plánu,“ nahrazují slovy „územního plánu a“ a slova „a při vymezení zastavěného území“ se zrušují.",0
ČTVRTÁ,VII,20/1987,33,zneni_plny,29,"V § 29 odst. 2 písmeno i) zní: „i) vykonává z hlediska státní památkové péče dozor při obnově kulturních památek,“.",81
ČTVRTÁ,VII,20/1987,34,zneni_plny,31,"§ 31 včetně nadpisu zní: „§ 31 Stavební úřad (1) Stavební úřad jako orgán státní památkové péče a) ověřuje v řízení o povolení záměru splnění podmínek podle tohoto zákona pro záměry, které nejsou kulturní památkou, ale jsou v památkové rezervaci, v památkové zóně nebo v ochranném pásmu, b) dozírá v rozsahu své působnosti na dodržování tohoto zákona a předpisů vydaných k jeho provedení, c) plní dal",532
ČTVRTÁ,VII,20/1987,35,nahrazeni,32;1,"V § 32 odst. 1 se slovo „veškeré“ zrušuje a slova „k zabezpečení jednoty kulturně politických záměrů a ideově metodických, ekonomických a technických hledisek, jakož i perspektivního rozvoje státní památkové péče“ se nahrazují slovy „v souladu se zásadami uvedenými v § 1“.",0
ČTVRTÁ,VII,20/1987,36,zruseni,32,V § 32 odst. 2 písm. b) se slova „a metodiku společenského uplatnění kulturních památek“ zrušují.,0
ČTVRTÁ,VII,20/1987,37,zruseni,32;35,"V § 32 odst. 2 písm. h) se slova „kulturně výchovné“ zrušují. 38. Část pátá včetně nadpisu zní: „ČÁST PÁTÁ PŘESTUPKY § 35 (1) Přestupku se dopustí ten, kdo a) nechrání věc nebo stavbu před poškozením, zničením nebo odcizením od doručení vyrozumění o podání návrhu na prohlášení za kulturní památku nebo o tom, že ministerstvo kultury hodlá věc nebo stavbu prohlásit za kulturní památku z vlastního po",0
ČTVRTÁ,VII,20/1987,39,zruseni,43,§ 43 se včetně poznámek pod čarou č. 26 až 30 zrušuje.,0
ČTVRTÁ,VII,20/1987,40,nahrazeni,45;6a;14;29;31,"V § 45 se text „§ 6a odst. 6“ nahrazuje textem „§ 6a odst. 7“, text „§ 14 odst. 9“ se nahrazuje textem „§ 14 odst. 11“ a slova „ , § 29 odst. 4 a § 31 odst. 6“ se nahrazují slovy „a § 29 odst. 4“.",0
,VIII,20/1987,,prechodne,,"Čl. VIII Přechodná ustanovení 1. Řízení a postupy zahájené a neskončené přede dnem nabytí účinnosti tohoto zákona se dokončí podle zákona č. 20/1987 Sb., ve znění účinném ode dne nabytí účinnosti tohoto zákona, není-li stanoveno jinak. 2. Řízení a postupy zahájené a neskončené do dne vzniku Úřadu rozvoje území České republiky (dále jen „Úřad“), k nimž je příslušný Úřad nebo jiný stavební úřad, pře",0
PÁTÁ,IX,44/1988,1,nahrazeni,3;6;11;12;14;14c;14d;15,"V § 3 odst. 4, § 6 odst. 2, § 11 odst. 6, § 12, § 14 odst. 3, § 14c odst. 1 a 5, § 14d odst. 3 a 4, § 15 odst. 2, § 17 odst. 1, § 24 odst. 2, § 29a odst. 2 a 5 až 8, § 31 odst. 2, § 33 odst. 3, § 33k odst. 3 a 4, § 33o odst. 1, § 33q, § 33w odst. 1 a 2, § 35 odst. 7, § 37a odst. 4, § 40b odst. 1 se slova „průmyslu a obchodu“ nahrazují slovem „hospodářství“.",0
PÁTÁ,IX,44/1988,2,vlozeni,14d,"V § 14d odst. 2 se za slovo „prostorů“ vkládají slova „ , rozhodování o změně využití území, rozhodování o povolení hornické činnosti a činnosti prováděné hornickým způsobem“.",0
PÁTÁ,IX,44/1988,3,vlozeni,14d,"V § 14d se na začátek odstavce 4 vkládá věta „Naplňování surovinové politiky, zajištění surovinové bezpečnosti a surovinové soběstačnosti je veřejným zájmem.“.",0
PÁTÁ,IX,44/1988,4,zruseni,17,V § 17 se odstavec 5 zrušuje. Dosavadní odstavce 6 až 8 se označují jako odstavce 5 až 7.,0
PÁTÁ,IX,44/1988,5,nahrazeni,17,V § 17 odst. 6 se číslo „5“ nahrazuje číslem „4“.,0
PÁTÁ,IX,44/1988,6,zneni_plny,26,V § 26 odstavec 3 zní: „(3) Povrchové hranice stanoveného dobývacího prostoru se vyznačí v územně plánovací dokumentaci jako plochy těžby. V případě dobývacího prostoru pro hlubinnou těžbu nerostů může být plocha těžby po předchozí dohodě s Ministerstvem hospodářství vyznačena pouze v rozsahu nezbytném pro hospodárné vydobytí výhradního ložiska. Rozhodnutí o stanovení dobývacího prostoru je pro úz,629
PÁTÁ,IX,44/1988,7,zneni_plny,28a,§ 28a a 28b včetně nadpisů znějí: „§ 28a Zvláštní ustanovení o dobývacím prostoru pro dobývání kritického nerostu (1) Řízení o stanovení nebo změně dobývacího prostoru pro dobývání kritického nerostu se zahajuje na návrh organizace. (2) Obvodní báňský úřad o návrhu rozhodne nejpozději do 60 dnů ode dne podání bezvadného návrhu na stanovení nebo změnu dobývacího prostoru pro dobývání kritického ner,4594
PÁTÁ,IX,44/1988,8,vlozeni_plny,28b;28c,"Za § 28b se vkládají nové § 28c a 28d, které včetně nadpisů znějí: „§ 28c Plánovací smlouva a námitky (1) Za účelem stanovení podmínek pro stanovení dobývacího prostoru může organizace uzavřít s obcí, krajem nebo hlavním městem Prahou, případně i dalšími osobami, plánovací smlouvu, jejímž obsahem je zejména vzájemná povinnost stran poskytnout si součinnost při vyhledávání a průzkumu, otvírce, příp",1416
PÁTÁ,IX,44/1988,9,zruseni,33,"V § 33 odst. 7 se slova „vymezení zastavěného území,“ zrušují.",0
,X,44/1988,,prechodne,28a,"Čl. X Přechodná ustanovení 1. Řízení a postupy zahájené a neskončené přede dnem nabytí účinnosti tohoto zákona se dokončí podle zákona č. 44/1988 Sb., ve znění účinném ode dne nabytí účinnosti tohoto zákona. 2. Do zrušení zákona č. 148/2023 Sb., o jednotném environmentálním stanovisku, se § 28a odst. 5 zákona č. 44/1988 Sb., ve znění účinném ode dne nabytí účinnosti tohoto zákona, neuplatní na jed",0
ŠESTÁ,XI,61/1988,1,zneni_plny,18b,"§ 18b a 18c včetně nadpisů znějí: „§ 18b Zvláštní ustanovení o povolení hornické činnosti pro dobývání kritických nerostů (1) Řízení o povolení hornické činnosti otvírky, přípravy a dobývání kritických nerostů se zahajuje na návrh organizace. (2) Obvodní báňský úřad o návrhu rozhodne nejpozději do 60 dnů ode dne podání bezvadného návrhu o povolení hornické činnosti otvírky, přípravy a dobývání kri",4615
ŠESTÁ,XI,61/1988,2,vlozeni_plny,18c;18d,"Za § 18c se vkládají nové § 18d a 18e, které včetně nadpisů znějí: „§ 18d Plánovací smlouva a námitky (1) Za účelem stanovení podmínek pro povolení hornické činnosti a činnosti prováděné hornickým způsobem může organizace uzavřít s obcí, krajem nebo hlavním městem Prahou, případně i dalšími osobami, plánovací smlouvu, jejímž obsahem je zejména vzájemná povinnost stran poskytnout si součinnost při",1387
ŠESTÁ,XI,61/1988,3,nahrazeni,19,"V § 19 odst. 3 větě první se slova „a 18“ nahrazují slovy „ , 18, 18c, 18d a 18e“.",0
ŠESTÁ,XI,61/1988,4,nahrazeni,40,V § 40 odst. 6 písm. i) se slova „Ministerstvem pro místní rozvoj nebo radou kraje“ nahrazují slovy „Úřadem rozvoje území České republiky nebo krajem“.,0
,XII,61/1988,,prechodne,18b,"Čl. XII Přechodná ustanovení 1. Řízení a postupy zahájené a neskončené přede dnem nabytí účinnosti tohoto zákona se dokončí podle zákona č. 61/1988 Sb., ve znění účinném ode dne nabytí účinnosti tohoto zákona. 2. Do zrušení zákona č. 148/2023 Sb., o jednotném environmentálním stanovisku, se § 18b odst. 5 zákona č. 61/1988 Sb., ve znění účinném ode dne nabytí účinnosti tohoto zákona, neuplatní na j",0
SEDMÁ,XIII,62/1988,1,nahrazeni,13,V § 13 odst. 3 se slova „územnímu rozhodnutí“ nahrazují slovy „žádosti o povolení záměru“.,0
SEDMÁ,XIII,62/1988,2,zruseni,22a,V § 22a se odstavec 5 včetně poznámky pod čarou č. 23 zrušuje. ČÁST OSMÁ Změna zákona o ochraně přírody a krajiny,0
OSMÁ,XIV,114/1992,1,vlozeni,1,"V § 1 větě druhé se za slovo „zohlednit“ vkládají slova „i jiné veřejné zájmy,“.",0
OSMÁ,XIV,114/1992,2,zneni_plny,3,"§ 3 včetně nadpisu a poznámek pod čarou č. 69 a 70 zní: „§ 3 Vymezení pojmů (1) Pro účely tohoto zákona se vymezují některé základní pojmy takto a) územní systém ekologické stability krajiny (dále jen „systém ekologické stability“) je vzájemně propojený soubor přirozených i pozměněných, avšak přírodě blízkých ekosystémů, které udržují přírodní rovnováhu. Rozlišuje se místní, regionální a nadregion",9339
OSMÁ,XIV,114/1992,3,vlozeni,4,V § 4 odst. 1 a 2 se za slova „Ministerstvo životního prostředí“ vkládají slova „po dohodě s Úřadem rozvoje území České republiky“.,0
OSMÁ,XIV,114/1992,4,nahrazeni,4,V § 4 odst. 3 se číslo „23“ nahrazuje číslem „21“.,0
OSMÁ,XIV,114/1992,5,zneni_plny,4,"V § 4 odstavec 6 zní: „(6) Ke stanovení dobývacího prostoru, povolení hornické činnosti, povolení dobývání ložiska nevyhrazeného nerostu nebo povolení likvidace důlních děl a lomů je nezbytné vyjádření orgánu ochrany přírody. Při vydávání vyjádření podle věty první, jakož i v dalších řízeních a při vydávání dalších závazných stanovisek a vyjádření podle tohoto zákona, pokud se týkají hornické činn",792
OSMÁ,XIV,114/1992,6,zruseni,5,V § 5 odst. 1 se věta druhá zrušuje.,0
OSMÁ,XIV,114/1992,7,zneni_plny,5,"V § 5 odstavec 3 zní: „(3) Fyzické a právnické osoby jsou povinny při provádění zemědělských, a lesnických prací, při plánování, provádění a užívání staveb, plánování a provádění terénních úprav, činnosti prováděné hornickým způsobem, ve vodním hospodářství, v dopravě a energetice postupovat tak, aby nedocházelo ke zbytečnému úhynu rostlin a zraňování nebo úhynu živočichů nebo ničení biotopů druhů",622
OSMÁ,XIV,114/1992,8,nahrazeni,5,V § 5 odst. 4 a 5 se slovo „zastavěném“ nahrazuje slovem „zastavitelném“.,0
OSMÁ,XIV,114/1992,9,zruseni,5,V § 5 odst. 10 se slova „volně žijících“ a „planě rostoucích“ zrušují.,0
OSMÁ,XIV,114/1992,10,zneni_plny,5,"V § 5 odstavec 11 zní: „(11) Ujmout se živočicha neschopného v důsledku zranění, nemoci nebo jiných okolností přežít ve volné přírodě, je možné pouze v případě, že nedojde k významnému narušení přirozených přírodních procesů a vzájemných interakcí mezi živočichy. Kdo se takového živočicha ujme, musí postupovat tak, aby nebyl znemožněn jeho návrat do přírody. Vyžaduje- li stav takového živočicha od",620
OSMÁ,XIV,114/1992,11,zruseni,5,"V § 5 se odstavce 12 až 14 zrušují. 12. Poznámka pod čarou č. 4b, která zní: „4b) Zákon č. 246/1992 Sb., na ochranu zvířat proti týrání, ve znění pozdějších předpisů. Zákon č. 449/2001 Sb. Zákon č. 102/1963 Sb.“, se zrušuje.",0
OSMÁ,XIV,114/1992,13,zruseni,5a,V nadpisu § 5a se slova „volně žijících“ zrušují.,0
OSMÁ,XIV,114/1992,14,nahrazeni,5a,"V § 5a odst. 1 úvodní části ustanovení se slova „druhů ptáků, kteří volně žijí na evropském území členských států Evropských společenství (dále jen „ptáci“)“ nahrazují slovem „ptáků“.",0
OSMÁ,XIV,114/1992,15,nahrazeni,5a;50;49,V § 5a odst. 6 se slova „§ 50 až 57“ nahrazují slovy „§ 49 až 56“.,0
OSMÁ,XIV,114/1992,16,zruseni,5b,V § 5b odst. 1 se slova „volně žijících“ a „planě rostoucích“ zrušují.,0
OSMÁ,XIV,114/1992,17,zneni_plny,5b,V § 5b odst. 3 písmeno d) zní: „d) způsob kontrol uplatňování odchylného postupu.“.,49
OSMÁ,XIV,114/1992,18,doplneni,5b,"V § 5b se na konci odstavce 4 doplňuje věta „Orgán ochrany přírody následně informuje na úřední desce, případně rovněž dalšími vhodnými způsoby, že podmínky pro uplatnění postupu povoleného opatřením obecné povahy nastaly.“.",0
OSMÁ,XIV,114/1992,19,vlozeni_plny,5b;5c,"Za § 5b se vkládá nový § 5c, který včetně nadpisu a poznámky pod čarou č. 71 zní: „§ 5c Podpora opylovačů (1) Při provádění zemědělských a lesnických prací, údržbě veřejné zeleně, plánování, provádění a užívání staveb, plánování a provádění terénních úprav a při údržbě ploch zeleně v rámci vodního hospodářství a v dopravě a energetice je každý povinen postupovat tak, aby nedocházelo k zbytečnému p",2508
OSMÁ,XIV,114/1992,20,zruseni,6,"V § 6 odst. 1 větě poslední se slova „ , úřadu územního plánování“ zrušují.",0
OSMÁ,XIV,114/1992,21,vlozeni,8,"V § 8 odst. 2 větě první se za slova „těchto zařízení“ vkládají slova „ , k odstraňování dřevin v ochranném pásmu vodovodu nebo kanalizace prováděném při provozování těchto zařízení“ a ve větě druhé se číslo „15“ nahrazuje číslem „30“.",0
OSMÁ,XIV,114/1992,22,nahrazeni,12,V § 12 odst. 2 se slova „obecně závazným právním předpisem“ nahrazují slovy „po dohodě s Úřadem rozvoje území České republiky vyhláškou“.,0
OSMÁ,XIV,114/1992,23,nahrazeni,12,"V § 12 odst. 4 se slovo „zastavěném“ nahrazuje slovem „zastavitelném“, slova „a v zastavitelných plochách, pro které je územním plánem nebo regulačním plánem stanoveno plošné a prostorové uspořádání a podmínky ochrany krajinného rázu dohodnuté s orgánem ochrany přírody9a)“ se nahrazují slovy „ , koridoru pro stavební záměr nebo ploše těžby vymezeném v souladu se stanoviskem orgánu ochrany přírody",0
OSMÁ,XIV,114/1992,24,zneni_plny,13g,"V § 13g se doplňují odstavce 3 a 4, které znějí: „(3) Stanoví-li Ministerstvo životního prostředí opatření k odstranění invazního nepůvodního druhu na unijním seznamu podle odstavce 2 rozhodnutím a hrozí-li nebezpečí z prodlení, lze toto rozhodnutí vydat jako první úkon v řízení. Odvolání proti rozhodnutí o stanovení opatření k odstranění invazního nepůvodního druhu na unijním seznamu podle odstav",1083
OSMÁ,XIV,114/1992,25,vlozeni,13h;13d,"V § 13h odst. 3 se za slovo „možné“ vkládají slova „ , pokud jej umožňují zásady regulace nebo bližší podmínky uplatňování zásad regulace,“ a na konci odstavce se doplňuje věta „Žadatel o povolení je povinen zpracovat pohotovostní plán, a to v souladu s prováděcím právním předpisem vydaným podle § 13d odst. 1; výrok o schválení pohotovostního plánu je součástí povolení.“.",0
OSMÁ,XIV,114/1992,26,vlozeni,13j,V § 13j odst. 1 se za text „čl. 8 odst. 1“ vkládají slova „nebo podle čl. 19 odst. 2“.,0
OSMÁ,XIV,114/1992,27,doplneni,13j,"V § 13j se na konci odstavce 2 doplňují věty „Dojde-li po provedení registrace ke změně v osobě vlastníka nebo držitele jedince invazního nepůvodního druhu živočicha na unijním seznamu, oznámí tuto změnu nový vlastník nebo držitel prostřednictvím evidence druhové ochrany nejpozději do 30 dnů ode dne, kdy k ní došlo. Nový vlastník nebo držitel jedince invazního nepůvodního druhu živočicha na unijní",0
OSMÁ,XIV,114/1992,28,zneni_plny,13j,"V § 13j odstavec 3 zní: „(3) Vlastník nebo držitel jedince invazního nepůvodního druhu živočicha na unijním seznamu, u něhož byl stanoven zákaz takový druh držet nebo chovat, je oprávněn umístit jej do zařízení určeného k tomu Ministerstvem životního prostředí nebo do zařízení, které je oprávněno využívat jedince daného invazního nepůvodního druhu živočicha na unijním seznamu na základě povolení v",902
OSMÁ,XIV,114/1992,29,nahrazeni,16,V § 16 odst. 2 úvodní části ustanovení se slovo „zastavěná“ nahrazuje slovem „zastavitelná“ a slova „a zastavitelné plochy obcí“ se zrušují.,0
OSMÁ,XIV,114/1992,30,nahrazeni,16a,V § 16a odst. 2 se slovo „zastavěná“ nahrazuje slovem „zastavitelná“.,0
OSMÁ,XIV,114/1992,31,nahrazeni,16a;16b;16c;16d,"V § 16a odst. 3 písm. d), § 16b písm. a), § 16c odst. 1 písm. a) a § 16d písm. b) a c) se slovo „zastavěné“ nahrazuje slovem „zastavitelná“ a slova „a zastavitelné plochy obcí“ se zrušují.",0
OSMÁ,XIV,114/1992,32,nahrazeni,18,"V § 18 odst. 1 písm. d) se slova „zastavěných územích, zastavitelných plochách, popřípadě zastavitelném území“ nahrazují slovy „zastavitelných územích“.",0
OSMÁ,XIV,114/1992,33,nahrazeni,18,V § 18 odst. 7 se slovo „zastavěná“ nahrazuje slovem „zastavitelná“ a slova „a zastavitelné plochy obcí“ se zrušují.,0
OSMÁ,XIV,114/1992,34,nahrazeni,26,V § 26 odst. 1 písm. a) se slova „se souhlasem orgánu“ nahrazují slovem „orgánem“.,0
OSMÁ,XIV,114/1992,35,zruseni,26,V § 26 odst. 1 se písmeno b) zrušuje. Dosavadní písmena c) až i) se označují jako písmena b) až h).,0
OSMÁ,XIV,114/1992,36,vlozeni,26,V § 26 odst. 1 se na začátek písmene b) vkládají slova „mimo zastavitelné území obce“.,0
OSMÁ,XIV,114/1992,37,nahrazeni,26,"V § 26 odst. 1 písm. b) se slova „se souhlasem orgánu“ nahrazují slovem „orgánem“ a slova „kromě vjezdu a setrvávání vozidel orgánů státní správy, vozidel potřebných pro lesní a zemědělské hospodaření, obranu státu a ochranu státních hranic, požární ochranu a zdravotní a veterinární službu,“ se nahrazují slovy „s výjimkou vjezdu a setrvávání vozidel základních složek integrovaného záchranného syst",0
OSMÁ,XIV,114/1992,38,doplneni,26,V § 26 odst. 1 se na konci textu písmene g) doplňují slova „mimo zastavitelná území obcí nebo dálnice a silnice I. a II. třídy“.,0
OSMÁ,XIV,114/1992,39,nahrazeni,26,V § 26 odst. 2 písm. c) se slova „současnou skladbu a plochy kultur“ nahrazují slovy „stávající druh pozemku a způsob využití pozemku“.,0
OSMÁ,XIV,114/1992,40,nahrazeni,26,V § 26 odst. 3 písm. a) se slovo „zastavěná“ nahrazuje slovem „zastavitelná“.,0
OSMÁ,XIV,114/1992,41,nahrazeni,26,V § 26 odst. 3 písm. c) se slova „se souhlasem orgánu“ nahrazují slovem „orgánem“.,0
OSMÁ,XIV,114/1992,42,zneni_plny,26,"V § 26 se na konci odstavce 3 tečka nahrazuje čárkou a doplňuje se písmeno d), které zní: „d) tábořit a rozdělávat ohně mimo zastavitelná území obcí a místa vyhrazená orgánem ochrany přírody, s výjimkou vlastníků a oprávněných uživatelů pozemků při jejich běžném obhospodařování.“.",190
OSMÁ,XIV,114/1992,43,vlozeni,37,V § 37 odst. 2 se za slovo „území“ vkládají slova „s výjimkou zastavitelného území ochranného pásma národního parku a území do vzdálenosti 150 m od hranice zastavitelného území“.,0
OSMÁ,XIV,114/1992,44,zruseni,37,V § 37 odst. 3 úvodní části ustanovení se slovo „dále“ zrušuje.,0
OSMÁ,XIV,114/1992,45,nahrazeni,37,V § 37 odst. 3 písm. a) a d) se slovo „zastavěná“ nahrazuje slovem „zastavitelná“.,0
OSMÁ,XIV,114/1992,46,vlozeni,37,"V § 37 odst. 4 se za slovo „odstavců“ vkládá číslo „1,“ a za slovo „rozhodnutím,“ se vkládají slova „závazným stanoviskem,“.",0
OSMÁ,XIV,114/1992,47,nahrazeni,39,"V § 39 odst. 1 se věta druhá nahrazuje větou „Pro evropsky významné lokality lze namísto vyhlášení národní přírodní rezervace, národní přírodní památky, přírodní rezervace nebo přírodní památky, včetně jejich ochranných pásem, prohlásit území za chráněné, pokud již není zvláště chráněno podle tohoto zákona, na základě písemné smlouvy uzavřené mezi vlastníkem dotčeného pozemku a příslušným orgánem",0
OSMÁ,XIV,114/1992,48,vlozeni,43;17;26,"V § 43 odst. 3 se za slovo „tras“ vkládají slova „a vyznačení cest“ a za text „§ 17 odst. 2,“ se vkládá text „§ 26,“.",0
OSMÁ,XIV,114/1992,49,nahrazeni,44,"V § 44 odst. 1 se slova „ , její užívání, kolaudaci nebo“ nahrazují slovy „nebo její“.",0
OSMÁ,XIV,114/1992,50,nahrazeni,44,V § 44 odst. 3 písm. a) se slovo „zastavěném“ nahrazuje slovem „zastavitelném“.,0
OSMÁ,XIV,114/1992,51,zneni_plny,44,"V § 44 odst. 3 písmeno b) zní: „b) v zastavitelném území, pokud byly v tomto území stanoveny prvky regulačního plánu, nebo byl pro ně vydán regulační plán.“.",124
OSMÁ,XIV,114/1992,52,vlozeni,44,"V § 44 odst. 5 se za slovo „rozhodnutím,“ vkládají slova „závazným stanoviskem,“.",0
OSMÁ,XIV,114/1992,53,vlozeni_plny,44a;44b,"Za § 44a se vkládá nový § 44b, který včetně nadpisu a poznámky pod čarou č. 72 zní: „§ 44b Povinnosti provozovatele motorového vozidla ve zvláště chráněném území Provozovatel motorového vozidla zajistí, aby při jeho užití ve zvláště chráněném území byly dodržovány zákazy vjezdu a setrvávání motorových vozidel stanovené tímto zákonem nebo aby nedošlo k vjezdu nebo setrvání motorového vozidla, k něm",1022
OSMÁ,XIV,114/1992,54,vlozeni,45f,"V § 45f odst. 1 se za číslo „54“ vkládá text „ , 55, 55a“.",0
OSMÁ,XIV,114/1992,55,nahrazeni,45f,V § 45f odst. 2 se slova „q) a r)“ nahrazují slovy „l) a m)“.,0
OSMÁ,XIV,114/1992,56,zruseni,45i,V § 45i odst. 1 se písmeno c) zrušuje. Dosavadní písmena d) a e) se označují jako písmena c) a d).,0
OSMÁ,XIV,114/1992,57,nahrazeni,46,"V § 46 odst. 1 se slova „ , jejich skupiny a stromořadí“ nahrazují slovy „rostoucí samostatně, ve skupinách nebo ve stromořadí“.",0
OSMÁ,XIV,114/1992,58,zneni_plny,46,"V § 46 odstavce 2 až 4 znějí: „(2) K zabezpečení ochrany památného stromu před škodlivými vlivy z okolí stanoví orgán ochrany přírody v rozhodnutí o vyhlášení památného stromu ochranné pásmo. Jako ochranné pásmo památného stromu stanoví orgán ochrany přírody část území zpravidla ve tvaru kruhu, jehož střed tvoří střed kmene památného stromu a jehož poloměr činí desetinásobek průměru kmene měřeného",1895
OSMÁ,XIV,114/1992,59,zruseni,46,"V § 46 se doplňuje odstavec 5, který zní: „(5) Zrušit ochranu památného stromu může orgán ochrany přírody z důvodu, pro který lze povolit výjimku podle odstavce 3, nebo pokud památný strom zanikl anebo byl poškozen do takové míry, že důvod jeho ochrany pominul. Dnem nabytí právní moci rozhodnutí o zrušení ochrany památného stromu zaniká rovněž jeho ochranné pásmo. Ruší-li se ochrana památného stro",0
OSMÁ,XIV,114/1992,60,vlozeni,47,V § 47 odst. 1 se za slovo „stromy“ vkládají slova „a jejich ochranná pásma“.,0
OSMÁ,XIV,114/1992,61,doplneni,47,"V § 47 se na konci odstavce 2 doplňuje věta „Označení památného stromu a odstranění označení památného stromu, jehož ochrana byla zrušena, zajistí orgán ochrany přírody.“.",0
OSMÁ,XIV,114/1992,62,zneni_plny,48,"V § 48 odstavce 2 až 5 znějí: „(2) Zvláště chráněné druhy rostlin a živočichů se zařazují do a) I. kategorie ochrany, kam se zařadí zvláště chráněné druhy rostlin a živočichů, které je s ohledem na míru jejich ohrožení a vzácnost zapotřebí chránit nejpřísněji prostřednictvím ochrany jednotlivých jedinců, b) II. kategorie ochrany, kam se zařadí ostatní zvláště chráněné druhy rostlin a živočichů vyž",3175
OSMÁ,XIV,114/1992,63,zneni_plny,48,"V § 48 se doplňuje odstavec 6, který zní: „(6) Pro účely územního plánování podle stavebního zákona poskytuje Agentura vymezení biotopu vybraných zvláště chráněných druhů rostlin a živočichů.“.",149
OSMÁ,XIV,114/1992,64,vlozeni_plny,48;48a,"Za § 48 se vkládá nový § 48a, který včetně nadpisu zní: „§ 48a Předcházení ohrožení zvláště chráněných druhů Každý je při své činnosti povinen postupovat tak, aby nedocházelo ke zbytečnému úhynu zvláště chráněných rostlin nebo zraňování a úhynu zvláště chráněných živočichů. Neučiní-li tak povinná osoba sama, orgán ochrany přírody uloží provedení technicky a ekonomicky dostupných opatření k zabráně",443
OSMÁ,XIV,114/1992,65,zneni_plny,49,"§ 49 včetně nadpisu zní: „§ 49 Společná ochrana zvláště chráněných druhů Zakazuje se poškození a ničení biotopu nebo místní populace zvláště chráněného druhu rostliny nebo živočicha a jejího genofondu. Za poškození biotopu zvláště chráněného druhu rostliny nebo živočicha se považuje takový zásah, který vede k jeho významnému nebo trvalému poškození, v jehož důsledku přestane splňovat nároky daného",478
OSMÁ,XIV,114/1992,66,vlozeni_plny,49;49a,"Za § 49 se vkládají nové § 49a až 49c, které včetně nadpisů znějí: „§ 49a Základní ochranné podmínky zvláště chráněných druhů (1) U zvláště chráněných druhů rostlin zařazených v I. nebo II. kategorii ochrany se zakazuje škodlivě zasahovat do jejich přirozeného vývoje, nejde-li o jedince pěstovaného v kulturách získaných povoleným způsobem, zejména jedince těchto druhů nebo jeho část a) sbírat, trh",6504
OSMÁ,XIV,114/1992,67,zneni_plny,50,"§ 50 včetně nadpisu a poznámky pod čarou č. 73 zní: „§ 50 Ochrana zvláště chráněných druhů zařazených v III. kategorii ochrany (1) Každý, kdo odebere z přírody jedince zvláště chráněného druhu rostliny nebo živočicha zařazeného v III. kategorii ochrany, je povinen tento odběr bez zbytečného odkladu zaznamenat do nálezové databáze ochrany přírody. Tyto jedince je dovoleno odebrat, držet a využívat",1341
OSMÁ,XIV,114/1992,68,zneni_plny,52,§ 52 včetně skupinového nadpisu zní: „Nástroje aktivní péče o ohrožené druhy a biotopy § 52 (1) Orgány ochrany přírody při provádění aktivní péče o vzácné a ohrožené druhy rostlin a živočichů a biotopy vychází z Červených seznamů ohrožených druhů a biotopů (dále jen „Červený seznam“). (2) Červené seznamy vydává Agentura pro území České republiky podle kritérií stanovených Mezinárodní unií ochrany,643
OSMÁ,XIV,114/1992,69,vlozeni_plny,52;52a,"Za § 52 se vkládají nové § 52a a 52b, které znějí: „§ 52a (1) Za účelem snížení míry ohrožení vybraných vzácných a ohrožených druhů rostlin a živočichů a biotopů se zpracovávají záchranné programy na celostátní úrovni a regionální akční plány jako odborné koncepční dokumenty, které stanoví souhrn opatření aktivní péče. (3) Za účelem zmírnění střetů mezi zájmy člověka na využívání krajiny a životní",2229
OSMÁ,XIV,114/1992,70,zneni_plny,54;5a,"§ 54 včetně nadpisu zní: „§ 54 Prokazování zákonného původu (1) Kdo drží, chová, pěstuje, dopravuje, prodává, vyměňuje, nabízí za účelem prodeje nebo výměny nebo zpracovává zvláště chráněnou rostlinu, zvláště chráněného živočicha, ptáka nebo jedince invazního nepůvodního druhu na unijním seznamu, u kterých je v § 5a, 49a, 49b, 49c nebo 50 anebo v čl. 7 nařízení Evropského parlamentu a Rady (EU) č.",1617
OSMÁ,XIV,114/1992,71,vlozeni_plny,,"V části páté se pod označení hlavy druhé vkládá nadpis, který zní: „DRŽENÍ ŽIVOČICHŮ ODCHOVANÝCH V LIDSKÉ PÉČI“.",43
OSMÁ,XIV,114/1992,72,zneni_plny,55;70;71,"§ 55 zní: „§ 55 (1) Orgány ochrany přírody vydávají rozhodnutí o tom, že se jedná o živočicha odchovaného v lidské péči (dále jen „osvědčení“)20c). Účastníkem řízení o vydání osvědčení je pouze žadatel, § 70 odst. 2 a 3 a § 71 odst. 3 se nepoužijí. Orgán ochrany přírody předá vydané osvědčení do evidence druhové ochrany. (2) O vydání osvědčení může požádat orgán ochrany přírody ten, kdo a) odchova",4666
OSMÁ,XIV,114/1992,73,vlozeni_plny,55;55a,"Za § 55 se vkládá nový § 55a, který zní: „§ 55a (1) Orgán ochrany přírody rozhodnutím zruší osvědčení, v případě a) úmyslného předložení nesprávných údajů v žádosti o vydání osvědčení nebo v žádosti o aktualizaci údajů v osvědčení, b) změně označení živočicha odchovaného v lidské péči; za změnu označení se pro účely tohoto ustanovení nepovažuje změna provedená z důvodu závažného ohrožení života ne",2459
OSMÁ,XIV,114/1992,74,zruseni,56,V nadpisu § 56 se slova „památných stromů a“ zrušují.,0
OSMÁ,XIV,114/1992,75,nahrazeni,56;46;49,"V § 56 odst. 1 se slova „památných stromů a“ zrušují, slova „§ 46 odst. 2, § 49 a 50 v případech, kdy jiný veřejný zájem převažuje nad zájmem ochrany přírody, nebo v zájmu ochrany přírody,“ se nahrazují slovy „§ 49 až 50“ a věta druhá se nahrazuje větou „Na povolení výjimky má žadatel po splnění zákonem stanovených podmínek právní nárok.“.",0
OSMÁ,XIV,114/1992,76,nahrazeni,56,"V § 56 odst. 2 úvodní časti ustanovení se slova „lze povolit“ nahrazují slovy „podle odstavce 1 orgán ochrany přírody povolí, pokud neexistuje jiné uspokojivé řešení daného záměru, zamýšlený škodlivý zásah neovlivní dosažení nebo udržení příznivého stavu zvláště chráněného druhu z hlediska jeho ochrany a současně zamýšlený škodlivý zásah je povolován“.",0
OSMÁ,XIV,114/1992,77,zruseni,56,V § 56 odst. 2 písm. a) se slova „volně žijících“ a slova „planě rostoucích“ zrušují.,0
OSMÁ,XIV,114/1992,78,doplneni,56,"V § 56 odst. 2 se na konci textu písmene b) doplňují slova „ , pokud tento zájem převažuje nad zájmem ochrany dotčeného druhu rostliny nebo živočicha“.",0
OSMÁ,XIV,114/1992,79,nahrazeni,56,"V § 56 odst. 2 písm. d) se slova „opětovného osídlení určitého území populací druhu nebo opětovného vysazení v původním areálu druhu a chovu a pěstování nezbytných pro tyto účely, včetně umělého rozmnožování rostlin“ nahrazují slovy „které jsou v zájmu ochrany rostlin a živočichů nebo pokud zájem na jejich uskutečnění převažuje nad zájmem ochrany dotčeného druhu rostliny nebo živočicha“.",0
OSMÁ,XIV,114/1992,80,zneni_plny,56,"V § 56 odst. 2 písmeno e) zní: „e) pro účely opětovného osídlení určitého území populací druhu nebo opětovného vysazení v původním areálu druhu a chovu nebo pěstování nezbytných pro tyto účely, včetně umělého rozmnožování rostlin, nebo“.",205
OSMÁ,XIV,114/1992,81,zneni_plny,56,"V § 56 se na konci odstavce 2 doplňuje písmeno f), které zní: „f) pro účely odebrání nebo držení omezeného počtu jedinců, není-li v rozporu s jinými právními předpisy73); orgán ochrany přírody stanoví v rozhodnutí podmínky tohoto odebrání nebo držení a způsob jejich kontroly.“.",215
OSMÁ,XIV,114/1992,82,zneni_plny,56,"V § 56 odstavec 3 zní: „(3) Orgán ochrany přírody stanoví v povolení výjimky podmínky pro provedení zamýšleného škodlivého zásahu a, jedná-li se o výjimku ze zákazu odebrání a držení jedince zvláště chráněného druhu živočicha, rovněž způsob jeho nezaměnitelného a trvalého označení nebo jiný způsob jeho jednoznačné identifikace.“.",308
OSMÁ,XIV,114/1992,83,nahrazeni,56,"V § 56 odst. 4 se slova „odstavcích 1 a“ nahrazují slovem „odstavci“ a na konci odstavce se doplňuje věta „Orgán ochrany přírody následně informuje na úřední desce, případně rovněž dalšími vhodnými způsoby, že podmínky pro uplatnění výjimky povolené opatřením obecné povahy nastaly.“.",0
OSMÁ,XIV,114/1992,84,nahrazeni,56,"V § 56 odst. 5 větě první se slova „a) a d)“ nahrazují slovy „a), d) a e)“.",0
OSMÁ,XIV,114/1992,85,nahrazeni,56;49;49a,V § 56 odst. 6 se text „§ 49 odst. 4“ nahrazuje textem „§ 49a odst. 6“.,0
OSMÁ,XIV,114/1992,86,zneni_plny,56,"V § 56 se doplňuje odstavec 7, který zní: „(7) Pro jedince zvláště chráněného druhu rostliny nebo živočicha, který byl dovezen na území České republiky z jiného členského státu Evropské unie, se nevyžaduje výjimka podle odstavce 1, pokud pro něj byla obdobná výjimka vydána v tomto jiném členském státě; platnost takové výjimky vydané v jiném členském státu Evropské unie potvrdí orgán ochrany přírod",418
OSMÁ,XIV,114/1992,87,zruseni,57,"V nadpisu § 57 se slova „druhů rostlin, živočichů a“ zrušují.",0
OSMÁ,XIV,114/1992,88,zruseni,57;50,V § 57 se slova „druhů rostlin či živočichů (§ 50 odst. 5) a“ zrušují.,0
OSMÁ,XIV,114/1992,89,zneni_plny,57a,"V části páté se doplňuje hlava třetí, která včetně nadpisu zní: „HLAVA TŘETÍ ZÁCHRANNÉ STANICE § 57a (1) Záchrannou stanici lze provozovat pouze na základě rozhodnutí Ministerstva životního prostředí o povolení k provozování záchranné stanice. Ministerstvo životního prostředí předává rozhodnutí o povolení k provozování záchranné stanice do evidence druhové ochrany. (2) Označení „záchranná stanice“",6842
OSMÁ,XIV,114/1992,90,zneni_plny,58,"V § 58 odstavec 2 zní: „(2) Pokud vlastníku zemědělské půdy21b) nebo lesního pozemku21c) nebo rybníka s chovem ryb nebo vodní drůbeže21f), nebo nájemci, pachtýři, podpachtýři nebo uživateli dílu půdního bloku zařazeného do evidence půdy podle zákona o zemědělství, který tyto pozemky nebo díly půdního bloku oprávněně užívá, vznikne nebo trvá v důsledku omezení vyplývajícího z části třetí až páté to",621
OSMÁ,XIV,114/1992,91,vlozeni_plny,58,"V § 58 se za odstavec 2 vkládají nové odstavce 3 a 4, které znějí: „(3) Nárok na finanční náhradu trvá i v případě převodu nebo přechodu vlastnického práva nebo práva nájmu, pachtu nebo podpachtu; obdobně se nárok uplatní i v případě oprávněně užívaného pozemku podle vodního zákona. Nájemce pozemku, pachtýř, podpachtýř nebo uživatel dílu půdního bloku zařazeného do evidence půdy podle zákona o zem",948
OSMÁ,XIV,114/1992,92,nahrazeni,58,V § 58 odst. 5 větě první se slova „vlastníka zemědělské půdy nebo lesního pozemku nebo rybníka s chovem ryb nebo vodní drůbeže nebo nájemce“ nahrazují slovem „oprávněného“.,0
OSMÁ,XIV,114/1992,93,zruseni,58,V § 58 odst. 5 se věty druhá a třetí zrušují.,0
OSMÁ,XIV,114/1992,94,nahrazeni,58,V § 58 odst. 6 větě první se slova „vlastníku uvedenému v odstavci 2 nebo nájemci“ nahrazují slovem „oprávněnému“ a věty druhá a poslední se zrušují.,0
OSMÁ,XIV,114/1992,95,nahrazeni,61;63,V § 61 odst. 1 a § 63 odst. 5 se slovo „zastavěná“ nahrazuje slovem „zastavitelná“.,0
OSMÁ,XIV,114/1992,96,zneni_plny,61b;12,"V § 61b odst. 2 písm. a) se slova „zastavěný stavební pozemek69)“ nahrazují slovy „pozemek zázemí stavby76)“. Poznámka pod čarou č. 76 zní: „76) § 12 písm. c) zákona č. 283/2021 Sb., stavební zákon, ve znění pozdějších předpisů.“.",88
OSMÁ,XIV,114/1992,97,nahrazeni,63;77,V § 63 odst. 1 a § 77 odst. 1 písm. q) se slovo „zastavěné“ nahrazuje slovem „zastavitelné“.,0
OSMÁ,XIV,114/1992,98,zneni_plny,63,"V § 63 se doplňují odstavce 6 a 7, které znějí: „(6) Při provádění preventivních opatření podle občanského zákoníku, jejichž účelem je předejít vzniku újmy na životě, zdraví nebo majetku osob, nebo tuto újmu odvrátit, si vlastníci pozemků počínají tak, aby nedošlo k nedovolené změně obecně nebo zvláště chráněných částí přírody. Cesty nebo trasy vyhrazené orgánem ochrany přírody v klidových územích",1200
OSMÁ,XIV,114/1992,99,zruseni,69,V § 69 se odstavec 2 zrušuje. Dosavadní odstavce 3 a 4 se označují jako odstavce 2 a 3.,0
OSMÁ,XIV,114/1992,100,nahrazeni,70,"V § 70 odst. 1 se slova „přímé účasti občanů, prostřednictvím jejich občanských sdružení34) a dobrovolných sborů či aktivů“ nahrazují slovy „účasti občanů prostřednictvím právnických osob soukromého práva podle odstavce 2“. Poznámka pod čarou č. 34 se zrušuje.",0
OSMÁ,XIV,114/1992,101,zneni_plny,70,"V § 70 odstavce 2 a 3 znějí: „(2) Právnická osoba soukromého práva, jejímž předmětem činnosti je podle zakladatelského právního jednání ochrana životního prostředí, přírody a krajiny nebo veřejného zdraví, a jejíž hlavní činností není podnikání nebo jiná výdělečná činnost, může požádat orgán ochrany přírody, aby ji informoval o zahajovaných správních řízeních, v nichž mohou být dotčeny zájmy chrán",1610
OSMÁ,XIV,114/1992,102,zneni_plny,70,"V § 70 se doplňuje odstavec 4, který zní: „(4) V záhlaví podporující podpisové listiny a na každém jejím očíslovaném podpisovém archu se uvedou identifikační údaje právnické osoby, na jejíž podporu je podporující podpisová listina určena, a skutečnost, že listina je určena na účasti právnické osoby v řízení podle odstavce 3. Každá osoba podporující účast právnické osoby v řízení podle odstavce 3 u",473
OSMÁ,XIV,114/1992,103,zruseni,72,V § 72 písm. e) se slova „a 55“ zrušují.,0
OSMÁ,XIV,114/1992,104,zneni_plny,72a,"V § 72a se na konci odstavce 1 tečka nahrazuje čárkou a doplňuje se písmeno l), které zní: „l) registrované významné krajinné prvky.“.",40
OSMÁ,XIV,114/1992,105,zneni_plny,72b,"V § 72b se doplňuje odstavec 12, který zní: „(12) O registrovaném významném krajinném prvku se v registru územní identifikace vedou a) identifikační údaje, kterými jsou 1. kód, který je registrovanému významnému krajinnému prvku přiřazen v registru územní identifikace, 2. název a evidenční číslo registrovaného významného krajinného prvku, pod kterým je veden v registru krajiny v informačním systém",597
OSMÁ,XIV,114/1992,106,zneni_plny,72d,"V § 72d odst. 3 písmena a) a b) znějí: „a) nálezová databáze ochrany přírody, 1. v níž se ukládají data a zveřejňují informace o rozšíření a stavu druhů rostlin a živočichů, zejména zvláště chráněných, invazních nepůvodních a evropsky významných, a přírodních stanovišť, 2. jejímž prostřednictvím se ohlašuje odběr jedince zvláště chráněného druhu rostliny nebo živočicha zařazeného v III. kategorii",1917
OSMÁ,XIV,114/1992,107,nahrazeni,72d;52a,"V § 72d odst. 3 písm. c) se slova „a 47“ nahrazují slovy „ , 47 a § 52a odst. 3“.",0
OSMÁ,XIV,114/1992,108,zruseni,72d;6;12,"V § 72d se na konci odstavce 3 tečka nahrazuje čárkou a doplňuje se písmeno f), které zní: „f) registr krajiny, který shromažďuje a zpřístupňuje informace o krajině, a který slouží k zobrazování významného krajinného prvku podle § 6 odst. 1 a k evidenci rozhodnutí o jeho registraci, zobrazování přírodního parku podle § 12 odst. 3 a evidenci nařízení o jeho zřízení nebo zrušení, zobrazování vyhláše",0
OSMÁ,XIV,114/1992,109,vlozeni_plny,75,"V § 75 odst. 1 se za písmeno c) vkládá nové písmeno d), které zní: „d) stavební úřady,“. Dosavadní písmena d) až h) se označují jako písmena e) až i).",18
OSMÁ,XIV,114/1992,110,doplneni,76,"V § 76 odst. 1 se na konci úvodní části ustanovení doplňují slova „nebo nejde-li o záměr povolení kácení pro účely záměru vyžadujícího stavební povolení,“.",0
OSMÁ,XIV,114/1992,111,zruseni,76,V § 76 se odstavec 2 zrušuje a zároveň se zrušuje označení odstavce 1.,0
OSMÁ,XIV,114/1992,112,doplneni,77,V § 77 odst. 1 se na konci textu písmene a) doplňují slova „a předávají rozhodnutí o registraci do registru krajiny“.,0
OSMÁ,XIV,114/1992,113,zruseni,77,V § 77 odst. 1 se písmeno b) zrušuje. Dosavadní písmena c) až u) se označují jako písmena b) až t).,0
OSMÁ,XIV,114/1992,114,nahrazeni,77,"V § 77 odst. 1 písm. b) se slovo „prostředků“ nahrazuje slovy „postupů nebo opatření“, slovo „nadměrnému“ se nahrazuje slovem „zbytečnému“, slova „jejich biotopů“ se nahrazují slovy „biotopů druhů“ a slova „ , pokud se nejedná o zvláště chráněné druhy“ se zrušují.",0
OSMÁ,XIV,114/1992,115,doplneni,77;13g;13j,"V § 77 odst. 1 se na konci textu písmene e) doplňují slova „ , a podílejí se ve spolupráci s příslušnými orgány ochrany přírody na zajištění provedení opatření k odstranění nebo izolaci invazního nepůvodního druhu na unijním seznamu podle § 13g odst. 2 a opatření k regulaci invazního nepůvodního druhu na unijním seznamu podle § 13j odst. 4“.",0
OSMÁ,XIV,114/1992,116,doplneni,77;57a,"V § 77 odst. 1 se na konci textu písmene f) doplňují slova „ , nejde-li o stanovení odchylného postupu v rámci rozhodnutí o povolení k provozování záchranné stanice nebo jeho změně podle § 57a odst. 7“.",0
OSMÁ,XIV,114/1992,117,vlozeni_plny,77;5c,"V § 77 odst. 1 se za písmeno f) vkládá nové písmeno g), které zní: „g) rozhodují o uložení opatření k zabránění nebo zmírnění poškození biotopů opylovačů podle § 5c odst. 1,“. Dosavadní písmena g) až t) se označují jako písmena h) až u).",106
OSMÁ,XIV,114/1992,118,doplneni,77,V § 77 odst. 1 se na konci textu písmene l) doplňují slova „a předávají jej do registru krajiny“.,0
OSMÁ,XIV,114/1992,119,zruseni,77;39;45;46,"V § 77 odst. 1 písmena m) a n) znějí: „m) sjednávají a zrušují smlouvy o smluvně chráněném památném stromu podle § 39 a § 45 odst. 2, vydávají rozhodnutí o vyhlášení památných stromů podle § 46 odst. 1, včetně stanovení jejich ochranných pásem podle § 46 odst. 2, a zrušení ochrany památných stromů podle § 46 odst. 5, předávají dokumentaci o památných stromech a jejich ochranných pásmech a smluvně",0
OSMÁ,XIV,114/1992,120,nahrazeni,77,"V § 77 odst. 1 písm. o) se slova „zvláště chráněných rostlin, zvláště chráněných živočichů, ptáků nebo rostlin nebo živočichů chráněných podle mezinárodních úmluv“ zrušují a text „odst. 2“ se nahrazuje textem „odst. 3 písm. a)“.",0
OSMÁ,XIV,114/1992,121,vlozeni,77;54;55,"V § 77 odst. 1 písm. p) se slova „§ 54 odst. 4 až 11“ nahrazují slovy „§ 55 odst. 1 až 6“, slova „§ 54 odst. 4 až 10“ se nahrazují slovy „§ 55 odst. 1 až 3“, za slovo „ověřují“ se vkládá slovo „zákonný“ a text „§ 54 odst. 10“ se nahrazuje textem „§ 55 odst. 6“.",0
OSMÁ,XIV,114/1992,122,vlozeni,77;77a,"V § 77 odst. 1 písm. r) a § 77a odst. 4 písm. t) se za slovo „ukládají“ vkládají slova „rozhodnutím nebo opatřením obecné povahy, pokud jde o blíže neurčený okruh osob,“.",0
OSMÁ,XIV,114/1992,123,nahrazeni,77,V § 77 odst. 1 písm. u) se slovo „zastavěného“ nahrazuje slovem „zastavitelného“.,0
OSMÁ,XIV,114/1992,124,vlozeni,77a;39,V § 77a odst. 3 se za slova „chráněných území“ vkládají slova „a na území chráněných na základě smlouvy podle § 39“ a věta druhá se zrušuje.,0
OSMÁ,XIV,114/1992,125,vlozeni,77a,"V §77a odst. 4 úvodní části ustanovení se za slovo „úřad“ vkládají slova „ , stavební úřad“.",0
OSMÁ,XIV,114/1992,126,doplneni,77a,V § 77a odst. 4 se na konci textu písmene c) doplňují slova „a předávají jej do registru krajiny“.,0
OSMÁ,XIV,114/1992,127,doplneni,77a,"V § 77a odst. 4 se na konci textu písmene j) doplňují slova „a předávají dokumentaci o vyhlášených přírodních parcích do registru krajiny,“.",0
OSMÁ,XIV,114/1992,128,zruseni,77a,V § 77a odst. 4 se písmeno q) zrušuje. Dosavadní písmena r) až z) se označují jako písmena q) až y).,0
OSMÁ,XIV,114/1992,129,nahrazeni,77a,"V § 77a odst. 4 písm. q) se slova „zvláště chráněných rostlin, zvláště chráněných živočichů, ptáků nebo rostlin nebo živočichů chráněných podle mezinárodních úmluv“ zrušují a text „odst. 2“ se nahrazuje textem „odst. 3 písm. a)“.",0
OSMÁ,XIV,114/1992,130,zneni_plny,77a,"V § 77a odst. 4 písmeno y) zní: „y) uplatňují stanoviska k návrhu zásad územního rozvoje, územního plánu, regulačního plánu, vymezení zastavitelného území a územního opatření z hlediska zájmů chráněných tímto zákonem, není-li příslušný jiný orgán ochrany přírody, a jsou dotčeným orgánem při jejich pořizování.“.",280
OSMÁ,XIV,114/1992,131,vlozeni,77a,"V § 77a odst. 5 úvodní části ustanovení se za slovo „úřad“ vkládají slova „ , stavební úřad“.",0
OSMÁ,XIV,114/1992,132,zneni_plny,77a;5c,"V § 77a odst. 5 písmeno b) zní: „b) vydávají souhlas k prodeji a nabízení za účelem prodeje živých jedinců druhů čmeláků a pačmeláků rodu Bombus, k jejich vypouštění a rozšiřování podle § 5c odst. 4,“.",167
OSMÁ,XIV,114/1992,133,doplneni,77a;5,"V § 77a odst. 5 se na konci textu písmene d) doplňují slova „a mohou vydat opatření obecné povahy, kterým se stanoví opatření k regulaci nepůvodního druhu nebo křížence podle § 5 odst. 6, týká-li se takové opatření území zasahujícího správní obvody nejméně dvou podřízených obecních úřadů obcí s rozšířenou působností“.",0
OSMÁ,XIV,114/1992,134,vlozeni_plny,77a;13c,"V § 77a odst. 5 se za písmeno f) vkládá nové písmeno g), které zní: „g) vydávají rozhodnutí o uložení provedení opatření podle § 13c odst. 1,“. Dosavadní písmena g) až r) se označují jako písmena h) až s).",72
OSMÁ,XIV,114/1992,135,nahrazeni,77a;49;49a,V § 77a odst. 5 písm. k) se text „§ 49 odst. 4“ nahrazuje textem „§ 49a odst. 6“.,0
OSMÁ,XIV,114/1992,136,zneni_plny,77a;48a,"V § 77a odst. 5 písmena l) a m) znějí: „l) ukládají rozhodnutím provedení technicky a ekonomicky dostupných opatření k předcházení úhynu zvláště chráněných rostlin a úhynu a zraňování zvláště chráněných živočichů podle § 48a, m) omezují rozhodnutím nebo opatřením obecné povahy, pokud jde o blíže neurčený okruh osob, odebírání nebo využívání jedinců zvláště chráněného druhu rostliny nebo živočicha",430
OSMÁ,XIV,114/1992,137,vlozeni_plny,77a;52a,"V § 77a odst. 5 se za písmeno m) vkládá nové písmeno n), které zní: „n) zajišťují zpracování, schválení a realizaci regionálních akčních plánů podle § 52a odst. 1 a jejich předání do ústředního seznamu podle § 52a odst. 3, podílí se na realizaci záchranných programů podle § 52a odst. 1 a programů péče podle § 52a odst. 2 ve spolupráci s Agenturou a při výkonu své působnosti postupují v souladu s t",429
OSMÁ,XIV,114/1992,138,nahrazeni,77a;54;52b,V § 77a odst. 5 písm. o) se text „§ 54 odst. 3“ nahrazuje textem „§ 52b odst. 1“.,0
OSMÁ,XIV,114/1992,139,vlozeni,77a;54;55,"V § 77a odst. 5 písm. p) se slova „§ 54 odst. 4 až 10“ nahrazují slovy „§ 55 odst. 1 až 3“, za slovo „ověřují“ se vkládá slovo „zákonný“ a text „§ 54 odst. 10“ se nahrazuje textem „§ 55 odst. 6“.",0
OSMÁ,XIV,114/1992,140,doplneni,77a;57a,"V § 77a odst. 5 se na konci textu písmene q) doplňují slova „ , nejde-li o povolení výjimky v rámci rozhodnutí o povolení k provozování záchranné stanice nebo jeho změně podle § 57a odst. 7“.",0
OSMÁ,XIV,114/1992,141,nahrazeni,77a,V § 77a odst. 5 písm. s) se slova „druhů rostlin a živočichů“ nahrazují slovem „nerostů“ a na konci písmene se slovo „a“ nahrazuje čárkou.,0
OSMÁ,XIV,114/1992,142,vlozeni_plny,77a;68,"V § 77a odst. 5 se za písmeno s) vkládá nové písmeno t), které zní: „t) uzavírají dohody k provádění péče o pozemek podle § 68 odst. 2 a provádějí zásahy ke zlepšení přírodního a krajinného prostředí podle § 68 odst. 3 v rozsahu své působnosti, a“. Dosavadní písmeno t) se označuje jako písmeno u).",178
OSMÁ,XIV,114/1992,143,zneni_plny,77a;83;8,"V § 77a se doplňují odstavce 8 a 9, které znějí: „(8) Krajské úřady vydávají závazná stanoviska z hlediska vysazování nepůvodních druhů k řízením o povolení výkonu rybářského práva podle zákona o rybářství. (9) Krajské úřady vydávají společná závazná stanoviska podle § 83 odst. 9 pro záměry vyžadující povolení podle stavebního zákona, a to včetně posouzení povolení kácení podle § 8 odst. 1 a ulože",972
OSMÁ,XIV,114/1992,144,vlozeni_plny,77a;77b,"Za § 77a se vkládá nový § 77b, který včetně nadpisu zní: „§ 77b Působnost stavebních úřadů (1) Stavební úřady ve svém správním obvodu, nejde-li o zvláště chráněná území a jejich ochranná pásma, evropsky významné lokality, ptačí oblasti a vojenské újezdy a jedná-li se o záměry podle stavebního zákona, v rámci řízení podle stavebního zákona posoudí splnění podmínek stanovených tímto zákonem pro a) v",3137
OSMÁ,XIV,114/1992,145,doplneni,78,"V § 78 odst. 3 se na konci úvodní části ustanovení doplňují slova „ , není-li příslušný jiný orgán“.",0
OSMÁ,XIV,114/1992,146,nahrazeni,78,V § 78 odst. 3 písm. a) a b) se slova „vydávají souhlasy k vyhrazení míst“ nahrazují slovy „vyhrazují místa“.,0
OSMÁ,XIV,114/1992,147,nahrazeni,78,V § 78 odst. 3 písm. c) se slova „vydávají souhlasy k vyznačení cest“ nahrazují slovy „vyznačují cesty“.,0
OSMÁ,XIV,114/1992,148,zruseni,78,"V § 78 odst. 3 písm. h) se slova „ ; po vyhlášení přírodních rezervací, přírodních památek nebo jejich ochranných pásem ohlašují příslušnému katastrálnímu úřadu údaje, popřípadě změny těchto údajů, týkající se ochrany nemovitých věcí podle tohoto zákona k zápisu do katastru nemovitostí“ zrušují.",0
OSMÁ,XIV,114/1992,149,vlozeni,78,"V § 78 odst. 3 písm. j) se za slovo „vyhrazují“ vkládají slova „a vyznačují“ a za slovo „místa“ se vkládají slova „ , cesty a trasy“.",0
OSMÁ,XIV,114/1992,150,vlozeni,78;66,V § 78 odst. 3 písm. o) se za slovo „vydávají“ vkládají slova „rozhodnutí nebo“ a za slovo „zákazu“ se vkládají slova „činnosti podle § 66 odst. 1 a k“.,0
OSMÁ,XIV,114/1992,151,zruseni,78,"V § 78 odst. 3 písm. p) se slova „ , vymezení zastavěného území“ zrušují.",0
OSMÁ,XIV,114/1992,152,zneni_plny,78;56,"V § 78 odstavec 6 zní: „(6) Agentura na celém území České republiky, mimo území vojenských újezdů, zvláště chráněná území a jejich ochranná pásma, evropsky významné lokality a ptačí oblasti, vydává pro záměry podle stavebního zákona závazná stanoviska k povolení výjimky podle § 56 ze zákazů u zvláště chráněných druhů rostlin a živočichů zařazených v I. kategorii ochrany a vyjádření k povolení výji",561
OSMÁ,XIV,114/1992,153,vlozeni,78;68,"V § 78 odst. 7 se za slovo „pískovce“ vkládají slova „a vojenských újezdů“, za slova „odstavce 2“ se vkládají slova „mimo území vojenských újezdů“ a za slovo „republiky“ se vkládají slova „uzavírá dohody podle § 68 odst. 2 a“.",0
OSMÁ,XIV,114/1992,154,vlozeni,78,"V § 78 odst. 9 se za slova „odstavce 1“ vkládají slova „a podle odstavce 19 po projednání s Ministerstvem obrany rovněž na pozemcích a stavbách, které tvoří součást objektů důležitých pro obranu státu mimo vojenské újezdy“.",0
OSMÁ,XIV,114/1992,155,zruseni,78;52,V § 78 odst. 11 se slova „nebo záchranné programy zvláště chráněných druhů podle § 52“ zrušují.,0
OSMÁ,XIV,114/1992,156,doplneni,78;13a,V § 78 odst. 13 písm. a) se na konci textu bodu 1 doplňují slova „podle § 13a odst. 1“.,0
OSMÁ,XIV,114/1992,157,doplneni,78,V § 78 odst. 13 písm. a) se na konci bodu 3 doplňuje slovo „nebo“.,0
OSMÁ,XIV,114/1992,158,zruseni,78,V § 78 odst. 13 písm. a) se bod 4 zrušuje. Dosavadní bod 5 se označuje jako bod 4.,0
OSMÁ,XIV,114/1992,159,vlozeni_plny,78;52;52a,"V § 78 se za odstavec 13 vkládá nový odstavec 14, který zní: „(14) Agentura na celém území České republiky vydává Červené seznamy podle § 52. Agentura na celém území České republiky zajišťuje zpracování a realizaci záchranných programů podle § 52a odst. 1 a programů péče podle § 52a odst. 2; schválené záchranné programy a programy péče předává Agentura do ústředního seznamu. Agentura dále na celém",463
OSMÁ,XIV,114/1992,160,nahrazeni,78,"V § 78 odst. 15 se slova „zvláště chráněných druhů“ nahrazují slovy „ , regionálními akčními plány a programy péče“.",0
OSMÁ,XIV,114/1992,161,zneni_plny,78;83;8;9,"V § 78 se doplňuje odstavec 20, který zní: „(20) Agentura a správy národních parků vydávají společná závazná stanoviska podle § 83 odst. 9 pro záměry vyžadující povolení podle stavebního zákona, a to včetně posouzení povolení kácení podle § 8 odst. 1 a uložení náhradní výsadby podle § 9, pokud se záměr nebo jeho část nachází v obvodu jejich územní působnosti podle odstavců 1 a 2. V případě, že se",540
OSMÁ,XIV,114/1992,162,vlozeni,78a,"V § 78a odst. 1 se za slovo „působností“ vkládají slova „ , stavebních úřadů“.",0
OSMÁ,XIV,114/1992,163,zruseni,79;57a;5b;56,"V § 79 odst. 3 písmeno c) zní: „c) rozhoduje o povolení k provozování záchranné stanice podle § 57a odst. 1 a jeho změně nebo zrušení podle § 57a odst. 8, v rámci rozhodnutí o povolení k provozování záchranné stanice nebo jeho změny stanovuje odchylný postup podle § 5b odst. 1 a povoluje výjimku ze zákazů u zvláště chráněných druhů rostlin a zvláště chráněných druhů živočichů podle § 56 odst. 1, v",0
OSMÁ,XIV,114/1992,164,vlozeni_plny,79;56,"V § 79 odst. 3 se za písmeno c) vkládá nové písmeno d), které zní: „d) vydává pro stavby pro energetickou bezpečnost77), s výjimkou staveb výroben elektřiny z obnovitelných zdrojů, závazná stanoviska k povolení výjimky podle § 56 ze zákazů u zvláště chráněných druhů rostlin a živočichů zařazených v I. kategorii ochrany a vyjádření k povolení výjimky podle § 56 ze zákazů u zvláště chráněných druhů",391
OSMÁ,XIV,114/1992,165,zneni_plny,79;52a,"V § 79 odst. 3 písmeno q) zní: „q) schvaluje a ukončuje záchranné programy podle § 52a odst. 1 a programy péče podle § 52a odst. 2 a společně s Agenturou zajišťuje koordinaci jejich realizace,“.",161
OSMÁ,XIV,114/1992,166,vlozeni_plny,79;5b,"V § 79 odst. 3 se za písmeno q) vkládají nová písmena r) a s), která znějí: „r) může vydat, pokud jde o blíže neurčený okruh osob, opatření obecné povahy ke stanovení odchylného postupu při ochraně ptáků podle § 5b odst. 4, opatření obecné povahy, kterým se vydává souhlas k prodeji a nabízení za účelem prodeje živých jedinců druhů čmeláků a pačmeláků rodu Bombus, k jejich vypouštění a rozšiřování",938
OSMÁ,XIV,114/1992,167,zruseni,79,V § 79 odst. 3 písm. u) se text „odst. 2 písm. b)“ zrušuje.,0
OSMÁ,XIV,114/1992,168,zruseni,79,"V § 79 odst. 4 se slova „pověřených obecních úřadů,“ zrušují.",0
OSMÁ,XIV,114/1992,169,zruseni,79,"V § 79 odst. 5 písm. d) se slova „jestliže rostou na pozemcích ve vlastnictví fyzických osob, které tyto pozemky užívají,“ zrušují.",0
OSMÁ,XIV,114/1992,170,zneni_plny,79;48,"V § 79 odst. 5 písmeno n) zní: „n) stanoví seznam zvláště chráněných druhů rostlin a živočichů a jejich zařazení do příslušné kategorie ochrany podle § 48 odst. 3, podrobnější charakteristiku podstatných změn hydrologických půdních poměrů a vodního režimu území, půdního povrchu a chemických vlastností prostředí s ohledem na nároky jednotlivých zvláště chráněných druhů rostlin nebo živočichů anebo",758
OSMÁ,XIV,114/1992,171,vlozeni,79;54;55,"V § 79 odst. 5 písm. o) se za slovo „ověřování“ vkládá slovo „zákonného“, slovo „náležitosti“ se nahrazuje slovem „vzor“ a text „§ 54 odst. 11“ se nahrazuje textem „§ 55 odst. 7“.",0
OSMÁ,XIV,114/1992,172,vlozeni_plny,79;57b,"V § 79 odst. 5 se za písmeno o) vkládá nové písmeno p), které zní: „p) stanoví bližší podmínky pro poskytování péče živočichům v záchranných stanicích s ohledem na zachování jejich přirozených vlastností a možnost jejich návratu do přírody a podmínky pro poskytování dlouhodobé péče živočichům, jejichž návrat do přírody není možný, a jejich využití pro osvětové a vzdělávací účely podle § 57b odst.",464
OSMÁ,XIV,114/1992,173,nahrazeni,79,V § 79 odst. 5 písm. q) se číslo „4“ nahrazuje číslem „7“.,0
OSMÁ,XIV,114/1992,174,nahrazeni,79,V § 79 odst. 5 písm. t) se číslo „3“ nahrazuje číslem „2“.,0
OSMÁ,XIV,114/1992,175,nahrazeni,79,V § 79 odst. 7 se slova „splňují podmínky stanovené v čl. 8 odst. 2 a 3 nařízení Evropského parlamentu a Rady (EU) č. 1143/2014“ nahrazují slovy „jsou schopna zajistit potřebnou odbornou péči a zabránit úniku a rozmnožování invazních nepůvodních živočichů“.,0
OSMÁ,XIV,114/1992,176,vlozeni,80,V § 80 odst. 2 se za slovo „jedinců“ vkládají slova „a odstranění jedinců invazního nepůvodního druhu na unijním seznamu“.,0
OSMÁ,XIV,114/1992,177,vlozeni,80,V § 80 odst. 3 se za slovo „prokazování“ vkládá slovo „zákonného“.,0
OSMÁ,XIV,114/1992,178,vlozeni,80,"V § 80 odst. 4 větě druhé se za slovo „již“ vkládají slova „stavební úřad,“, ve větě třetí se za slovo „zahájí“ vkládají slova „stavební úřad,“ a za slovo „přestupku“ se vkládají slova „stavební úřad,“ a ve větě čtvrté se za slovo „a“ vkládají slova „stavební úřad,“.",0
OSMÁ,XIV,114/1992,179,zneni_plny,80;54,"V § 80 se doplňuje odstavec 5, který zní: „(5) Jedná-li se o kontrolu dodržování ustanovení tohoto zákona týkajících se ochrany zvláště chráněných druhů rostlin a živočichů, ochrany ptáků nebo ochrany před invazními nepůvodními druhy, je inspekce oprávněna po právnických, podnikajících fyzických a fyzických osobách požadovat prokázání zákonného původu podle § 54 odst. 1, prokázání jejich totožnost",803
OSMÁ,XIV,114/1992,180,zneni_plny,81,"V § 81 se na konci odstavce 7 tečka nahrazuje slovem „ , a“ a doplňuje se písmeno g), které zní: „g) pořídit zvukový, obrazový nebo jiný záznam osob a věcí nacházejících se na veřejně přístupném místě a zvukový, obrazový nebo jiný záznam průběhu úkonu, je-li to nezbytné pro plnění jejich úkolů.“.",199
OSMÁ,XIV,114/1992,181,zruseni,81,"V § 81 odstavec 8 zní: „(8) V případě bezprostředního ohrožení zájmů chráněných podle částí druhé až páté tohoto zákona je strážce přírody oprávněn k pozastavení rušivé činnosti. O svém opatření bezodkladně vyrozumí orgán ochrany přírody, který strážce ustanovil. Opatření potvrdí, změní nebo zruší orgán ochrany přírody, který strážce ustanovil, rozhodnutím nejpozději do 15 dnů od jeho provedení st",0
OSMÁ,XIV,114/1992,182,zruseni,82a,V § 82a se odstavec 3 zrušuje.,0
OSMÁ,XIV,114/1992,183,zneni_plny,83,V § 83 odstavec 8 zní: „(8) V případě řízení o žádosti o povolení záměru podle stavebního zákona se odstavce 1 až 7 nepoužijí.“.,103
OSMÁ,XIV,114/1992,184,vlozeni,83,"V § 83 odst. 9 se slova „jednotné environmentální stanovisko62)“ nahrazují slovy „povolení podle stavebního zákona“, za slova „chráněném území“ se vkládají slova „nebo jeho ochranném pásmu“, slova „ve společném řízení“ se zrušují, slova „společné rozhodnutí, které zahrnuje“ se nahrazují slovy „společné závazné stanovisko, které nahrazuje“, za slova „anebo vyjádření“ se vkládají slova „podle tohoto",0
OSMÁ,XIV,114/1992,185,vlozeni,83a,"V § 83a odst. 1 úvodní části ustanovení se slova „nebo jednotného environmentálního stanoviska“ zrušují a za slovo „záměru“ se vkládají slova „v rozsahu nezbytném pro vydání souhlasu, povolení nebo jiného rozhodnutí, závazného stanoviska, vyjádření anebo jiného správního úkonu“.",0
OSMÁ,XIV,114/1992,186,zneni_plny,83a,"V § 83a se na konci odstavce 1 doplňuje závěrečná část ustanovení, která zní: „Obsah jednotlivých částí dokumentace musí odpovídat druhu, účelu a významu záměru, jeho vlivu na území, podmínkám v území, vlivu na životní prostředí, popřípadě době trvání záměru. Části dokumentace, které nejsou předmětem navrhovaného záměru, se neuvádějí.“.",259
OSMÁ,XIV,114/1992,187,zruseni,83a,V § 83a se odstavec 3 zrušuje.,0
OSMÁ,XIV,114/1992,188,nahrazeni,85,"V § 85 odst. 1 se slova „Krajské úřady, obecní úřady obcí s rozšířenou působností, újezdní úřady, Agentura a správy národních parků“ nahrazují slovy „Orgány ochrany přírody v obvodu své působnosti“.",0
OSMÁ,XIV,114/1992,189,zneni_plny,87;5;5c,"V § 87 odst. 1 písmena b) a c) znějí: „b) poruší povinnost obecné ochrany rostlin a živočichů podle § 5 odst. 1, c) neprovede postupy nebo opatření uložené orgánem ochrany přírody podle § 5 odst. 3 nebo § 5c odst. 1,“.",179
OSMÁ,XIV,114/1992,190,vlozeni_plny,87;5a;5c,"V § 87 odst. 1 se za písmeno c) vkládají nová písmena d) a e), která znějí: „d) poruší některý ze zákazů na ochranu ptáků podle § 5a odst. 1 písm. c) až e) nebo § 5a odst. 2, e) prodá nebo nabídne za účelem prodeje živého jedince druhu čmeláka nebo pačmeláka rodu Bombus anebo vypustí nebo rozšíří takového jedince, který nemá původ ve volné přírodě České republiky, bez souhlasu podle § 5c odst. 4 n",347
OSMÁ,XIV,114/1992,191,vlozeni,87,"V § 87 odst. 1 písm. g) se za slovo „ohlašovací“ vkládají slova „ , oznamovací nebo registrační“.",0
OSMÁ,XIV,114/1992,192,zneni_plny,87;57a,"V § 87 se na konci odstavce 1 tečka nahrazuje čárkou a doplňuje se písmeno p), které zní: „p) v rozporu s § 57a odst. 2 používá označení „záchranná stanice“.“.",66
OSMÁ,XIV,114/1992,193,vlozeni,87,V § 87 odst. 2 úvodní části ustanovení se za slovo „se“ vkládá slovo „dále“.,0
OSMÁ,XIV,114/1992,194,zneni_plny,87;5a;48a,"V § 87 odst. 2 písmena b) a c) znějí: „b) poruší některý ze zákazů na ochranu ptáků podle § 5a odst. 1 písm. a) nebo b), c) neprovede opatření uložená orgánem ochrany přírody podle § 48a,“.",149
OSMÁ,XIV,114/1992,195,vlozeni_plny,87;49;49a,"V § 87 odst. 2 se za písmeno c) vkládají nová písmena d) až l), která znějí: „d) v rozporu s § 49 poškodí biotop nebo místní populaci zvláště chráněného druhu rostliny nebo živočicha anebo její genofond, e) v rozporu s § 49a odst. 1 písm. a) úmyslně sbírá, trhá, poškodí nebo zničí zvláště chráněný druh rostliny zařazený v I. nebo II. kategorii ochrany, f) poruší některý ze zákazů na ochranu zvlášt",1718
OSMÁ,XIV,114/1992,196,zruseni,87,V § 87 odst. 2 se písmeno r) zrušuje. Dosavadní písmena s) až v) se označují jako písmena r) až u).,0
OSMÁ,XIV,114/1992,197,vlozeni,87,V § 87 odst. 3 úvodní části ustanovení se za slovo „se“ vkládá slovo „dále“.,0
OSMÁ,XIV,114/1992,198,zneni_plny,87;49,"V § 87 odst. 3 písmena b) a c) znějí: „b) v rozporu s § 49 zničí biotop nebo místní populaci zvláště chráněného druhu rostliny nebo živočicha anebo její genofond; za přestupek podle tohoto ustanovení se nepovažují zásahy do biotopu nebo místní populace zvláště chráněného druhu v rámci lesnického hospodaření, které byly provedeny mimo místa výskytu uvedená v lesním hospodářském plánu nebo místa výs",1119
OSMÁ,XIV,114/1992,199,vlozeni_plny,87;49a,"V § 87 odst. 3 se za písmeno c) vkládá nové písmeno d), které zní: „d) v rozporu s § 49a odst. 2 písm. a) úmyslně usmrtí jedince zvláště chráněného druhu živočicha zařazeného v I. nebo II. kategorii ochrany anebo evropsky významného druhu; za přestupek podle tohoto ustanovení se nepovažují zásahy do biotopu nebo místní populace zvláště chráněného druhu v rámci lesnického hospodaření, které byly pr",578
OSMÁ,XIV,114/1992,200,zruseni,87,V § 87 odst. 3 se písmeno h) zrušuje. Dosavadní písmena i) až s) se označují jako písmena h) až r).,0
OSMÁ,XIV,114/1992,201,nahrazeni,87;56;49a,"V § 87 odst. 3 písm. l) se slova „56 nebo“ nahrazují slovy „§ 56 odst. 1 nebo 5, podmínky dohody uzavřené podle § 49a odst. 6 nebo § 56 odst. 5 nahrazující výjimku podle § 56 odst. 1 anebo“.",0
OSMÁ,XIV,114/1992,202,doplneni,87,"V § 87 odst. 3 se na konci textu písmene o) doplňují slova „ , 55 nebo 55a“.",0
OSMÁ,XIV,114/1992,203,vlozeni_plny,87;44b,"V § 87 se za odstavec 3 vkládá nový odstavec 4, který zní: „(4) Fyzická osoba se jako provozovatel motorového vozidla dopustí přestupku tím, že v rozporu s § 44b nezajistí, aby při užití tohoto vozidla ve zvláště chráněném území byly dodržovány zákazy vjezdu a setrvávání motorových vozidel stanovené tímto zákonem nebo aby nedošlo k vjezdu nebo setrvání motorového vozidla, k němuž je nezbytný souhl",838
OSMÁ,XIV,114/1992,204,doplneni,87,V § 87 odst. 5 se na konci textu písmene a) doplňují slova „nebo 4“.,0
OSMÁ,XIV,114/1992,205,zneni_plny,88;5;5c,"V § 88 odst. 1 písmena d) a e) znějí: „d) poruší povinnost obecné ochrany rostlin a živočichů podle § 5 odst. 1, e) neprovede postupy nebo opatření uložené orgánem ochrany přírody podle § 5 odst. 3 nebo § 5c odst. 1,“.",179
OSMÁ,XIV,114/1992,206,vlozeni_plny,88;5a;5c,"V § 88 odst. 1 se za písmeno e) vkládají nová písmena f) a g), která znějí: „f) poruší některý ze zákazů na ochranu ptáků podle § 5a odst. 1 písm. c) až e) nebo § 5a odst. 2, g) prodá nebo nabídne za účelem prodeje živého jedince druhu čmeláka nebo pačmeláka rodu Bombus anebo vypustí nebo rozšíří takového jedince, který nemá původ ve volné přírodě České republiky, bez souhlasu podle § 5c odst. 4 n",347
OSMÁ,XIV,114/1992,207,vlozeni,88,"V § 88 odst. 1 písm. j) se za slovo „ohlašovací“ vkládají slova „ , oznamovací nebo registrační“, slovo „nebo“ se nahrazuje čárkou a za slovo „výsadby“ se vkládají slova „nebo nezajistí následnou péči o vysazené dřeviny“.",0
OSMÁ,XIV,114/1992,208,zneni_plny,88;57a,"V § 88 se na konci odstavce 1 tečka nahrazuje čárkou a doplňuje se písmeno v), které zní: „v) v rozporu s § 57a odst. 2 používá označení „záchranná stanice“.“.",66
OSMÁ,XIV,114/1992,209,vlozeni,88,V § 88 odst. 2 úvodní části ustanovení se za slovo „se“ vkládá slovo „dále“.,0
OSMÁ,XIV,114/1992,210,zneni_plny,88;5a;48a,"V § 88 odst. 2 písmena d) a e) znějí: „d) poruší některý ze zákazů na ochranu ptáků podle § 5a odst. 1 písm. a) nebo b), e) neprovede opatření uložená orgánem ochrany přírody podle § 48a,“.",149
OSMÁ,XIV,114/1992,211,vlozeni_plny,88;49,"V § 88 odst. 2 se za písmeno e) vkládají nová písmena f) až l), která znějí: „f) v rozporu s § 49 poškodí nebo zničí biotop nebo místní populaci zvláště chráněného druhu rostliny nebo živočicha anebo její genofond; za přestupek podle tohoto ustanovení se nepovažují zásahy do biotopu nebo místní populace zvláště chráněného druhu v rámci lesnického hospodaření, které byly provedeny mimo místa výskyt",2595
OSMÁ,XIV,114/1992,212,doplneni,88,"V § 88 odst. 2 se na konci textu písmene v) doplňují slova „ , 55 nebo 55a“.",0
OSMÁ,XIV,114/1992,213,nahrazeni,88;56;49a,"V § 88 odst. 2 písm. w) se slova „56 nebo“ nahrazují slovy „§ 56 odst. 1 nebo 5, podmínky dohody uzavřené podle § 49a odst. 6 nebo § 56 odst. 5 nahrazující výjimku podle § 56 odst. 1 anebo“.",0
OSMÁ,XIV,114/1992,214,vlozeni_plny,88;44b,"V § 88 se za odstavec 2 vkládá nový odstavec 3, který zní: „(3) Právnická nebo podnikající fyzická osoba se jako provozovatel motorového vozidla dopustí přestupku tím, že v rozporu s § 44b nezajistí, aby při užití motorového vozidla ve zvláště chráněném území byly dodržovány zákazy vjezdu a setrvávání motorových vozidel stanovené tímto zákonem nebo aby nedošlo k vjezdu nebo setrvání motorového voz",796
OSMÁ,XIV,114/1992,215,zneni_plny,88,"V § 88 se na konci odstavce 4 tečka nahrazuje čárkou a doplňuje se písmeno c), které zní: „c) 10 000 Kč, jde-li o přestupek podle odstavce 3.“.",50
OSMÁ,XIV,114/1992,216,zneni_plny,88a,"§ 88a včetně nadpisu zní: „§ 88a Společná ustanovení k přestupkům (1) Výnosy pokut uložených obecním úřadem obce s rozšířenou působností jsou příjmem rozpočtu obce a výnosy pokut uložených krajským úřadem jsou příjmem rozpočtu kraje. Výnosy pokut uložených stavebním úřadem, Agenturou, správou národního parku a inspekcí se dělí způsobem upraveným zvláštním zákonem7), s výjimkou území vojenských úje",1886
OSMÁ,XIV,114/1992,217,nahrazeni,89,"V § 89 odst. 1 větě druhé se slova „živočichů nebo“ nahrazují slovy „živočichů, ptáků nebo“.",0
OSMÁ,XIV,114/1992,218,zneni_plny,89,"V § 89 se na konci odstavce 2 tečka nahrazuje slovem „ , nebo“ a doplňuje se písmeno c), které zní: „c) jde-li o osobu, která jej má v držení, jej využívá bez povolení podle čl. 8 odst. 1 nebo čl. 19 odst. 2 nařízení Evropského parlamentu a Rady (EU) č. 1143/2014 nebo v rozporu s podmínkami stanovenými v tomto povolení.“.",222
OSMÁ,XIV,114/1992,219,vlozeni_plny,89,"V § 89 se za odstavec 2 vkládají nové odstavce 3 a 4, které znějí: „(3) Doručením oznámení o zahájení řízení o odebrání vzniká držiteli jedince zvláště chráněného druhu rostliny nebo živočicha, druhu rostliny nebo živočicha chráněného podle mezinárodních úmluv, ptáka nebo jedince invazního nepůvodního druhu živočicha na unijním seznamu, jeho části nebo výrobku z něj povinnost do doby, než bude říz",1047
OSMÁ,XIV,114/1992,220,doplneni,89,"V § 89 se na konci odstavce 6 doplňuje věta „Odebranou věc nelze převést na osobu, které byla odebrána, a ve smlouvě o převodu odebrané věci se stanoví podmínka, že tu věc nesmí osoba, které byla odebrána, získat ani žádným dalším následným převodem; získá-li osoba, které byla věc odebrána, tuto věc opět do své držby, je tento převod neplatný a orgán ochrany přírody věc opětovně odebere.“.",0
OSMÁ,XIV,114/1992,221,zneni_plny,89,"V § 89 se doplňují odstavce 7 a 8, které znějí: „(7) Náklady spojené se zajištěním, odebráním a dalším nakládáním s jedincem, které nese správní orgán nebo které musí vynaložit, hradí Ministerstvo životního prostředí. Náklady na krmivo, energie a chovatelskou péči o jedince hradí Ministerstvo životního prostředí ve výši stanovené vyhláškou. (8) Orgán ochrany přírody je oprávněn namísto odebrání po",703
OSMÁ,XIV,114/1992,222,vlozeni_plny,89;89a,"Za § 89 se vkládá nový § 89a, který zní: „§ 89a Na správu jedinců zvláště chráněných druhů a ptáků předaných inspekci podle zákona o výkonu zajištění majetku a věcí v trestním řízení se přiměřeně použijí ustanovení tohoto zákona upravující nakládání s odebranými jedinci.“.",232
OSMÁ,XIV,114/1992,223,nahrazeni,90,"V § 90 odst. 2 se slovo „přímé“ zrušuje, slovo „zajištěním“ se nahrazuje slovem „zajišťováním“ a slova „anebo ozbrojených“ se nahrazují slovem „anebo“.",0
OSMÁ,XIV,114/1992,224,zruseni,90,V § 90 odst. 5 se slova „volně žijících“ a slova „planě rostoucích“ zrušují.,0
OSMÁ,XIV,114/1992,225,zneni_plny,90,"V § 90 odstavec 18 zní: „(18) Povolení, souhlasy a jiné správní úkony podle části druhé až páté tohoto zákona se nevyžadují k provádění a) činností orgánem ochrany přírody při zajišťování výkonu své působnosti podle tohoto zákona v oblasti péče o přírodní a krajinné prostředí, ekosystémy a jejich složky, provádění inventarizačních přírodovědných průzkumů, monitoringu, dokumentace a šetření v ochra",985
OSMÁ,XIV,114/1992,226,zruseni,90,V § 90 se odstavec 19 zrušuje. Dosavadní odstavce 20 až 23 se označují jako odstavce 19 až 22.,0
OSMÁ,XIV,114/1992,227,nahrazeni,90,V § 90 odst. 19 se slova „odstavců 18 a 19“ nahrazují slovy „odstavce 18“ a na konci textu odstavce se doplňují slova „a předmětů ochrany evropsky významných lokalit a ptačích oblastí. V případě činností podle odstavce 18 prováděných prostřednictvím jiných osob musí být v dohodě uzavřené orgánem ochrany přírody za účelem zajištění jeho působnosti stanoven účel uzavírané dohody a podmínky zajišťují,0
OSMÁ,XIV,114/1992,228,zruseni,90,V § 90 se odstavec 20 zrušuje. Dosavadní odstavce 21 a 22 se označují jako odstavce 20 a 21.,0
OSMÁ,XIV,114/1992,229,zneni_plny,90;2,"V § 90 odst. 20 se na konci textu věty první doplňují slova „ ; to neplatí, jedná-li se o lesní porosty75)“ a věta třetí se nahrazuje větou „Záměr na provedení vypalování porostů včetně navrhovaných opatření jsou orgány ochrany přírody povinny předem dohodnout s místně příslušným hasičským záchranným sborem kraje.“. Poznámka pod čarou č. 75 zní: „75) § 2 písm. c) zákona č. 289/1995 Sb., ve znění p",71
OSMÁ,XIV,114/1992,230,zneni_plny,90;39;45e;49a,"V § 90 se doplňuje odstavec 22, který zní: „(22) Smlouva o ochraně území evropsky významné lokality, prohlášení stromu za památný nebo o ochraně jiného stromu nebo jiného území se soustředěnými přírodními hodnotami podle § 39 odst. 1, smlouva o způsobu hospodaření v ptačí oblasti podle § 45e odst. 4, dohoda o způsobu hospodaření nebo péči o pozemek podle § 49a odst. 6, dohoda k zajišťování činnost",597
,XV,114/1992,,prechodne,,"Čl. XV Přechodná ustanovení 1. Řízení a postupy zahájené a neskončené přede dnem nabytí účinnosti tohoto zákona se dokončí podle zákona č. 114/1992 Sb., ve znění účinném ode dne nabytí účinnosti tohoto zákona, není-li stanoveno jinak. 2. Řízení a postupy zahájené a neskončené do dne vzniku Úřadu rozvoje území České republiky (dále jen „Úřad“), k nimž je příslušný Úřad nebo jiný stavební úřad, přev",0
DEVÁTÁ,XVI,334/1992,1,nahrazeni,4,V § 4 odst. 1 úvodní části ustanovení se slovo „zastavěném“ nahrazuje slovem „zastavitelném“ a slova „nebo v zastavitelných plochách“ se zrušují.,0
DEVÁTÁ,XVI,334/1992,2,vlozeni,4,V § 4 odst. 1 písm. b) se na začátek vkládají slova „při určování zemědělské půdy k jinému než zemědělskému účelu v územně plánovací dokumentaci“ a slovo „zastavěné“ se nahrazuje slovem „zastavitelné“.,0
DEVÁTÁ,XVI,334/1992,3,vlozeni,4,"V § 4 odst. 2 se za slovo „prospěšnost“ vkládají slova „ , veřejný zájem, ekonomické a sociální dopady“.",0
DEVÁTÁ,XVI,334/1992,4,vlozeni,4,V § 4 odst. 3 větě druhé se za slovo „nemění“ vkládá slovo „základní“.,0
DEVÁTÁ,XVI,334/1992,5,zneni_plny,4,"V § 4 odstavec 4 zní: „(4) Zemědělskou půdu I. a II. třídy ochrany nelze odejmout ze zemědělského půdního fondu pro záměry pro obchod nebo skladování o rozsahu větším než 1 ha s výjimkou záměrů umístěných do 500 m od staveb nebo tras dálnic, silnic I. třídy, drah, leteckých staveb nebo vodních cest nebo pro záměry energetického zařízení pro přeměnu energie slunečního záření na elektřinu s výjimkou",783
DEVÁTÁ,XVI,334/1992,6,zruseni,4,V § 4 odst. 5 větě první se slova „transformačních a zastavitelných“ zrušují.,0
DEVÁTÁ,XVI,334/1992,7,zruseni,5,V § 5 odst. 2 se slova „a k návrhu vymezení zastavěného území“ zrušují a na konci textu odstavce se doplňují slova „při respektování cílů a úkolů územního plánování a s přihlédnutím k zájmu územních samosprávných celků a státu na rozvoji svého území“.,0
DEVÁTÁ,XVI,334/1992,8,zneni_plny,7;8b;4;9;8a,"V § 7 odstavce 1 a 2 znějí: „(1) Dokumentace pro povolení záměru podle stavebního zákona, který vyžaduje souhlas podle § 8b nebo 9, musí být zpracována se zohledněním zásad plošné ochrany zemědělského půdního fondu (§ 4), s výjimkou zásad, které se podle § 9 odst. 10 neposuzují. (2) Umístění záměru podle § 8a, 8b a 9 musí být navrženo tak, aby z hlediska ochrany zemědělského půdního fondu a ostatn",558
DEVÁTÁ,XVI,334/1992,9,vlozeni,7,V § 7 odst. 4 se za číslo „6“ vkládají slova „nebo k žádosti o povolení záměru podle stavebního zákona“ a za slovo „území“ se vkládají slova „k prokázání splnění podmínek“.,0
DEVÁTÁ,XVI,334/1992,10,nahrazeni,8a,V § 8a odst. 8 se slovo „nezastavěném“ nahrazuje slovem „nezastavitelném“.,0
DEVÁTÁ,XVI,334/1992,11,zneni_plny,8a,"V § 8a se doplňuje odstavec 10, který zní: „(10) Jedná-li se o záměr vyžadující povolení podle stavebního zákona, stavební úřad vydá souhlas podle odstavce 2 nebo 9 v rozhodnutí o povolení záměru podle stavebního zákona. Žádost o povolení záměru podle stavebního zákona obsahuje vedle náležitostí požadovaných stavebním zákonem náležitosti vyžadované v odstavci 3. Povolení záměru podle stavebního zá",408
DEVÁTÁ,XVI,334/1992,12,zneni_plny,8b,"V § 8b se doplňuje odstavec 4, který zní: „(4) Jedná-li se o záměr vyžadující povolení podle stavebního zákona, stavební úřad vydá souhlas podle odstavce 1 v rozhodnutí o povolení záměru podle stavebního zákona. Žádost o povolení záměru podle stavebního zákona obsahuje vedle náležitostí požadovaných stavebním zákonem náležitosti vyžadované v odstavci 2. Povolení záměru podle stavebního zákona obsa",400
DEVÁTÁ,XVI,334/1992,13,zneni_plny,9,"V § 9 odst. 2 písmena a) až d) znějí: „a) v zastavitelném území pro 1. stavbu včetně souvisejících zastavěných ploch o výměře do 25 m2, 2. veřejně prospěšnou stavbu umísťovanou v proluce o velikosti do 0,5 ha, nebo 3. drobnou stavbu, b) pro umístění 1. signálů, stabilizačních kamenů a jiných značek pro geodetické účely, vstupních šachet podzemního vedení a stožárů nadzemních vedení, pokud v jednot",2262
DEVÁTÁ,XVI,334/1992,14,zruseni,9,V § 9 odst. 5 se písmena a) až d) včetně poznámky pod čarou č. 6 zrušují. Dosavadní písmena e) až g) se označují jako písmena a) až c).,0
DEVÁTÁ,XVI,334/1992,15,zruseni,9,V § 9 odst. 6 písm. f) se slova „a návrh alternativ“ zrušují.,0
DEVÁTÁ,XVI,334/1992,16,zruseni,9,"V § 9 odst. 8 písm. c) se slova „ , jsou-li pro to zvláštní důvody při lomové (povrchové) těžbě uhlí a kaolinu nebo při geologicko-průzkumných pracích, zejména u velmi hlubokých vrtů,“ zrušují.",0
DEVÁTÁ,XVI,334/1992,17,zneni_plny,9,"V § 9 odstavec 9 zní: „(9) Jedná-li se o záměr vyžadující povolení podle stavebního zákona, stavební úřad vydá souhlas s odnětím zemědělské půdy ze zemědělského půdního fondu v rozhodnutí o povolení záměru podle stavebního zákona. Žádost o povolení záměru podle stavebního zákona obsahuje vedle náležitostí požadovaných stavebním zákonem náležitosti vyžadované v odstavci 6, případně 7. Povolení zámě",452
DEVÁTÁ,XVI,334/1992,18,zneni_plny,9;4,"V § 9 se doplňuje odstavec 10, který zní: „(10) Zásady plošné ochrany podle § 4 odst. 1 až 5 se neposuzují v zastavitelném území, koridoru pro stavební záměr nebo ploše těžby vymezených v územně plánovací dokumentaci v souladu se stanoviskem orgánu ochrany zemědělského půdního fondu.“.",243
DEVÁTÁ,XVI,334/1992,19,doplneni,11,V § 11 se na konci odstavce 3 doplňuje věta „Rozhodnutí se vydává jako první úkon v řízení.“.,0
DEVÁTÁ,XVI,334/1992,20,vlozeni,11,V § 11 odst. 4 písm. a) se za slovo „souhlasu“ vkládají slova „anebo rozhodnutí o povolení záměru stavebním úřadem“.,0
DEVÁTÁ,XVI,334/1992,21,zneni_plny,11a,"V § 11a se na konci odstavce 1 tečka nahrazuje čárkou a doplňuje se písmeno s), které zní: „s) stavby pro bydlení ve stavební proluce.“.",42
DEVÁTÁ,XVI,334/1992,22,zneni_plny,13,"V § 13 se na konci odstavce 1 tečka nahrazuje čárkou a doplňuje se písmeno f), které zní: „f) stavební úřad.“.",17
DEVÁTÁ,XVI,334/1992,23,doplneni,15,"V § 15 se na konci úvodní části ustanovení doplňují slova „ , není-li příslušný stavební úřad,“.",0
DEVÁTÁ,XVI,334/1992,24,doplneni,15,V § 15 se na konci textu písmene m) doplňují slova „nebo stavební úřad“.,0
DEVÁTÁ,XVI,334/1992,25,zruseni,17,"V § 17 písm. a) se slova „a k návrhům na vymezení zastavěného území samostatným postupem pro území hlavního města Prahy a obcí, ve kterých je sídlo kraje,“ zrušují.",0
DEVÁTÁ,XVI,334/1992,26,doplneni,17a,"V § 17a se na konci úvodní části ustanovení doplňují slova „ , není-li příslušný stavební úřad,“.",0
DEVÁTÁ,XVI,334/1992,27,zruseni,17a,"V § 17a písm. a) se slova „a k návrhům na vymezení zastavěného území samostatným postupem, s výjimkou zastavěného území hlavního města Prahy a obcí, ve kterých je sídlo kraje,“ zrušují.",0
DEVÁTÁ,XVI,334/1992,28,zneni_plny,17c;8a,"§ 17c včetně nadpisu zní: „§ 17c Stavební úřad (1) Jedná-li se o záměr povolovaný podle stavebního zákona mimo území národních parků, stavební úřad v rozhodnutí o povolení záměru a) vydává souhlas s realizací agrovoltaické výrobny elektřiny nebo zařízení sloužícího pro ukládání elektřiny z agrovoltaické výrobny elektřiny podle § 8a odst. 10, b) vydává souhlas s realizací záměru nebo opatření reali",1226
DEVÁTÁ,XVI,334/1992,29,vlozeni,18,"V § 18 odst. 1 větě první se za slova „fondu se“ vkládají slova „v případě záměrů, které nepodléhají povolení záměru podle stavebního zákona,“.",0
DEVÁTÁ,XVI,334/1992,30,doplneni,18;9,"V § 18 se na konci odstavce 6 doplňuje věta „Vydal-li souhlas s odnětím zemědělské půdy ze zemědělského půdního fondu stavební úřad, zašle obecnímu úřadu obce s rozšířenou působností stejnopis písemného vyhotovení rozhodnutí o povolení záměru včetně dokumentace připojené k žádosti o povolení záměru v rozsahu podkladů podle § 9 odst. 6, případně 7.“.",0
DEVÁTÁ,XVI,334/1992,31,zneni_plny,19,"V § 19 se doplňuje odstavec 3, který zní: „(3) Je-li to potřebné pro účely zápisu do katastru nemovitostí, potvrdí orgán ochrany zemědělského půdního fondu na žádost vlastníka pozemku nebo katastrálního úřadu, že pozemek je zastavěn stavbou dálnice, silnice nebo místní komunikace nebo stavbou, kterou lze provést bez souhlasu s odnětím zemědělské půdy ze zemědělského půdního fondu.“.",343
DEVÁTÁ,XVI,334/1992,32,doplneni,20,V § 20 odst. 1 se na konci textu písmene j) doplňují slova „anebo povolením záměru podle stavebního zákona“.,0
DEVÁTÁ,XVI,334/1992,33,doplneni,20a,V § 20a odst. 1 se na konci textu písmene j) doplňují slova „anebo povolením záměru podle stavebního zákona“.,0
DEVÁTÁ,XVI,334/1992,34,nahrazeni,21,"V § 21 odst. 4 se věta první zrušuje, slova „jednotné environmentální stanovisko“ se nahrazují slovy „povolení podle stavebního zákona“ a slovo „rozhodnutí“ se nahrazuje slovy „závazného stanoviska“. Poznámka pod čarou č. 40 se zrušuje.",0
DEVÁTÁ,XVI,334/1992,35,zruseni,,V příloze k zákonu v části B se skupina faktorů E včetně poznámky pod čarou č. 45 zrušuje.,0
DEVÁTÁ,XVI,334/1992,36,nahrazeni,,V příloze k zákonu se v části D odst. 2 písm. a) slova „průmyslu a obchodu“ nahrazují slovem „hospodářství“.,0
,XVII,334/1992,,prechodne,,"Čl. XVII Přechodná ustanovení 1. Řízení a postupy zahájené a neskončené přede dnem nabytí účinnosti tohoto zákona se dokončí podle zákona č. 334/1992 Sb., ve znění účinném ode dne nabytí účinnosti tohoto zákona, není-li stanoveno jinak. 2. Řízení a postupy zahájené a neskončené do dne vzniku Úřadu rozvoje území České republiky (dále jen „Úřad“), k nimž je příslušný Úřad nebo jiný stavební úřad, př",0
DESÁTÁ,XVIII,338/1992,1,nahrazeni,4,V § 4 odst. 1 písm. v) se slovo „zastavěném“ nahrazuje slovem „zastavitelném“ a slova „nebo v zastavitelné ploše podle stavebního zákona“ se zrušují.,0
DESÁTÁ,XVIII,338/1992,2,vlozeni_plny,19b;19c,"Za § 19b se vkládá nový § 19c, který zní: „§ 19c (1) Zastavěnou plochou u stavby, která byla dokončena podle právních předpisů účinných přede dnem nabytí účinnosti zákona č. …/2026 Sb. nebo jejíž užívání bylo zahájeno přede dnem nabytí účinnosti zákona č. …/2026 Sb., se rozumí zastavěná plocha podle stavebního zákona ve znění účinném přede dnem nabytí účinnosti zákona č. …/2026 Sb. (2) Pro účely o",1257
,XIX,338/1992,,prechodne,4,"Čl. XIX Přechodné ustanovení Obecně závazná vyhláška podle § 4 odst. 1 písm. v) zákona č. 338/1992 Sb., ve znění účinném přede dnem nabytí účinnosti tohoto zákona, se považuje za obecně závaznou vyhlášku vydanou podle § 4 odst. 1 písm. v) zákona č. 338/1992 Sb., ve znění účinném ode dne nabytí účinnosti tohoto zákona. Pokud tato obecně závazná vyhláška vymezuje pozemky v zastavěném území nebo zast",0
JEDENÁCTÁ,XX,360/1992,1,zneni_plny,22,"V § 22 se doplňuje odstavec 4, který zní: „(4) Komora bezodkladně uvědomí Úřad rozvoje území České republiky o pravomocném rozhodnutí o uložení disciplinárního opatření spočívajícího v pozastavení nebo odnětí autorizace autorizované osobě.“.",198
JEDENÁCTÁ,XX,360/1992,2,nahrazeni,29,V § 29 odst. 3 písm. b) bodu 2 se slova „průmyslu a obchodu“ nahrazují slovem „hospodářství“. ČÁST DVANÁCTÁ Změna zákona o zeměměřictví,0
DVANÁCTÁ,XXI,200/1994,,vlozeni,4b,"Čl. XXI V § 4b odst. 8 zákona č. 200/1994 Sb., o zeměměřictví a o změně a doplnění některých zákonů souvisejících s jeho zavedením, ve znění zákona č. 47/2020 Sb., zákona č. 202/2023 Sb., zákona č. 287/2025 Sb. a zákona č. 330/2025 Sb., se za větu první vkládá věta „Podkladem pro zápis údajů podle odstavce 4 písm. a) je dokumentace o zaměření prostorové polohy, rozměru a tvaru dokončené stavby neb",0
,XXII,200/1994,,prechodne,4b,"Čl. XXII Přechodné ustanovení Ustanovení § 4b odst. 9 zákona č. 200/1994 Sb., ve znění účinném ode dne nabytí účinnosti tohoto zákona, se použije pro zápis údajů o objektech a zařízeních dopravní a technické infrastruktury, jejichž výstavba byla dokončena počínaje dnem nabytí účinnosti tohoto zákona. Pokud výstavba probíhá po částech či etapách, povinnost podle věty první se vztahuje pouze na část",0
TŘINÁCTÁ,XXIII,266/1994,,nahrazeni,7,"Čl. XXIII V § 7 odst. 1 zákona č. 266/1994 Sb., o dráhách, ve znění zákona č. 23/2000 Sb., zákona č. 186/2006 Sb., zákona č. 225/2017 Sb., zákona č. 367/2019 Sb., zákona č. 284/2021 Sb. a zákona č. 426/2021 Sb., se slova „Dopravní a energetický stavební úřad“ nahrazují slovy „Úřad rozvoje území České republiky“. ČÁST ČTRNÁCTÁ Změna zákona o vnitrozemské plavbě",0
ČTRNÁCTÁ,XXIV,114/1995,,nahrazeni,22a,"Čl. XXIV V § 22a odst. 4 zákona č. 114/1995 Sb., o vnitrozemské plavbě, ve znění zákona č. 187/2014 Sb., se slovo „zastavěném“ nahrazuje slovem „zastavitelném“. ČÁST PATNÁCTÁ Změna lesního zákona",0
PATNÁCTÁ,XXV,289/1995,1,zruseni,12,V § 12 se odstavec 3 včetně poznámky pod čarou č. 46 zrušuje.,0
PATNÁCTÁ,XXV,289/1995,2,vlozeni,13,"V § 13 odst. 1 se za větu třetí vkládají věty „Pokud je důvodem udělení výjimky záměr vyžadující povolení podle stavebního zákona, je rozhodnutí orgánu státní správy lesů nahrazeno rozhodnutím o záměru podle stavebního zákona. Splnění podmínek podle tohoto zákona posoudí stavební úřad v rozhodnutí o záměru podle stavebního zákona po vydání vyjádření orgánu státní správy lesů. Pokud se záměr nebo j",0
PATNÁCTÁ,XXV,289/1995,3,doplneni,14,V § 14 se na konci odstavce 2 doplňuje věta „K dotčení vzdálenějších pozemků se závazné stanovisko nevydává.“.,0
PATNÁCTÁ,XXV,289/1995,4,zneni_plny,14,"V § 14 odstavec 3 zní: „(3) Jde-li o řízení o povolení záměru podle stavebního zákona, závazné stanovisko podle odstavce 2 se s výjimkou území národních parků nevydává. Splnění podmínek podle tohoto zákona posoudí stavební úřad v rozhodnutí o záměru podle stavebního zákona po vydání vyjádření orgánu státní správy lesů vydaného v rozsahu dotčení pozemků podle odstavce 2.“.",351
PATNÁCTÁ,XXV,289/1995,5,doplneni,15,"V § 15 odst. 3 se na konci textu písmene c) doplňují slova „ , a související elektrické a optické přípojné vedení“.",0
PATNÁCTÁ,XXV,289/1995,6,zruseni,16,V § 16 se odstavec 7 zrušuje. Dosavadní odstavec 8 se označuje jako odstavec 7.,0
PATNÁCTÁ,XXV,289/1995,7,doplneni,17,V § 17 se na konci odstavce 3 doplňuje věta „Rozhodnutí se vydává jako první úkon v řízení.“.,0
PATNÁCTÁ,XXV,289/1995,8,vlozeni_plny,47,"V § 47 odst. 1 se za písmeno b) vkládá nové písmeno c), které zní: „c) stavební úřady,“. Dosavadní písmeno c) se označuje jako písmeno d).",18
PATNÁCTÁ,XXV,289/1995,9,doplneni,48,"V § 48 odst. 1 se na konci textu písmene d) doplňují slova „ , s výjimkou případů, kdy je důvodem odnětí nebo omezení záměr povolovaný podle stavebního zákona“.",0
PATNÁCTÁ,XXV,289/1995,10,doplneni,48,"V § 48 odst. 2 se na konci textu písmene b) doplňují slova „ , s výjimkou řízení o povolení záměru podle stavebního zákona“.",0
PATNÁCTÁ,XXV,289/1995,11,zruseni,48,V § 48 odst. 2 se na konci písmen h) a i) slovo „a“ zrušuje.,0
PATNÁCTÁ,XXV,289/1995,12,zneni_plny,48;13,"V § 48 se na konci odstavce 2 tečka nahrazuje slovem „a“ a doplňuje se písmeno k), které zní: „k) vydávají vyjádření k 1. žádosti o odnětí nebo o omezení, pokud je důvodem odnětí nebo omezení záměr vyžadující povolení podle stavebního zákona (§ 13 odst. 1) a 2. řízení o povolení záměru podle stavebního zákona, jímž mají být dotčeny pozemky určené k plnění funkcí lesa do výměry 1 ha, není-li příslu",398
PATNÁCTÁ,XXV,289/1995,13,doplneni,48a,"V § 48a odst. 1 se na konci textu písmene b) doplňují slova „ , s výjimkou případů, kdy je důvodem odnětí nebo omezení záměr povolovaný podle stavebního zákona; v takovém případě vydá vyjádření“.",0
PATNÁCTÁ,XXV,289/1995,14,doplneni,48a,"V § 48a odst. 2 se na konci textu písmene c) doplňují slova „ , s výjimkou řízení o povolení záměru podle stavebního zákona; v takovém případě vydá vyjádření“.",0
PATNÁCTÁ,XXV,289/1995,15,vlozeni_plny,48a;48b;14,"Za § 48a se vkládá nový § 48b, který včetně nadpisu zní: „§ 48b Stavební úřad (1) Jedná-li se o záměr povolovaný podle stavebního zákona stavební úřad v rozhodnutí o povolení záměru a) mimo území národních parků posuzuje splnění podmínek pro souhlas s povolením záměrů, jimiž mají být dotčeny pozemky určené k plnění funkcí lesa a pozemky do vzdálenosti 30 m od okraje lesa (§ 14 odst. 2), b) rozhodu",969
,XXVI,289/1995,,prechodne,,"Čl. XXVI Přechodná ustanovení 1. Řízení a postupy zahájené a neskončené přede dnem nabytí účinnosti tohoto zákona se dokončí podle zákona č. 289/1995 Sb., ve znění účinném ode dne nabytí účinnosti tohoto zákona, není-li stanoveno jinak. 2. Řízení a postupy zahájené a neskončené přede dnem nabytí účinnosti tohoto zákona, k nimž je podle zákona č. 289/1995 Sb., ve znění účinném ode dne nabytí účinno",0
ŠESTNÁCTÁ,XXVII,13/1997,1,nahrazeni,8,V § 8 odst. 1 se slovo „zastavěným“ nahrazuje slovem „zastavitelným“ a slova „nebo zastavitelnými plochami“ se zrušují.,0
ŠESTNÁCTÁ,XXVII,13/1997,2,nahrazeni,11,V § 11 odst. 2 se slovo „zastavěné“ nahrazuje slovem „zastavitelné“ a slova „nebo zastavitelné plochy“ se zrušují.,0
ŠESTNÁCTÁ,XXVII,13/1997,3,nahrazeni,11,V § 11 odst. 5 se slovo „zastavěné“ nahrazuje slovem „zastavitelné“.,0
ŠESTNÁCTÁ,XXVII,13/1997,4,nahrazeni,18g;24;26;30;35;36;37,"V § 18g odst. 1 písm. d), § 24 odst. 2 písm. b), § 26 odst. 2, § 30 odst. 5, § 35 odst. 3, § 36 odst. 4 a § 37 odst. 5 písm. b) se slovo „zastavěném“ nahrazuje slovem „zastavitelném“.",0
ŠESTNÁCTÁ,XXVII,13/1997,5,nahrazeni,25,V § 25 odst. 7 písm. d) bodě 1 se slovo „zastavěném“ nahrazuje slovem „zastavitelném“ a slovo „zastavěné“ se nahrazuje slovem „zastavitelné“.,0
ŠESTNÁCTÁ,XXVII,13/1997,6,nahrazeni,30,V § 30 odst. 2 úvodní části ustanovení se slovo „zastavěné“ nahrazuje slovem „zastavitelné“.,0
ŠESTNÁCTÁ,XXVII,13/1997,7,nahrazeni,30,V § 30 odst. 3 se slovo „zastavěného“ nahrazuje slovem „zastavitelného“.,0
ŠESTNÁCTÁ,XXVII,13/1997,8,nahrazeni,40,V § 40 odst. 11 písm. a) se slova „Dopravní a energetický stavební úřad“ nahrazují slovy „Úřad rozvoje území České republiky“. ČÁST SEDMNÁCTÁ Změna zákona o civilním letectví,0
SEDMNÁCTÁ,XXVIII,49/1997,1,nahrazeni,35,V § 35 odst. 1 se slova „využití území“ nahrazují slovy „povolení záměru“.,0
SEDMNÁCTÁ,XXVIII,49/1997,2,nahrazeni,36,V § 36 odst. 2 se slova „Dopravní a energetický stavební úřad“ nahrazují slovy „Úřad rozvoje území České republiky“.,0
SEDMNÁCTÁ,XXVIII,49/1997,3,nahrazeni,37,V § 37 odst. 1 větě druhé a třetí se slova „úřadem územního plánování“ nahrazují slovem „obcí“.,0
SEDMNÁCTÁ,XXVIII,49/1997,4,vlozeni,87,"V § 87 odst. 1 se za slovo „Ústav“ vkládají slova „ , Úřad rozvoje území České republiky“. ČÁST OSMNÁCTÁ Změna zákona o odpovědnosti za škodu způsobenou při výkonu veřejné moci rozhodnutím nebo nesprávným úředním postupem",0
OSMNÁCTÁ,XXIX,82/1998,,zruseni,8;309,"Čl. XXIX V § 8 zákona č. 82/1998 Sb., o odpovědnosti za škodu způsobenou při výkonu veřejné moci rozhodnutím nebo nesprávným úředním postupem a o změně zákona České národní rady č. 358/1992 Sb., o notářích a jejich činnosti (notářský řád), ve znění zákona č. 160/2006 Sb. a zákona č. 396/2012 Sb., se doplňuje odstavec 4, který zní: „(4) Nárok na náhradu škody způsobené nezákonným rozhodnutím lze up",0
DEVATENÁCTÁ,XXX,166/1999,1,zruseni,48;49,V § 48 odst. 1 písm. h) a § 49 odst. 1 písm. i) se slova „závazné posudky a“ zrušují.,0
DEVATENÁCTÁ,XXX,166/1999,2,zneni_plny,56,Nadpis § 56 zní: „Vyjádření“.,9
DEVATENÁCTÁ,XXX,166/1999,3,zruseni,56,V § 56 se odstavec 1 zrušuje. Dosavadní odstavce 2 až 4 se označují jako odstavce 1 až 3. Poznámka pod čarou č. 36a se zrušuje.,0
DEVATENÁCTÁ,XXX,166/1999,4,zruseni,56,"V § 56 odst. 1 písm. a) se slova „nejde-li o stavby nebo zařízení podle odstavce 1,“ zrušují.",0
DEVATENÁCTÁ,XXX,166/1999,5,nahrazeni,56,V § 56 odst. 2 a 3 se slova „Závazné posudky a vyjádření“ nahrazují slovem „Vyjádření“ a věta druhá se nahrazuje větou „Odstavec 1 se použije obdobně.“.,0
DEVATENÁCTÁ,XXX,166/1999,6,nahrazeni,77a,"V § § 77a větě první se slova „Závazný posudek a vyjádření“ nahrazují slovem „Vyjádření“, slovo „nevydají“ se nahrazuje slovem „nevydává“ a slovo „jejich“ se nahrazuje slovem „jeho“.",0
,XXXI,166/1999,,prechodne,56;149,"Čl. XXXI Přechodná ustanovení 1. Řízení a postupy zahájené a neskončené přede dnem nabytí účinnosti tohoto zákona se dokončí podle zákona č. 166/1999 Sb., ve znění účinném ode dne nabytí účinnosti tohoto zákona. 2. Žádost o vydání závazného posudku podle § 56 odst. 1 zákona č. 166/1999 Sb., ve znění účinném přede dnem nabytí účinnosti tohoto zákona, který nebyl vydán do dne nabytí účinnosti tohoto",0
DVACÁTÁ,XXXII,222/1999,1,vlozeni_plny,6;6a,"Za § 6 se vkládá nový § 6a, který zní: „§ 6a Státní příspěvková organizace k zajišťování obrany (1) Ministerstvo může za účelem zajišťování obrany státu zřídit státní příspěvkovou organizaci. Ministerstvo vydá zřizovací listinu státní příspěvkové organizace. Státní příspěvková organizace vzniká dnem stanoveným ve zřizovací listině. Zřizovací listina musí dále obsahovat a) označení zřizovatele stát",3225
DVACÁTÁ,XXXII,222/1999,2,zneni_plny,29b,"V § 29b odstavec 1 zní: „(1) Ministerstvo může za Českou republiku při úplatném nabývání pozemků a staveb pro zajišťování obrany státu sjednat cenu do výše obvyklé ceny určené podle zákona o oceňování majetku; nelze-li obvyklou cenu určit, do výše tržní hodnoty určené podle téhož zákona. V případech hodných zvláštního zřetele lze sjednat cenu až do výše čtyřnásobku takto určené obvyklé ceny nebo t",392
DVACÁTÁ,XXXII,222/1999,3,nahrazeni,47,V § 47 větě první se slova „krajský úřad“ nahrazují slovy „Úřad rozvoje území České republiky“ a věta druhá se zrušuje.,0
DVACÁTÁ,XXXII,222/1999,4,zneni_plny,51,"V § 51 odstavec 2 zní: „(2) Byla-li předmětem vyvlastnění nemovitost, Úřad rozvoje území České republiky podá návrh na zápis do katastru nemovitostí u příslušného katastrálního úřadu.“.",160
,XXXIII,,,prechodne,6a,"Čl. XXXIII Přechodné ustanovení Ustanovení § 6a odst. 2 věty druhé se použije i na právnické osoby zřízené Ministerstvem obrany, jimž bylo oprávnění k poskytování zdravotních služeb uděleno přede dnem nabytí účinnosti tohoto zákona. ČÁST DVACÁTÁ PRVNÍ Změna zákona o obcích",0
DVACÁTÁ PRVNÍ,XXXIV,128/2000,,vlozeni,39b,"Čl. XXXIV V § 39b odst. 1 písm. a) a d) zákona č. 128/2000 Sb., o obcích (obecní zřízení), ve znění zákona č. 36/2025 Sb., se slova „zastavěného stavebního“ zrušují a za slovo „pozemku“ se vkládají slova „zázemí stavby“. ČÁST DVACÁTÁ DRUHÁ Změna zákona o krajích",0
DVACÁTÁ DRUHÁ,XXXV,129/2000,,vlozeni,18b,"Čl. XXXV V § 18b odst. 1 písm. b) a d) zákona č. 129/2000 Sb., o krajích (krajské zřízení), ve znění zákona č. 36/2025 Sb., se slova „zastavěného stavebního“ zrušují a za slovo „pozemku“ se vkládají slova „zázemí stavby“. ČÁST DVACÁTÁ TŘETÍ Změna zákona o hlavním městě Praze",0
DVACÁTÁ TŘETÍ,XXXVI,131/2000,1,zneni_plny,18,"V § 18 odst. 1 písm. h) se slova „těch řízeních, v nichž se vydává územní rozhodnutí, společné povolení, kterým se stavba umisťuje a povoluje, nebo dodatečné povolení stavby územní rozhodnutí nahrazující“ nahrazují slovy „řízeních o povolení záměru“. 2. Poznámka pod čarou č. 6b zní: „6b) Zákon č. 283/2021 Sb., stavební zákon, ve znění pozdějších předpisů.“.",73
DVACÁTÁ TŘETÍ,XXXVI,131/2000,3,vlozeni,36b,V § 36b odst. 1 písm. b) a d) se slova „zastavěného stavebního“ zrušují a za slovo „pozemku“ se vkládají slova „zázemí stavby“. ČÁST DVACÁTÁ ČTVRTÁ Změna zákona o majetku České republiky,0
DVACÁTÁ ČTVRTÁ,XXXVII,219/2000,1,vlozeni,21b,V § 21b odst. 1 písm. d) se slova „zastavěného stavebního“ zrušují a za slovo „pozemku99)“ se vkládají slova „zázemí stavby“.,0
DVACÁTÁ ČTVRTÁ,XXXVII,219/2000,2,nahrazeni,21b,V § 21b odst. 1 písm. g) se slovo „zastavěném“ nahrazuje slovem „zastavitelném“ a slova „nebo v zastavitelné ploše“ se zrušují. ČÁST DVACÁTÁ PÁTÁ Změna zákona o integrovaném záchranném systému,0
DVACÁTÁ PÁTÁ,XXXVIII,239/2000,1,nahrazeni,7,V § 7 odst. 7 písm. d) se slova „průmyslu a obchodu“ nahrazují slovem „hospodářství“.,0
DVACÁTÁ PÁTÁ,XXXVIII,239/2000,2,zneni_plny,10,"V § 10 odstavce 7 a 8 znějí: „(7) Požadavky ochrany obyvatelstva jsou uplatňovány posuzováním a) dokumentace pro povolení stavby, zařízení nebo udržovacích prací podle stavebního zákona, včetně změn této dokumentace, b) dokumentace pro provádění stavby, c) dokumentace nebo jiného podkladu ke změně v účelu užívání stavby. (8) Výsledkem posuzování dokumentace a podkladů podle odstavce 7 je a) závazn",711
DVACÁTÁ PÁTÁ,XXXVIII,239/2000,3,vlozeni_plny,10;39,"V § 10 se za odstavec 8 vkládá nový odstavec 9, který zní: „(9) Nadřízeným správním orgánem příslušným ke zrušení, potvrzení nebo změně vyjádření nebo závazného stanoviska vydaného podle odstavce 8 hasičským záchranným sborem kraje je u stavby a) v rozsahu § 39 odst. 1 písm. c) zákona o požární ochraně ředitel hasičského záchranného sboru kraje, b) v rozsahu § 39 odst. 1 písm. d) zákona o požární",375
DVACÁTÁ PÁTÁ,XXXVIII,239/2000,4,zneni_plny,27,"V § 27 se doplňuje odstavec 3, který zní: „(3) Na kontrolu podle odstavců 1 a 2 se použije kontrolní řád, nevyplývá-li z povahy kontroly nebo z jiného právního předpisu odlišný postup.“.",142
DVACÁTÁ PÁTÁ,XXXVIII,239/2000,5,vlozeni,33,V § 33 odst. 1 se slova „územní souhlas anebo ohlášení stavby“ nahrazují slovy „rozhodnutí o povolení záměru podle stavebního zákona“ a za slovo „stanoviskem“ se vkládají slova „nebo vyjádřením“.,0
DVACÁTÁ PÁTÁ,XXXVIII,239/2000,6,nahrazeni,35,V § 35 odst. 3 se slova „Ministerstvem pro místní rozvoj“ nahrazují slovy „Úřadem rozvoje území České republiky“.,0
,XXXIX,239/2000,,prechodne,39;149,"Čl. XXXIX Přechodná ustanovení 1. Řízení a postupy zahájené a neskončené přede dnem nabytí účinnosti tohoto zákona se dokončí podle zákona č. 239/2000 Sb., ve znění účinném ode dne nabytí účinnosti tohoto zákona. 2. Žádost o vydání závazného stanoviska u stavby podle § 39 odst. 1 písm. c) zákona č. 133/1985 Sb., o požární ochraně, které nebylo vydáno do dne nabytí účinnosti tohoto zákona, se považ",0
DVACÁTÁ ŠESTÁ,XL,258/2000,1,nahrazeni,7,"V § 7 odst. 1 se slova „byly splněny hygienické požadavky upravené prováděcím právním předpisem na prostorové podmínky, vybavení, provoz, osvětlení, vytápění, mikroklimatické podmínky, zásobování vodou, úklid a nakládání s prádlem“ nahrazují slovy „při jejich provozu byly splňovány hygienické požadavky na jejich vybavení, úklid a nakládání s prádlem a mikroklimatické podmínky, které stanoví provád",0
DVACÁTÁ ŠESTÁ,XL,258/2000,2,nahrazeni,13,"V § 13 odst. 1 se slova „odpovídalo hygienickým limitům chemických, fyzikálních a biologických ukazatelů, upravených prováděcími právními předpisy“ nahrazují slovy „při jejich provozu splňovalo hygienické požadavky na mikroklimatické podmínky, které jsou stanoveny v prováděcím právním předpisu“.",0
DVACÁTÁ ŠESTÁ,XL,258/2000,3,zneni_plny,41,"V § 41 se doplňuje odstavec 8, který zní: „(8) Pokud práce s azbestem spočívá v odstranění stavby vyžadující povolení odstranění stavby podle stavebního zákona, je povolení práce s azbestem podle odstavce 3 nahrazeno povolením odstranění stavby. Stavebník, nebo osoba, která bude pro stavebníka práce s azbestem skutečně vykonávat, je před započetím práce s azbestem povinna postupovat podle odstavce",369
DVACÁTÁ ŠESTÁ,XL,258/2000,4,doplneni,77,"V § 77 odst. 1 se na konci textu věty první doplňují slova „ , s výjimkou řízení podle stavebního zákona“.",0
DVACÁTÁ ŠESTÁ,XL,258/2000,5,zruseni,77,V § 77 se odstavec 2 zrušuje. Dosavadní odstavce 3 až 6 se označují jako odstavce 2 až 5.,0
DVACÁTÁ ŠESTÁ,XL,258/2000,6,nahrazeni,77,V § 77 odst. 2 se slova „ke stavbě“ nahrazují slovem „stavbu“ a slova „vydat kladné stanovisko orgánu ochrany veřejného zdraví“ se nahrazují slovem „povolit“.,0
DVACÁTÁ ŠESTÁ,XL,258/2000,7,zruseni,77,V § 77 se odstavec 3 zrušuje. Dosavadní odstavce 4 a 5 se označují jako odstavce 3 a 4.,0
DVACÁTÁ ŠESTÁ,XL,258/2000,8,zneni_plny,78,V § 78 odst. 1 písmeno h) zní: „h) stavební úřady.“.,18
DVACÁTÁ ŠESTÁ,XL,258/2000,9,nahrazeni,80,V § 80 odst. 2 se slovo „zastavěných“ nahrazuje slovem „zastavitelných“.,0
DVACÁTÁ ŠESTÁ,XL,258/2000,10,zneni_plny,82b,"§ 82b včetně nadpisu zní: „§ 82b Stavební úřady Stavební úřady rozhodnutím o záměru nahrazují závazná stanoviska, stanoviska, vyjádření a jiné úkony vydávané podle tohoto zákona, pokud se týkají záměru povolovaného podle stavebního zákona.“.",216
DVACÁTÁ ŠESTÁ,XL,258/2000,11,zruseni,108;7;13,"V § 108 odst. 1 se text „§ 7 odst. 1,“ a text „§ 13,“ zrušuje.",0
DVACÁTÁ ŠESTÁ,XL,258/2000,12,zruseni,108,V § 108 odst. 2 se slova „prostory a“ zrušují.,0
DVACÁTÁ ŠESTÁ,XL,258/2000,13,zruseni,108,V § 108 se odstavec 3 zrušuje. Dosavadní odstavce 4 až 6 se označují jako odstavce 3 až 5.,0
DVACÁTÁ ŠESTÁ,XL,258/2000,14,vlozeni,108;6c;6f;7;13;41;77;39,"V § 108 odst. 3 se za slovo „provedení“ vkládá text „§ 6c odst. 3, § 6f odst. 4, § 7 odst. 1, § 13,“ a slova „§ 41 odst. 1 věty třetí, § 77 odst. 5“ se nahrazují slovy „§ 39 odst. 3 a 4, § 77 odst. 4“.",0
,XLI,258/2000,,prechodne,,"Čl. XLI Přechodná ustanovení 1. Řízení a postupy zahájené a neskončené přede dnem nabytí účinnosti tohoto zákona se dokončí podle zákona č. 258/2000 Sb., ve znění účinném ode dne nabytí účinnosti tohoto zákona, není-li stanoveno jinak. 2. Řízení a postupy zahájené a neskončené do dne vzniku Úřadu rozvoje území České republiky (dále jen „Úřad“), k nimž je příslušný Úřad nebo jiný stavební úřad, pře",0
DVACÁTÁ SEDMÁ,XLII,406/2000,,nahrazeni,11,"Čl. XLII V § 11 odst. 1 písm. j) zákona č. 406/2000 Sb., o hospodaření energií, ve znění zákona č. 177/2006 Sb., zákona č. 165/2012 Sb., zákona č. 318/2012 Sb., zákona č. 310/2013 Sb., zákona č. 103/2015 Sb., zákona č. 3/2020 Sb., zákona č. 403/2020 Sb., zákona č. 284/2021 Sb., zákona č. 152/2023 Sb. a zákona č. 469/2023 Sb., se slova „Ministerstvem pro místní rozvoj“ nahrazují slovy „Úřadem rozvo",0
DVACÁTÁ OSMÁ,XLIII,458/2000,1,vlozeni,2,V § 2 odst. 2 písm. a) bodě 4 se za slovo „včetně“ vkládají slova „vývodových vedení“.,0
DVACÁTÁ OSMÁ,XLIII,458/2000,2,vlozeni_plny,2,"V § 2 odst. 2 písm. a) se za bod 18 vkládá nový bod 19, který zní: „19. vývodovým vedením vedení elektřiny spojující výrobnu elektřiny nebo zařízení pro ukládání elektřiny s místem připojení k přenosové nebo distribuční soustavě,“. Dosavadní body 19 až 34 se označují jako body 20 až 35.",162
DVACÁTÁ OSMÁ,XLIII,458/2000,3,nahrazeni,3;1,"V § 3 odst. 2 se věta poslední nahrazuje větou „Pro zřízení a provozování stavby přenosové soustavy, přepravní soustavy, vodíkové přepravní soustavy, distribuční soustavy, výrobny elektřiny o celkovém instalovaném elektrickém výkonu 100 MW a více s možností poskytovat podpůrné služby k zajištění provozu elektrizační soustavy, stavby pro energetickou bezpečnost podle § 1 odst. 5 písm. a) až c) záko",0
DVACÁTÁ OSMÁ,XLIII,458/2000,4,nahrazeni,3a;17b,"V § 3a odst. 1, § 17b odst. 2 a 10 až 12 se slova „průmyslu a obchodu“ nahrazují slovem „hospodářství“.",0
DVACÁTÁ OSMÁ,XLIII,458/2000,5,zneni_plny,4,"V § 4 se doplňuje odstavec 5, který zní: „(5) Požádá-li držitel licence v případě licence, jejíž platnost končí uplynutím 25 let od doby jejího udělení, nejpozději 30 dní před uplynutím doby, na kterou byla licence udělena, o udělení nové licence ve vztahu k energetickým zařízením provozovaným na základě této licence, licence zaniká až právní mocí rozhodnutí Energetického regulačního úřadu o nové",370
DVACÁTÁ OSMÁ,XLIII,458/2000,6,nahrazeni,10c,V § 10c se slova „Ministerstva průmyslu a obchodu (dále jen „ministerstvo“)“ nahrazují slovem „ministerstva“.,0
DVACÁTÁ OSMÁ,XLIII,458/2000,7,nahrazeni,17,V § 17 odst. 7 písm. j) bodě 9 se slova „Ministerstvem pro místní rozvoj“ nahrazují slovy „Úřadem rozvoje území České republiky“.,0
DVACÁTÁ OSMÁ,XLIII,458/2000,8,zneni_plny,17a,"§ 17a zní: „§ 17a (1) Energetický regulační úřad na základě žádosti Agentury opatří doložkou vykonatelnosti rozhodnutí Agentury o uložení penále podle čl. 13g Nařízení o velkoobchodním trhu s energií. Energetický regulační úřad opatří rozhodnutí Agentury doložkou vykonatelnosti po ověření pravosti titulu, aniž by prováděl kontrolu či vydával rozhodnutí. (2) Penále podle odstavce 1 vymáhá celní úřa",717
DVACÁTÁ OSMÁ,XLIII,458/2000,9,nahrazeni,17b,V § 17b odst. 1 se slova „5 členů“ nahrazují slovy „3 členy“.,0
DVACÁTÁ OSMÁ,XLIII,458/2000,10,nahrazeni,17b,"V § 17b odst. 2 se číslo „5“ nahrazuje číslem „6“, slova „každý rok“ se nahrazují slovy „každé dva roky“ a slova „odstavců 10 a 11“ se nahrazují slovy „odstavce 10“.",0
DVACÁTÁ OSMÁ,XLIII,458/2000,11,zneni_plny,17b,"V § 17b se na konci odstavce 6 doplňují věty „Předseda Energetického regulačního úřadu musí být držitelem platného osvědčení fyzické osoby pro stupeň utajení Důvěrné nebo vyšší. Není-li držitelem osvědčení podle věty druhé, požádá bez zbytečného odkladu po svém jmenování do funkce o vydání tohoto osvědčení podle zákona upravujícího ochranu utajovaných informací74).“. Poznámka pod čarou č. 74 zní:",127
DVACÁTÁ OSMÁ,XLIII,458/2000,12,zruseni,17b,V § 17b se odstavec 11 zrušuje. Dosavadní odstavce 12 až 17 se označují jako odstavce 11 až 16.,0
DVACÁTÁ OSMÁ,XLIII,458/2000,13,vlozeni,17b,"V § 17b odst. 11 se za větu první vkládá věta „Nezíská-li předseda Energetického regulačního úřadu osvědčení podle odstavce 6 věty třetí nebo dojde-li k zániku platnosti tohoto osvědčení, ministr průmyslu a obchodu bezodkladně navrhne vládě odvolání předsedy Energetického regulačního úřadu z jeho funkce.“.",0
DVACÁTÁ OSMÁ,XLIII,458/2000,14,nahrazeni,17b,V § 17b odst. 12 se číslo „3“ nahrazuje číslem „2“.,0
DVACÁTÁ OSMÁ,XLIII,458/2000,15,vlozeni_plny,17e,"V § 17e se za odstavec 9 vkládá nový odstavec 10, který zní: „(10) Navrhuje-li se změna metodiky cenové regulace v průběhu regulačního období, Energetický regulační úřad zveřejní návrh změny na svých internetových stránkách a stanoví lhůtu pro podání připomínek veřejnosti, která nesmí být kratší než 30 dnů. Energetický regulační úřad umožní podávání připomínek prostřednictvím diskusního místa podl",623
DVACÁTÁ OSMÁ,XLIII,458/2000,16,zneni_plny,18,"V § 18 se doplňuje odstavec 8, který zní: „(8) Je-li při výkonu kontroly podle Nařízení o velkoobchodním trhu s energií důvodné podezření, že se obchodní knihy nebo jiné záznamy nacházejí v jiných než obchodních prostorách, včetně bytů fyzických osob, které jsou členy statutárních orgánů nebo zaměstnanci kontrolované osoby, nebo dalších obydlí těchto osob, která nejsou užívána k podnikání nebo pro",604
DVACÁTÁ OSMÁ,XLIII,458/2000,17,vlozeni,19a;22,"V § 19a odst. 2 a § 22 odst. 3 se za slova „systémové služby,“ vkládají slova „cenu za kapacitní mechanismus,“.",0
DVACÁTÁ OSMÁ,XLIII,458/2000,18,nahrazeni,19a,"V § 19a odst. 4 se věty druhá a třetí nahrazují větami „Věcné usměrňování ceny tepelné energie se nevztahuje na stanovení ceny nižší, než je limitní cena, jejíž výši a podmínky použití může Energetický regulační úřad stanovit cenovým výměrem. Při stanovení limitní ceny Energetický regulační úřad zohlední náklady na tepelnou energii z jiného zdroje vytápění.“.",0
DVACÁTÁ OSMÁ,XLIII,458/2000,19,vlozeni_plny,19a,"V § 19a se za odstavec 8 vkládá nový odstavec 9, který zní: „(9) Cenu za kapacitní mechanismus reguluje Energetický regulační úřad tak, aby pokrývala alespoň ekonomicky oprávněné náklady provozovatele přenosové soustavy na zajištění kapacitního mechanismu. Cenu za kapacitní mechanismus stanoví Energetický regulační úřad pro regulované roky nebo i část regulovaného roku, ve kterém bude poskytován s",661
DVACÁTÁ OSMÁ,XLIII,458/2000,20,vlozeni_plny,19ca;19cb,"Za § 19ca se vkládá nový § 19cb, který včetně nadpisu zní: „§ 19cb Cena za kapacitní mechanismus Cenu za kapacitní mechanismus hradí účastníci trhu s elektřinou provozovateli přenosové soustavy v ceně za související služby v elektroenergetice přímo nebo prostřednictvím provozovatele regionální distribuční soustavy.“.",260
DVACÁTÁ OSMÁ,XLIII,458/2000,21,zruseni,20a,V § 20a odst. 4 písm. za) se slova „národní energetický mix a“ zrušují.,0
DVACÁTÁ OSMÁ,XLIII,458/2000,22,zneni_plny,20a,"V § 20a se na konci odstavce 4 tečka nahrazuje čárkou a doplňuje se písmeno zf), které zní: „zf) poskytnout provozovateli přenosové soustavy na jeho žádost údaje stanovené opatřením obecné povahy vydaným ministerstvem nezbytné pro přípravu a fungování kapacitního mechanismu, je-li zaveden.“.",199
DVACÁTÁ OSMÁ,XLIII,458/2000,23,vlozeni_plny,23,V § 23 odst. 3 písm. r) se za slovo „instalaci“ vkládají slova „podle technické normy upravující požární bezpečnost staveb75)“ a slova „z obnovitelných zdrojů energie“ se nahrazují slovy „využívajících energii slunečního záření“. Poznámka pod čarou č. 75 zní: „75) ČSN P 73 0847 Požární bezpečnost staveb - Fotovoltaické (PV) systémy.“.,74
DVACÁTÁ OSMÁ,XLIII,458/2000,24,zruseni,25,V § 25 odst. 11 písm. c) se slova „ministerstvu a“ zrušují.,0
DVACÁTÁ OSMÁ,XLIII,458/2000,25,vlozeni,27da,V § 27da písm. f) bodě 5 se za slova „aktivace flexibility“ vkládají slova „a ukládání elektřiny“ a slova „poskytujícího flexibilitu“ se zrušují.,0
DVACÁTÁ OSMÁ,XLIII,458/2000,26,nahrazeni,30a,V § 30a odst. 1 se číslo „1“ nahrazuje číslem „100“.,0
DVACÁTÁ OSMÁ,XLIII,458/2000,27,doplneni,30a,"V § 30a odst. 3 se na konci textu písmene c) doplňují slova „ , ledaže předpokládaná výrobna elektřiny je stavbou pro energetickou bezpečnost podle zákona upravujícího urychlení výstavby strategicky významné infrastruktury“.",0
DVACÁTÁ OSMÁ,XLIII,458/2000,28,nahrazeni,35,V § 35 odst. 1 se text „čl. 21“ zrušuje a slova „podle čl. 22 Nařízení o vnitřním trhu s elektřinou“ se nahrazují slovy „a uloží účastníkům trhu s elektřinou povinnosti v souvislosti se zavedením kapacitního mechanismu“.,0
DVACÁTÁ OSMÁ,XLIII,458/2000,29,vlozeni_plny,35,"V § 35 se za odstavec 1 vkládá nový odstavec 2, který zní: „(2) Ministerstvo stanoví opatřením obecné povahy podle odstavce 1 po projednání s Energetickým regulačním úřadem rovněž způsob určení rozsahu potřebné dostupnosti výkonu výroben elektřiny nebo jiných energetických zařízení.“. Dosavadní odstavce 2 až 6 se označují jako odstavce 3 až 7.",225
DVACÁTÁ OSMÁ,XLIII,458/2000,30,zruseni,35,V § 35 odst. 4 se slovo „regulačního“ zrušuje a na konci textu odstavce 4 se doplňují slova „a předloží ho ministerstvu ke schválení“.,0
DVACÁTÁ OSMÁ,XLIII,458/2000,31,vlozeni,35,V § 35 odst. 5 se slovo „regulačního“ zrušuje a za slovo „zařízení“ se vkládají slova „v aukci“.,0
DVACÁTÁ OSMÁ,XLIII,458/2000,32,zneni_plny,35,"V § 35 odstavec 6 zní: „(6) Ministerstvo rozsah potřebné dostupnosti výkonu výroben elektřiny nebo jiných energetických zařízení podle odstavce 4 a návrh podle odstavce 5 schválí, jestliže jsou v souladu s podmínkami kapacitního mechanismu stanovenými ministerstvem. Před schválením si ministerstvo může vyžádat vyjádření Energetického regulačního úřadu.“.",333
DVACÁTÁ OSMÁ,XLIII,458/2000,33,vlozeni_plny,35;35a,"Za § 35 se vkládá nový § 35a, který včetně nadpisu zní: „§ 35a Provádění kapacitního mechanismu (1) Provozovatel přenosové soustavy je povinen zajišťovat potřebnou dostupnost výkonu výroben elektřiny nebo jiných energetických zařízení v souladu s postupem a podmínkami zajištění potřebné dostupnosti výkonu výroben elektřiny nebo jiných energetických zařízení v aukci a v souladu s podmínkami kapacit",865
DVACÁTÁ OSMÁ,XLIII,458/2000,34,vlozeni_plny,45,"V § 45 odst. 2 písm. a) se slovo „zastavěném“ nahrazuje slovem „zastavitelném“ a za slovo „předpisu4d)“ se vkládají slova „ , je-li její délka do 50 m včetně,“. 35. Poznámka pod čarou č. 4d zní: „4d) Zákon č. 283/2021 Sb., stavební zákon, ve znění pozdějších předpisů.“.",73
DVACÁTÁ OSMÁ,XLIII,458/2000,36,nahrazeni,45,V § 45 odst. 2 písm. b) a c) se slovo „zastavěné“ nahrazuje slovem „zastavitelné“.,0
DVACÁTÁ OSMÁ,XLIII,458/2000,37,nahrazeni,47,V § 47 odst. 2 se slovo „zastavěném“ nahrazuje slovem „zastavitelném“.,0
DVACÁTÁ OSMÁ,XLIII,458/2000,38,vlozeni_plny,50,"V § 50 se za odstavec 13 vkládá nový odstavec 14, který zní: „(14) Smlouvou o zajištění potřebné dostupnosti výkonu se účastník kapacitního mechanismu zavazuje poskytovat provozovateli přenosové soustavy dostupnost výkonu a provozovatel přenosové soustavy se zavazuje zaplatit účastníkovi kapacitního mechanismu cenu.“. Dosavadní odstavce 14 až 16 se označují jako odstavce 15 až 17.",258
DVACÁTÁ OSMÁ,XLIII,458/2000,39,nahrazeni,68,V § 68 odst. 2 písm. a) a h) se slovo „zastavěném“ nahrazuje slovem „zastavitelném“ a slovo „zastavěné“ se nahrazuje slovem „zastavitelné“.,0
DVACÁTÁ OSMÁ,XLIII,458/2000,40,vlozeni,68,"V § 68 odst. 2 písm. a) se slova „plynovodů a“ nahrazují slovem „plynovodů,“ a za slovo „včetně“ se vkládají slova „s výjimkou regulačních stanic“.",0
DVACÁTÁ OSMÁ,XLIII,458/2000,41,vlozeni,68,V § 68 odst. 2 písm. d) se za slovo „objektů“ vkládají slova „o tlakové úrovni nad 4 bary a regulačních stanic o tlakové úrovni do 4 bar včetně“.,0
DVACÁTÁ OSMÁ,XLIII,458/2000,42,nahrazeni,79,"V nadpisu § 79 se slova „a předávací stanice“ nahrazují slovy „ , předávací stanice a tepelná síť“.",0
DVACÁTÁ OSMÁ,XLIII,458/2000,43,zneni_plny,79,"V § 79 odstavec 2 zní: „(2) Tepelná přípojka, předávací stanice a tepelná síť, popřípadě část tepelné sítě oddělená od jiné části tepelné sítě tlakovou či redukční stanicí nebo jiným funkčně obdobným zařízením, jsou samostatnými věcmi. Vlastníkem tepelné sítě nebo její části, tepelné přípojky nebo předávací stanice je ten, kdo ji zřídil, není-li dohodnuto jinak.“.",343
DVACÁTÁ OSMÁ,XLIII,458/2000,44,nahrazeni,79,"V § 79 odst. 3 se slova „nebo předávací stanice“ nahrazují slovy „ , předávací stanice nebo tepelné sítě“.",0
DVACÁTÁ OSMÁ,XLIII,458/2000,45,zruseni,91,V § 91 odst. 1 písm. r) se slovo „nebo“ zrušuje.,0
DVACÁTÁ OSMÁ,XLIII,458/2000,46,zneni_plny,91;35,"V § 91 se na konci odstavce 1 tečka nahrazuje slovem „ , nebo“ a doplňuje se písmeno t), které zní: „t) poruší opatření stanovené formou opatření obecné povahy podle § 35.“.",70
DVACÁTÁ OSMÁ,XLIII,458/2000,47,zruseni,91,V § 91 odst. 3 písm. s) se slovo „nebo“ zrušuje.,0
DVACÁTÁ OSMÁ,XLIII,458/2000,48,zneni_plny,91;35;35a,"V § 91 se na konci odstavce 3 tečka nahrazuje slovem „ , nebo“ a doplňuje se písmeno u), které zní: „u) nesplní povinnost poskytnout nezbytnou součinnost podle § 35 odst. 3 nebo nezajišťuje potřebnou dostupnost výkonu podle § 35a odst. 1.“.",138
DVACÁTÁ OSMÁ,XLIII,458/2000,49,vlozeni,91,"V § 91 odst. 17 písm. b) se za text „o)“ vkládají slova „nebo t)“, slova „l) nebo“ se nahrazují textem „l),“ a za slova „až s)“ se vkládají slova „nebo u)“.",0
DVACÁTÁ OSMÁ,XLIII,458/2000,50,zruseni,91a,V § 91a odst. 2 písm. l) se slovo „nebo“ zrušuje.,0
DVACÁTÁ OSMÁ,XLIII,458/2000,51,zneni_plny,91a;35,"V § 91a se na konci odstavce 2 tečka nahrazuje slovem „ , nebo“ a doplňuje se písmeno n), které zní: „n) poruší opatření stanovené formou opatření obecné povahy podle § 35.“.",70
DVACÁTÁ OSMÁ,XLIII,458/2000,52,vlozeni,91a,"V § 91a odst. 9 se za text „k)“ vkládají slova „nebo n)“ a za slova „do 50 000 000 Kč“ se vkládá slovo „ , a“.",0
DVACÁTÁ OSMÁ,XLIII,458/2000,53,nahrazeni,97b,"V § 97b odst. 1 se slova „a držiteli licence na výrobu elektřiny provozujícímu výrobnu elektřiny z obnovitelných zdrojů energie zřizovanou a provozovanou ve veřejném zájmu“ nahrazují slovy „stavebníkovi, jemuž bylo vydáno pravomocné rozhodnutí o povolení záměru umožňující umístit stavbu vývodového vedení výrobny elektřiny z obnovitelných zdrojů energie zřizované a provozované ve veřejném zájmu neb",0
DVACÁTÁ OSMÁ,XLIII,458/2000,54,nahrazeni,97b,"V § 97b odst. 2 se slova „stavbu nebo zařízení příslušné soustavy nebo výrobny elektřiny“ nahrazují slovy „stavbu nebo zařízení příslušné soustavy nebo stavbu příslušného vývodového vedení“, slova „stavba nebo zařízení příslušné soustavy nebo výrobny elektřiny“ se nahrazují slovy „stavba nebo zařízení příslušné soustavy nebo stavba příslušného vývodového vedení“, slova „stavby nebo zařízení příslu",0
DVACÁTÁ OSMÁ,XLIII,458/2000,55,nahrazeni,97b,V § 97b odst. 5 se slova „výrobny elektřiny“ nahrazují slovy „stavby příslušného vývodového vedení“.,0
DVACÁTÁ OSMÁ,XLIII,458/2000,56,zruseni,97b,V § 97b se odstavec 6 zrušuje. Dosavadní odstavce 7 a 8 se označují jako odstavce 6 a 7.,0
DVACÁTÁ OSMÁ,XLIII,458/2000,57,zruseni,98a,V § 98a odst. 1 písm. i) se slova „národního energetického mixu a“ zrušují.,0
DVACÁTÁ OSMÁ,XLIII,458/2000,58,zruseni,98a,V § 98a odst. 1 se písmeno j) zrušuje. Dosavadní písmeno k) se označuje jako písmeno j).,0
DVACÁTÁ OSMÁ,XLIII,458/2000,59,zruseni,98a,"V § 98a odst. 2 písm. f) se slova „ , stanovení limitní ceny pro věcné usměrňování cen v teplárenství“ zrušují.",0
,XLIV,458/2000,,prechodne,,"Čl. XLIV Přechodná ustanovení 1. Délka funkčního období členů Rady Energetického regulačního úřadu a předsedy Energetického regulačního úřadu jmenovaných přede dnem nabytí účinnosti tohoto zákona se řídí zákonem č. 458/2000 Sb., ve znění účinném do dne nabytí účinnosti tohoto zákona. 2. Funkční období člena Rady Energetického regulačního úřadu jmenovaného do funkce ode dne 1. ledna 2028 končí dnem",0
DVACÁTÁ DEVÁTÁ,XLV,100/2001,1,zneni_plny,1;4,"V § 1 odstavec 4 včetně poznámek pod čarou č. 24 a 25 zní: „(4) Jde-li o záměr vyžadující souhlas orgánu ochrany přírody k zásahu do významného krajinného prvku24) nebo ke snížení nebo změně krajinného rázu25), je účelem posuzování vlivů podle tohoto zákona také vyhodnocení vlivů záměru na významný krajinný prvek nebo krajinný ráz. _____________ 24) § 4 odst. 2 zákona č. 114/1992 Sb., o ochraně př",488
DVACÁTÁ DEVÁTÁ,XLV,100/2001,3,zruseni,3,"V § 3 písm. e) se slova „a správní orgán příslušný podle jiného právního předpisu k vydání správního aktu, namísto nějž se vydává jednotné environmentální stanovisko“ zrušují.",0
DVACÁTÁ DEVÁTÁ,XLV,100/2001,4,zruseni,3,V § 3 písm. g) se bod 3 zrušuje. Dosavadní body 4 až 10 se označují jako body 3 až 9.,0
DVACÁTÁ DEVÁTÁ,XLV,100/2001,5,nahrazeni,3,V § 3 písm. g) bodě 8 se číslo „8“ nahrazuje číslem „7“.,0
DVACÁTÁ DEVÁTÁ,XLV,100/2001,6,nahrazeni,3,V § 3 písm. g) bodě 9 a § 3 písm. m) se číslo „9“ nahrazuje číslem „8“.,0
DVACÁTÁ DEVÁTÁ,XLV,100/2001,7,nahrazeni,4,V § 4 odst. 3 písm. c) se slova „umístění nebo provedení záměru“ nahrazují slovem „záměr“.,0
DVACÁTÁ DEVÁTÁ,XLV,100/2001,8,nahrazeni,4;45i,V § 4 odst. 4 se slova „§ 45i odst. 8 až 11“ nahrazují slovy „§ 45i odst. 3 až 6“.,0
DVACÁTÁ DEVÁTÁ,XLV,100/2001,9,zneni_plny,6,"V § 6 odst. 6 se slova „zákona o jednotném environmentálním stanovisku“ nahrazují slovy „jiného právního předpisu26)“. Poznámka pod čarou č. 26 zní: „26) Například zákon č. 283/2021 Sb., stavební zákon, ve znění pozdějších předpisů.“.",83
DVACÁTÁ DEVÁTÁ,XLV,100/2001,10,nahrazeni,7;1,V § 7 odst. 1 písm. d) se slova „hlediska dotčených složek životního prostředí za účelem vydání jednotného environmentálního stanoviska podle zákona o jednotném environmentálním stanovisku“ nahrazují slovy „hledisek uvedených v § 1 odst. 4“.,0
DVACÁTÁ DEVÁTÁ,XLV,100/2001,11,nahrazeni,7,"V § 7 odst. 5 se věta první nahrazuje větou „V případě záměru podle odstavce 1 vydá příslušný úřad odůvodněný písemný závěr obsahující základní údaje o záměru v rozsahu bodů B.I.1. až B.I.4. a B.I.6. přílohy č. 3 k tomuto zákonu, úvahy, kterými se řídil při hodnocení kritérií uvedených v příloze č. 2 k tomuto zákonu, a upřesnění informací, které je vhodné uvést do dokumentace. Dojde-li příslušný ú",0
DVACÁTÁ DEVÁTÁ,XLV,100/2001,12,nahrazeni,7,V § 7 odst. 5 větě druhé a § 7 odst. 6 větě třetí se slova „jednotné environmentální stanovisko“ nahrazují slovy „povolení záměru podle jiného právního předpisu26)“.,0
DVACÁTÁ DEVÁTÁ,XLV,100/2001,13,doplneni,7;3,"V § 7 se na konci odstavce 8 doplňuje věta „Oznamovatel, dotčená veřejnost uvedená v § 3 písm. i) bodě 2 a dotčené územní samosprávné celky mají právo podat odvolání pouze proti výroku podle odstavce 6.“.",0
DVACÁTÁ DEVÁTÁ,XLV,100/2001,14,zruseni,8,V § 8 odst. 1 se věta třetí zrušuje.,0
DVACÁTÁ DEVÁTÁ,XLV,100/2001,15,zruseni,8,V § 8 odst. 3 se věta poslední včetně poznámky pod čarou č. 20 zrušuje.,0
DVACÁTÁ DEVÁTÁ,XLV,100/2001,16,nahrazeni,9a,"V § 9a odst. 1 se věta poslední nahrazuje větou „Jde-li o záměr vyžadující souhlas orgánu ochrany přírody k zásahu do významného krajinného prvku24) nebo ke snížení nebo změně krajinného rázu25), nahrazuje stanovisko tyto souhlasy; stanovisko v takovém případě obsahuje návrh opatření pro snížení nebo kompenzaci negativních vlivů záměru na významný krajinný prvek nebo krajinný ráz.“.",0
DVACÁTÁ DEVÁTÁ,XLV,100/2001,17,nahrazeni,9a,V § 9a odst. 4 se číslo „7“ nahrazuje číslem „10“ a číslo „5“ se nahrazuje číslem „7“.,0
DVACÁTÁ DEVÁTÁ,XLV,100/2001,18,nahrazeni,9a,V § 9a odst. 5 větě poslední se slova „věty čtvrté“ nahrazují slovy „věty páté“.,0
DVACÁTÁ DEVÁTÁ,XLV,100/2001,19,doplneni,9a,"V § 9a se na konci odstavce 6 doplňuje věta „V případě mezistátního navazujícího řízení předloží oznamovatel příslušnému úřadu, který vydal stanovisko, dokumenty podle věty první vždy před podáním žádosti o zahájení mezistátního navazujícího řízení a závazné stanovisko podle odstavce 7 přiloží k žádosti o zahájení mezistátního navazujícího řízení.“.",0
DVACÁTÁ DEVÁTÁ,XLV,100/2001,20,vlozeni,9a;8,"V § 9a odst. 7 větě první se za slovo „ověří“ vkládají slova „na základě dokumentů předaných podle odstavce 6 a v případě navazujícího řízení, které není mezistátním navazujícím řízením, i“, ve větě šesté se slova „jednotného environmentálního stanoviska, je součástí souhlasného závazného stanoviska příslušného úřadu rovněž změna podle § 8 zákona o jednotném environmentálním stanovisku“ nahrazují",0
DVACÁTÁ DEVÁTÁ,XLV,100/2001,21,zneni_plny,9f;13,"§ 9f včetně nadpisu zní: „§ 9f Mezistátní navazující řízení (1) Pokud je předmětem navazujícího řízení záměr podléhající mezistátnímu posouzení podle § 13, popřípadě jeho část nebo etapa, správní orgán příslušný k vedení navazujícího řízení spolu s oznámením o zahájení řízení informuje dotčený stát o možnosti jeho veřejnosti, dotčené veřejnosti a dotčených územních samosprávných celků uplatnit v t",3980
DVACÁTÁ DEVÁTÁ,XLV,100/2001,22,vlozeni,10f;16,V § 10f odst. 4 se za větu třetí vkládá věta „Příslušný úřad jej zveřejní podle § 16.“.,0
DVACÁTÁ DEVÁTÁ,XLV,100/2001,23,nahrazeni,10g,"V § 10g odst. 2 se slova „kompenzační opatření“ nahrazují slovy „opatření pro předcházení, vyloučení, snížení nebo kompenzaci těchto vlivů“.",0
DVACÁTÁ DEVÁTÁ,XLV,100/2001,24,vlozeni,10h,V § 10h odst. 1 se za slova „orgány a“ vkládá slovo „popřípadě“.,0
DVACÁTÁ DEVÁTÁ,XLV,100/2001,25,nahrazeni,10i,"V § 10i odst. 2 se věta poslední nahrazuje větou „Při pořizování změny politiky územního rozvoje, změny územního rozvojového plánu, změny zásad územního rozvoje a při pořizování územního plánu a jeho změny stanoví ministerstvo nebo orgán kraje na základě kritérií uvedených v příloze č. 8 k tomuto zákonu případný požadavek na zpracování vyhodnocení vlivů na životní prostředí včetně návrhu zpracován",0
DVACÁTÁ DEVÁTÁ,XLV,100/2001,26,nahrazeni,11,V § 11 odst. 3 se text „KÚ“ nahrazuje slovy „Orgán kraje“.,0
DVACÁTÁ DEVÁTÁ,XLV,100/2001,27,vlozeni_plny,16,"V § 16 odst. 1 se za písmeno k) vkládá nové písmeno l), které zní: „l) zápis z veřejného projednání návrhu koncepce, bylo-li konáno,“. Dosavadní písmena l) až n) se označují jako písmena m) až o).",64
DVACÁTÁ DEVÁTÁ,XLV,100/2001,28,nahrazeni,16,V § 16 odst. 2 se text „m)“ nahrazuje textem „n)“ a slova „a druhé“ se nahrazují slovy „až třetí“.,0
DVACÁTÁ DEVÁTÁ,XLV,100/2001,29,doplneni,21,V § 21 písm. c) se na konci textu bodu 1 doplňují slova „a jejich změn“.,0
DVACÁTÁ DEVÁTÁ,XLV,100/2001,30,nahrazeni,21,V § 21 písm. c) bodě 3 se slovo „infrestruktury“ nahrazuje slovem „infrastruktury“ a slova „Dopravní a energetický stavební úřad“ se nahrazují slovy „Úřad rozvoje území České republiky“.,0
DVACÁTÁ DEVÁTÁ,XLV,100/2001,31,zneni_plny,21,"V § 21 písmeno k) zní: „k) vydává stanovisko k posouzení vlivů provádění politiky územního rozvoje nebo její změny, stanovisko k posouzení vlivů provádění územního rozvojového plánu nebo jeho změny a stanovisko k posouzení vlivů provádění zásad územního rozvoje nebo jejich změn a je dotčeným orgánem při jejich pořizování, a“.",304
DVACÁTÁ DEVÁTÁ,XLV,100/2001,32,nahrazeni,22,V § 22 písm. a) se slova „d) nebo“ nahrazují slovy „f) nebo“.,0
DVACÁTÁ DEVÁTÁ,XLV,100/2001,33,zneni_plny,23;7;9a;94f;94v,"V § 23 odst. 5 se na konci textu věty první doplňují slova „ ; v případě posuzování záměru trvá vyhrazení pouze do právní moci rozhodnutí podle § 7 odst. 6 nebo vydání závazného stanoviska k posouzení vlivů provedení záměru na životní prostředí podle § 9a odst. 1“. 34. Poznámka pod čarou č. 16, která zní: „16) § 94f odst. 1 a § 94v odst. 1 zákona č. 183/2006 Sb., o územním plánování a stavebním řá",145
DVACÁTÁ DEVÁTÁ,XLV,100/2001,35,nahrazeni,,"V Příloze č. 1 sloupci 2 se na konci textu bodu 1 doplňují slova „s kapacitou od stanoveného limitu“, v kategorii I, sloupci 4 se text „x“ nahrazuje textem „500 t/den“ a v kategorii II, sloupci 6 se doplňuje text „50 t/den“.",0
DVACÁTÁ DEVÁTÁ,XLV,100/2001,36,nahrazeni,,"V Příloze č. 1 bodě 6, kategorii II, sloupci 6 se číslo „10“ nahrazuje číslem „20“.",0
DVACÁTÁ DEVÁTÁ,XLV,100/2001,37,nahrazeni,,"V Příloze č. 1 bodě 7, sloupci 2 se text „(a)“ nahrazuje textem „a)“, text „(b)“ se nahrazuje textem „b)“, text „(c)“ se nahrazuje textem „c)“ a text „(d)“ se nahrazuje textem „d)“, v písm. c) se slova „od jiné“ nahrazují slovy „k jiné“ a slova „elektrárny“ se nahrazují slovem „elektrárně“.",0
DVACÁTÁ DEVÁTÁ,XLV,100/2001,38,nahrazeni,,"V Příloze č. 1 bodě 14, sloupci 2 se slova „stanoveného limitu“ nahrazují textem „400 m“ a v kategorii II, sloupci 6 se text „200 m“ nahrazuje textem „x“.",0
DVACÁTÁ DEVÁTÁ,XLV,100/2001,39,nahrazeni,,"V Příloze č. 1 bodě 17, kategorii II, sloupci 6 se text „x“ nahrazuje textem „2,5 t/hod.“.",0
DVACÁTÁ DEVÁTÁ,XLV,100/2001,40,zneni_plny,,"V Příloze č. 1 bod 18 zní: „ 18 Zařízení na zpracování železných kovů: slévárny železných kovů o výrobní kapacitě od stanoveného limitu (a), válcovny za tepla s kapacitou zpracované surové oceli od stanoveného limitu (b), kovárny s buchary o energii od 50 kJ na jeden buchar, kde je tepelný výkon od stanoveného limitu (c) a zařízení k nanášení ochranných povlaků z roztavených kovů se zpracovávaným",491
DVACÁTÁ DEVÁTÁ,XLV,100/2001,41,nahrazeni,,"V Příloze č. 1 sloupci 2 se na konci textu bodu 20 doplňují slova „o kapacitě tavení od stanoveného limitu u olova a kadmia (a) a kapacitě tavení od stanoveného limitu u všech ostatních kovů (b)“ a v kategorii II, sloupci 6 se text „x“ nahrazuje textem „a) 4 t/den b) 20 t/den“.",0
DVACÁTÁ DEVÁTÁ,XLV,100/2001,42,nahrazeni,,"V Příloze č. 1 bodě 22, kategorii II, sloupci 6 se číslo „15“ nahrazuje číslem „30“.",0
DVACÁTÁ DEVÁTÁ,XLV,100/2001,43,nahrazeni,,"V Příloze č. 1 bodě 23, kategorii II, sloupci 6 se číslo „75“ nahrazuje číslem „150“ a číslo „100“ se nahrazuje číslem „200“.",0
DVACÁTÁ DEVÁTÁ,XLV,100/2001,44,zneni_plny,,"V Příloze č. 1 bod 34 zní: „ 34 Výroba chemických látek a směsí a zpracování meziproduktů (například pesticidy a farmaceutické produkty, nátěrové hmoty a peroxidy) od stanoveného limitu (a); výroba vodíku elektrolýzou vody o celkovém instalovaném výkonu elektrolyzérů od stanoveného limitu (b); výroba vodíku rozkladem zemního plynu, bioplynu nebo biometanu pyrolýzou nebo plazmalýzou o celkovém inst",514
DVACÁTÁ DEVÁTÁ,XLV,100/2001,45,nahrazeni,,"V Příloze č. 1 bodě 36, kategorii II, sloupci 6 se text „x“ nahrazuje textem „100 t/rok“.",0
DVACÁTÁ DEVÁTÁ,XLV,100/2001,46,nahrazeni,,"V Příloze č. 1 bodě 42, kategorii II, sloupci 6 se číslo „1“ nahrazuje číslem „1,5“.",0
DVACÁTÁ DEVÁTÁ,XLV,100/2001,47,nahrazeni,,"V Příloze č. 1 bodě 45, kategorii II, sloupci 6, písm. a) a b) se čísla „2“ nahrazují čísly „5“.",0
DVACÁTÁ DEVÁTÁ,XLV,100/2001,48,nahrazeni,,"V Příloze č. 1 bodě 46, kategorii II, sloupci 6 se číslo „1“ nahrazuje číslem „5“.",0
DVACÁTÁ DEVÁTÁ,XLV,100/2001,49,nahrazeni,,"V Příloze č. 1 bodě 48, kategorii II, sloupci 6 se číslo „2“ nahrazuje číslem „3“.",0
DVACÁTÁ DEVÁTÁ,XLV,100/2001,50,nahrazeni,,"V Příloze č. 1 bodě 49, sloupci 2 se slova „stanovené délky (a); ostatní pozemní komunikace od stanovené délky (a) a od stanovené návrhové intenzity dopravy předpokládané pro novostavby a ročního průměru denních intenzit pro stávající stavby (b)“ nahrazují slovy „stanoveného limitu“ a v kategorii II, sloupci 6 se text „a) 2 km b) 1000 voz/24 hod“ nahrazuje textem „3 km“.",0
DVACÁTÁ DEVÁTÁ,XLV,100/2001,51,nahrazeni,,"V Příloze č. 1 bodě 51, kategorii II, sloupci 6 se číslo „200“ nahrazuje číslem „400“.",0
DVACÁTÁ DEVÁTÁ,XLV,100/2001,52,nahrazeni,,"V Příloze č. 1 bodě 55, kategorii II, sloupci 6 se číslo „250“ nahrazuje textem „1 tis.“.",0
DVACÁTÁ DEVÁTÁ,XLV,100/2001,53,nahrazeni,,"V Příloze č. 1 bodě 56, kategorii II, sloupci 6 se číslo „2500“ nahrazuje textem „10 tis.“.",0
DVACÁTÁ DEVÁTÁ,XLV,100/2001,54,nahrazeni,,"V Příloze č. 1 bodě 62, kategorii II, sloupci 6, písm. a) se číslo „5“ nahrazuje číslem „10“.",0
DVACÁTÁ DEVÁTÁ,XLV,100/2001,55,nahrazeni,,"V Příloze č. 1 bodě 63, kategorii II, sloupci 6 se číslo „10“ nahrazuje číslem „15“.",0
DVACÁTÁ DEVÁTÁ,XLV,100/2001,56,nahrazeni,,"V Příloze č. 1 bodě 65, kategorii II, sloupci 6 se text „100 tis.“ nahrazuje textem „1 mil.“.",0
DVACÁTÁ DEVÁTÁ,XLV,100/2001,57,nahrazeni,,"V Příloze č. 1 bodě 67, kategorii II, sloupci 6 se číslo „8“ nahrazuje číslem „20“.",0
DVACÁTÁ DEVÁTÁ,XLV,100/2001,58,nahrazeni,,"V Příloze č. 1 bodě 69, kategorii II, sloupci 6 se číslo „50“ nahrazuje číslem „120“.",0
DVACÁTÁ DEVÁTÁ,XLV,100/2001,59,nahrazeni,,"V Příloze č. 1 bodě 72, kategorii II, sloupci 6 se číslo „10“ nahrazuje číslem „20“.",0
DVACÁTÁ DEVÁTÁ,XLV,100/2001,60,nahrazeni,,"V Příloze č. 1 bodě 76, kategorii II, sloupci 6 se číslo „200“ nahrazuje číslem „300“.",0
DVACÁTÁ DEVÁTÁ,XLV,100/2001,61,nahrazeni,,"V Příloze č. 1 bodě 79 sloupci 2 se slova „Stanovení dobývacího prostoru a v něm navržená povrchová“ nahrazují slovem „Povrchová“, v kategorii II, sloupci 6, písm. a) se číslo „5“ nahrazuje číslem „10“ a v písm. b) se číslo „10“ nahrazuje číslem „50“.",0
DVACÁTÁ DEVÁTÁ,XLV,100/2001,62,nahrazeni,,"V Příloze č. 1 bodě 80 sloupci 2 se slova „Stanovení dobývacího prostoru a v něm navržená těžba uranu, těžba“ nahrazují slovem „Těžba“.",0
DVACÁTÁ DEVÁTÁ,XLV,100/2001,63,nahrazeni,,"V Příloze č. 1 bodě 81 sloupci 2 se slova „Stanovení dobývacího prostoru a v něm navržená hlubinná těžba, hlubinná“ nahrazují slovem „Hlubinná“.",0
DVACÁTÁ DEVÁTÁ,XLV,100/2001,64,vlozeni,,"V Příloze č. 1 bodě 85 sloupci 2 se za slovo „Nadzemní“ vkládá slovo „přenosové“ a v kategorii II, sloupci 6 se číslo „2“ nahrazuje číslem „10“.",0
DVACÁTÁ DEVÁTÁ,XLV,100/2001,65,nahrazeni,,"V Příloze č. 1 bodě 86, kategorii II, sloupci 6 se číslo „200“ nahrazuje textem „1 tis.“.",0
DVACÁTÁ DEVÁTÁ,XLV,100/2001,66,nahrazeni,,"V Příloze č. 1 bodě 87, kategorii II, sloupci 6 se číslo „10“ nahrazuje číslem „20“.",0
DVACÁTÁ DEVÁTÁ,XLV,100/2001,67,nahrazeni,,"V Příloze č. 1 bodě 88, kategorii II, sloupci 6 se číslo „10“ nahrazuje číslem „20“.",0
DVACÁTÁ DEVÁTÁ,XLV,100/2001,68,nahrazeni,,"V Příloze č. 1 bodě 93, kategorii II, sloupci 6 se číslo „10“ nahrazuje číslem „50“.",0
DVACÁTÁ DEVÁTÁ,XLV,100/2001,69,nahrazeni,,"V Příloze č. 1 bodě 94, kategorii II, sloupci 6 se číslo „10“ nahrazuje číslem „50“.",0
DVACÁTÁ DEVÁTÁ,XLV,100/2001,70,nahrazeni,,"V Příloze č. 1 bodě 95, kategorii II, sloupci 6, písm. a) se číslo „25“ nahrazuje číslem „50“ a v písm. b) se číslo „10“ nahrazuje číslem „20“.",0
DVACÁTÁ DEVÁTÁ,XLV,100/2001,71,nahrazeni,,"V Příloze č. 1 bodě 96, kategorii II, sloupci 6 se číslo „10“ nahrazuje číslem „20“.",0
DVACÁTÁ DEVÁTÁ,XLV,100/2001,72,vlozeni,,"V Příloze č. 1 sloupci 2 se v bodě 97 za slovo „rostlinných“ vkládají slova „olejů nebo tuků s kapacitou od stanoveného limitu (a)“, na konec textu bodu 97 se vkládá text „(b)“ a v kategorii II, sloupci 6 se text „20 tis. t/rok“ nahrazuje textem „a) 50 tis. t/rok b) 25 tis. t/rok“.",0
DVACÁTÁ DEVÁTÁ,XLV,100/2001,73,nahrazeni,,"V Příloze č. 1 bodě 99, kategorii II, sloupci 6 se číslo „200“ nahrazuje číslem „400“.",0
DVACÁTÁ DEVÁTÁ,XLV,100/2001,74,zruseni,,"V Příloze č. 1 bodě 100, sloupci 2 se text „a lihovary nebo pálenice s kapacitou od stanoveného limitu (c)“ zrušuje a v kategorii II, sloupci 6 se písm. c) zrušuje.",0
DVACÁTÁ DEVÁTÁ,XLV,100/2001,75,zneni_plny,,V Příloze č. 1 bod 101 zní: „ 101 Lihovary nebo pálenice s kapacitou od stanoveného limitu. 100 tis. hl/rok .“.,88
DVACÁTÁ DEVÁTÁ,XLV,100/2001,76,nahrazeni,,"V Příloze č. 1 bodě 102, kategorii II, sloupci 6 se číslo „10“ nahrazuje číslem „20“.",0
DVACÁTÁ DEVÁTÁ,XLV,100/2001,77,nahrazeni,,"V Příloze č. 1 bodě 106, kategorii II, sloupci 6 se číslo „10“ nahrazuje číslem „15“.",0
DVACÁTÁ DEVÁTÁ,XLV,100/2001,78,nahrazeni,,"V Příloze č. 1 bodě 107, kategorii II, sloupci 6 se číslo „20“ nahrazuje číslem „30“.",0
DVACÁTÁ DEVÁTÁ,XLV,100/2001,79,nahrazeni,,"V Příloze č. 1 bodě 108, kategorii II, sloupci 6 se číslo „5“ nahrazuje číslem „10“.",0
DVACÁTÁ DEVÁTÁ,XLV,100/2001,80,nahrazeni,,"V Příloze č. 1 bodě 109, kategorii II, sloupci 6 se číslo „500“ nahrazuje číslem „800“.",0
DVACÁTÁ DEVÁTÁ,XLV,100/2001,81,nahrazeni,,"V Příloze č. 1 bodě 110, kategorii II, sloupci 6 se číslo „6“ nahrazuje číslem „15“.",0
DVACÁTÁ DEVÁTÁ,XLV,100/2001,82,nahrazeni,,"V Příloze č. 1 bodě 113, kategorii II, sloupci 6 se číslo „1“ nahrazuje číslem „2“.",0
DVACÁTÁ DEVÁTÁ,XLV,100/2001,83,nahrazeni,,"V Příloze č. 1 sloupci 2 se na konci textu bodu 114 doplňují slova „od stanovené plochy (a) nebo od stanovené kapacity (b)“ a v kategorii II, sloupci 6 se text „x“ nahrazuje textem „a) 2 ha b) 1 000 osob/hod.“.",0
DVACÁTÁ DEVÁTÁ,XLV,100/2001,84,nahrazeni,,"V Příloze č. 1 bodě 115, kategorii II, sloupci 6, písm. a) se číslo „1“ nahrazuje číslem „2“ a v písm. b) se číslo „25“ nahrazuje číslem „50“.",0
DVACÁTÁ DEVÁTÁ,XLV,100/2001,85,nahrazeni,,"V Příloze č. 1 bodě 116, kategorii II, sloupci 6, písm. a) se číslo „1“ nahrazuje číslem „2“ a v písm. b) se číslo „100“ nahrazuje číslem „200“.",0
DVACÁTÁ DEVÁTÁ,XLV,100/2001,86,nahrazeni,,"V Příloze č. 1 bodě 117, kategorii II, sloupci 6 se číslo „100“ nahrazuje číslem „200“.",0
DVACÁTÁ DEVÁTÁ,XLV,100/2001,87,nahrazeni,,"V Příloze č. 1 bodě 118, kategorii II, sloupci 6 se číslo „2“ nahrazuje číslem „4“.",0
DVACÁTÁ DEVÁTÁ,XLV,100/2001,88,zneni_plny,,"V příloze č. 6 hlavě I se doplňuje bod 10, který zní: „10. Informace o tom, zda jde o záměr vyžadující souhlas orgánu ochrany přírody k zásahu do významného krajinného prvku24) nebo ke snížení nebo změně krajinného rázu25), a je-li tomu tak, informace o tom, že stanovisko tyto souhlasy nahrazuje“.",243
DVACÁTÁ DEVÁTÁ,XLV,100/2001,89,nahrazeni,,"V příloze č. 6 hlavě II se na konci bodu 1 doplňují slova „ , a to v potřebném rozsahu také ve vztahu k správním úkonům stanoveným jinými právními předpisy, které stanovisko nahrazuje“.",0
,XLVI,100/2001,,prechodne,1;7;9a;3;6,"Čl. XLVI Přechodná ustanovení 1. Posuzování vlivů záměrů nebo koncepcí zahájené a neskončené přede dnem nabytí účinnosti tohoto zákona se dokončí podle zákona č. 100/2001 Sb., ve znění účinném ode dne nabytí účinnosti tohoto zákona, není-li stanoveno jinak. 2. Ustanovení § 1 odst. 4, § 7 odst. 1 písm. d) a § 9a odst. 1 věty poslední zákona č. 100/2001 Sb., ve znění účinném ode dne nabytí účinnosti",0
TŘICÁTÁ,XLVII,254/2001,1,nahrazeni,5a,"V § 5a se slovo „zastavěných“ nahrazuje slovem „zastavitelných“ a slova „ , zastavitelných plochách a transformačních plochách“ se zrušují.",0
TŘICÁTÁ,XLVII,254/2001,2,doplneni,8,"V § 8 odst. 1 písm. b) se na konci textu bodu 3 doplňují slova „ , s výjimkou jejich čerpání a řízeného odvádění do kanalizace při provádění stavby“.",0
TŘICÁTÁ,XLVII,254/2001,3,zneni_plny,8,"V § 8 se na konci odstavce 3 tečka nahrazuje čárkou a doplňují se písmena i) a j), která znějí: „i) k vsakování srážkové vody, j) k akumulaci srážkové vody a jejímu následnému využití nebo řízenému odvádění do kanalizace.“.",127
TŘICÁTÁ,XLVII,254/2001,4,zneni_plny,8,"V § 8 se doplňuje odstavec 5, který zní: „(5) O nakládání s vodami se nejedná, je-li srážková voda nebo odpadní voda odváděna do kanalizace k tomu určené.“.",113
TŘICÁTÁ,XLVII,254/2001,5,zneni_plny,9;8,"V § 9 odstavec 10 včetně poznámky pod čarou č. 71 zní: „(10) U vodních děl určených pro čištění odpadních vod do kapacity 50 ekvivalentních obyvatel, jejichž podstatnou součástí jsou výrobky označované CE podle jiného právního předpisu71), se nakládání s vodami podle § 8 odst. 1 písm. c) považuje za povolené dnem právní moci povolení záměru tohoto vodního díla podle stavebního zákona; ustanovení o",565
TŘICÁTÁ,XLVII,254/2001,6,zneni_plny,9;9a,"V § 9 se doplňuje odstavec 11, který zní: „(11) Žádost o povolení záměru podle stavebního zákona, jejímž předmětem je vodní dílo podle odstavce 10, obsahuje vedle náležitostí požadovaných stavebním zákonem také náležitosti vyžadované v § 9a odst. 2 písm. e) nebo h).“.",225
TŘICÁTÁ,XLVII,254/2001,7,nahrazeni,13,V § 13 písm. b) se slovo „vodoprávní“ nahrazuje slovem „stavební“.,0
TŘICÁTÁ,XLVII,254/2001,8,zruseni,17,"V § 17 odst. 4 se slova „stavebního zákona a podle“ zrušují a na konci odstavce se doplňuje věta „Pokud jsou záměry uvedené v odstavci 1 povolovány podle stavebního zákona, je souhlas vydáván jako vyjádření, které je podkladem pro rozhodnutí o záměru podle stavebního zákona.“.",0
TŘICÁTÁ,XLVII,254/2001,9,zneni_plny,17,"V § 17 odstavec 7 zní: „(7) Jedná-li se o záměr povolovaný podle stavebního zákona a dojde-li vodoprávní úřad k závěru, že provedení záměru může vést ke zhoršení stavu nebo ekologického potenciálu útvaru povrchové vody nebo ke zhoršení stavu útvaru podzemní vody nebo znemožnění dosažení dobrého stavu nebo dobrého ekologického potenciálu útvaru povrchové vody nebo dobrého stavu útvaru podzemní vody",503
TŘICÁTÁ,XLVII,254/2001,10,nahrazeni,19,"V § 19 odst. 1 se slova „ , souhlasů a jim podaných ohlášení, k nimž daly souhlas“ nahrazují slovy „a vyjádření“.",0
TŘICÁTÁ,XLVII,254/2001,11,vlozeni,19,V § 19 odst. 3 se za slovo „stanoviska“ vkládají slova „a vyjádření“.,0
TŘICÁTÁ,XLVII,254/2001,12,nahrazeni,19,V § 19 odst. 4 se slovo „vodoprávních“ nahrazuje slovy „a vyjádření správních“.,0
TŘICÁTÁ,XLVII,254/2001,13,vlozeni,20,V § 20 odst. 3 se slovo „Vodoprávní“ nahrazuje slovem „Správní“ a za slovo „rozhodnutí“ se vkládají slova „nebo účinnosti opatření obecné povahy“.,0
TŘICÁTÁ,XLVII,254/2001,14,zruseni,23b,V § 23b se odstavec 2 zrušuje a zároveň se zrušuje označení odstavce 1.,0
TŘICÁTÁ,XLVII,254/2001,15,zneni_plny,38,"V § 38 se doplňuje odstavec 15, který zní: „(15) Na toho, kdo zneškodňuje odpadní vody prostřednictvím vodního díla určeného pro čištění odpadních vod do kapacity 50 ekvivalentních obyvatel, jehož podstatnou součástí je výrobek označovaný CE, se nevztahuje povinnost podle odstavce 6. Výčet a klasifikaci výrobků označovaných CE včetně minimální účinnosti čištění pro kategorie výrobků označovaných C",399
TŘICÁTÁ,XLVII,254/2001,16,doplneni,38a,"V § 38a se na konci odstavce 1 doplňuje věta „Věta první dále neplatí, pokud jsou odpadní vody vypouštěny ze zařízení, ve kterém probíhá průmyslová činnost podle přílohy č. 1 k zákonu o integrované prevenci a jeho provozovatel a) disponuje záchytnou nádrží o dostatečné kapacitě, která v případě vzniku havárie nebo jiné nestandardní provozní situace umožní zachytit objem vyprodukovaných odpadních v",0
TŘICÁTÁ,XLVII,254/2001,17,vlozeni,38a,V § 38a odst. 2 větě první se za slova „těchto technologií“ vkládají slova „a k době nezbytné pro jejich realizaci“.,0
TŘICÁTÁ,XLVII,254/2001,18,vlozeni_plny,38a,"V § 38a se za odstavec 4 vkládá nový odstavec 5, který zní: „(5) Má-li vodoprávní úřad nebo Česká inspekce životního prostředí informace o skutečnostech nasvědčujících možnému vzniku havárie, je znečišťovatel povinen na jejich vyžádání zpřístupnit výsledky kontinuálního sledování. Výsledky kontinuálního sledování se nezpřístupňují podle zákona o právu na informace o životním prostředí ani neposkyt",394
TŘICÁTÁ,XLVII,254/2001,19,nahrazeni,38a,"V § 38a odst. 6 se slova „a náležitosti technických prostředků pro jeho provádění“ nahrazují slovy „ , způsob a rozsah uchovávání výsledků kontinuálního sledování, náležitosti technických prostředků pro jeho provádění a kritéria pro posouzení dostatečnosti opatření podle odstavce 1 písm. b)“.",0
TŘICÁTÁ,XLVII,254/2001,20,doplneni,39,"V § 39 odst. 2 písm. a) se za slova „vloží havarijní plán“ doplňují slova „ , s výjimkou údajů o objektech důležitých pro obranu státu,“.",0
TŘICÁTÁ,XLVII,254/2001,21,nahrazeni,47;55;59;62,"V § 47 odst. 4 písm. c), § 55 odst. 4, § 59 odst. 1 písm. d), § 59 odst. 4 větě první a § 62 odst. 5 písm. b) se slovo „vodoprávní“ nahrazuje slovem „stavební“.",0
TŘICÁTÁ,XLVII,254/2001,22,vlozeni,49,V § 49 odst. 1 písm. c) se za slovo „úřadu“ vkládají slova „nebo stavebního úřadu“.,0
TŘICÁTÁ,XLVII,254/2001,23,nahrazeni,50;51,V § 50 písm. g) a § 51 odst. 1 písm. c) se slovo „zastavěném“ nahrazuje slovem „zastavitelném“.,0
TŘICÁTÁ,XLVII,254/2001,24,vlozeni,54;104,"V § 54 odst. 4 se za text „odst. 3“ vkládají slova „ , vyjádření podle § 104 odst. 4“.",0
TŘICÁTÁ,XLVII,254/2001,25,nahrazeni,55c,V § 55c odst. 1 se slova „zastavěné území nebo zastavitelnou plochu“ nahrazují slovy „zastavitelné území“.,0
TŘICÁTÁ,XLVII,254/2001,26,nahrazeni,56;62,V § 56 odst. 4 písm. c) a § 62 odst. 5 písm. a) a c) až e) se slovo „vodoprávnímu“ nahrazuje slovem „stavebnímu“.,0
TŘICÁTÁ,XLVII,254/2001,27,nahrazeni,56;59a;62,"V § 56 odst. 5, § 59a odst. 3 větě první a druhé a § 62 odst. 1 větě druhé se slovo „Vodoprávní“ nahrazuje slovem „Stavební“.",0
TŘICÁTÁ,XLVII,254/2001,28,nahrazeni,59,"V § 59 odst. 1 písm. g) se slovo „vodočet,“ nahrazuje slovy „vodočet nebo“ a slova „nebo zajistit zvláštní úpravu přelivu nebo výpusti“ se zrušují.",0
TŘICÁTÁ,XLVII,254/2001,29,zneni_plny,59,"V § 59 se na konci odstavce 1 tečka nahrazuje čárkou a doplňují se písmena k) a l), která znějí: „k) zajistit zvláštní úpravu přelivu nebo výpusti podle rozhodnutí stavebního úřadu, l) provést poprvé nejpozději do 6 měsíců od zprovoznění vodního díla určeného pro čištění odpadních vod do kapacity 50 ekvivalentních obyvatel, jehož podstatnou součástí je výrobek označovaný CE, a pak jedenkrát za dva",631
TŘICÁTÁ,XLVII,254/2001,30,zneni_plny,59,"V § 59 se doplňuje odstavec 8, který zní: „(8) Pověření k provádění technické revize vodního díla určeného pro čištění odpadních vod do kapacity 50 ekvivalentních obyvatel, jehož podstatnou součástí je výrobek označovaný CE, lze udělit osobě, která má dostatečnou odbornou úroveň, technické, administrativní a organizační zázemí a splňuje předpoklady pro kvalifikované provedení revize.“.",346
TŘICÁTÁ,XLVII,254/2001,31,nahrazeni,59a,V § 59a odst. 2 a § 59a odst. 3 větě poslední se slovo „vodoprávního“ nahrazuje slovem „stavebního“.,0
TŘICÁTÁ,XLVII,254/2001,32,nahrazeni,66,"V § 66 odst. 2 se slova „zastavěných územích, v zastavitelných plochách podle územně plánovací dokumentace“ nahrazují slovy „zastavitelných územích“.",0
TŘICÁTÁ,XLVII,254/2001,33,nahrazeni,67,"V § 67 odst. 1 se slova „a technické infrastruktury“ nahrazují slovy „ , technické a zelené infrastruktury, stavebních úprav veřejných prostranství a dále drobných a jednoduchých staveb pro volnočasové aktivity, pokud nebudou oploceny a které lze v případě povodňového nebezpečí neprodleně odstranit“ a na konci odstavce se doplňují věty „Omezení podle věty první se nevztahuje na mobiliář, který nen",0
TŘICÁTÁ,XLVII,254/2001,34,zneni_plny,67,"V § 67 se doplňuje odstavec 4, který zní: „(4) V aktivní zóně záplavového území lze povolit stavbu nebo nestavební záměr, pokud pozemek, na němž se taková stavba nebo nestavební záměr umisťuje, bude chráněn v důsledku povolené ucelené části trvalých či mobilních protipovodňových opatření; práva a povinnosti vyplývající z povolení stavby nebo nestavebního záměru lze vykonávat ode dne dokončení stav",536
TŘICÁTÁ,XLVII,254/2001,35,nahrazeni,68;55a,V § 68 odst. 1 se text „§ 55a“ nahrazuje slovy „zákona o vyvlastnění“.,0
TŘICÁTÁ,XLVII,254/2001,36,vlozeni,104,"V § 104 odst. 1 se za slovo „úřady“ vkládají slova „ , stavební úřady“.",0
TŘICÁTÁ,XLVII,254/2001,37,zruseni,104,V § 104 odst. 2 se písmeno e) zrušuje. Dosavadní písmeno f) se označuje jako písmeno e).,0
TŘICÁTÁ,XLVII,254/2001,38,zruseni,104,V § 104 odst. 3 se slova „a při povolování záměru podle stavebního zákona“ zrušují.,0
TŘICÁTÁ,XLVII,254/2001,39,zneni_plny,104,"V § 104 odstavec 4 zní: „(4) Jedná-li se o záměr vyžadující povolení podle stavebního zákona, kterým při jeho provádění nebo po jeho dokončení mohou být dotčeny zájmy podle tohoto zákona, vodoprávní úřad vydá vyjádření, které je podkladem pro rozhodnutí o záměru podle stavebního zákona. Dojde-li vodoprávní úřad k závěru, že provedení záměru může vést ke zhoršení stavu nebo ekologického potenciálu",696
TŘICÁTÁ,XLVII,254/2001,40,zneni_plny,104;1;8;16,"V § 104 se doplňuje odstavec 5, který zní: „(5) Při rozhodování podle stavebního zákona o záměrech staveb pro energetickou bezpečnost podle § 1 odst. 5 písm. a) nebo b) zákona o urychlení výstavby strategicky významné infrastruktury a záměru staveb podle bodu 3 písm. a) přílohy č. 1 k zákonu o urychlení výstavby strategicky významné infrastruktury, které vyžadují povolení podle § 8 nebo § 16 nebo",641
TŘICÁTÁ,XLVII,254/2001,41,vlozeni,107;17;104,"V § 107 odst. 1 písm. c) se slova „§ 17 a“ nahrazují textem „§ 17,“, za číslo „3“ se vkládají slova „a vyjádření podle § 104 odst. 4“ a slova „nebo závazné stanovisko“ se nahrazují slovy „ , závazné stanovisko nebo vyjádření“.",0
TŘICÁTÁ,XLVII,254/2001,42,zneni_plny,107;1;17,"V § 107 se na konci odstavce 1 tečka nahrazuje čárkou a doplňují se písmena v) a w), která znějí: „v) ve věcech staveb pro energetickou bezpečnost podle § 1 odst. 5 písm. a) nebo b) zákona o urychlení výstavby strategicky významné infrastruktury a záměru staveb podle bodu 3 písm. a) přílohy č. 1 k zákonu o urychlení výstavby strategicky významné infrastruktury vydávat souhlas podle § 17, vyjádření",792
TŘICÁTÁ,XLVII,254/2001,43,vlozeni,107;104,V § 107 odst. 2 se za číslo „3“ vkládají slova „a 4“ a za slovo „stanovisko“ se vkládají slova „nebo vyjádření podle § 104 odst. 4“.,0
TŘICÁTÁ,XLVII,254/2001,44,zneni_plny,107a,§ 107a včetně nadpisu zní: „§ 107a Stavební úřady Stavební úřady vykonávají působnost ve věcech vodních děl v rozsahu stanoveném tímto zákonem.“.,118
TŘICÁTÁ,XLVII,254/2001,45,nahrazeni,108,V § 108 odst. 2 se slova „krajský úřad jako úřad územního plánování nebo Ministerstvo pro místní rozvoj“ nahrazují slovy „kraj nebo Úřad rozvoje území České republiky“.,0
TŘICÁTÁ,XLVII,254/2001,46,zruseni,115,V § 115 se odstavec 1 zrušuje. Dosavadní odstavce 2 až 20 se označují jako odstavce 1 až 19.,0
TŘICÁTÁ,XLVII,254/2001,47,nahrazeni,115,V § 115 odst. 5 se slova „osoba podle odstavce 6“ nahrazují slovy „osoba podle odstavce 4“.,0
TŘICÁTÁ,XLVII,254/2001,48,nahrazeni,115,V § 115 odst. 13 se slova „4 a 7“ nahrazují slovy „2 a 5“.,0
TŘICÁTÁ,XLVII,254/2001,49,vlozeni,115;104,V § 115 odst. 17 se slovo „nebo“ nahrazuje čárkou a za číslo „3“ se vkládají slova „nebo vyjádření podle § 104 odst. 4“.,0
TŘICÁTÁ,XLVII,254/2001,50,zruseni,115,V § 115 se odstavec 19 zrušuje.,0
TŘICÁTÁ,XLVII,254/2001,51,vlozeni,115b,"V § 115b odst. 2 úvodní části ustanovení se slova „povahy a“ nahrazují slovem „povahy,“ za slovo „stanoviska“ se vkládají slova „a ve vyjádření“ a za text „odst. 3“ se vkládají slova „a 4“.",0
TŘICÁTÁ,XLVII,254/2001,52,zruseni,119,V § 119 odst. 4 písm. e) se slova „nebo nezajistí zvláštní úpravu přelivu nebo výpusti“ zrušují.,0
TŘICÁTÁ,XLVII,254/2001,53,zruseni,119,V § 119 odst. 4 se na konci písmene g) slovo „nebo“ zrušuje.,0
TŘICÁTÁ,XLVII,254/2001,54,zneni_plny,119;59,"V § 119 odst. 4 se na konci písmene h) tečka nahrazuje čárkou a doplňují se písmena i) a j), která znějí: „i) nezajistí zvláštní úpravu přelivu nebo výpusti podle § 59 odst. 1 písm. k) nebo j) neprovede technickou revizi vodního díla, nepředá výsledky revize vodoprávnímu úřadu nebo neodstraní zjištěné závady podle § 59 odst. 1 písm. l).“.",234
TŘICÁTÁ,XLVII,254/2001,55,doplneni,119,"V § 119 odst. 7 se na konci textu písmene a) doplňuje text „ , j)“.",0
TŘICÁTÁ,XLVII,254/2001,56,zruseni,125c;38a,"V § 125c odst. 1 se na konci písmene c) slovo „nebo“ zrušuje, na konci písmene d) se tečka nahrazuje slovem „ , nebo“ a doplňuje se písmeno e), které zní: „e) nezpřístupní výsledky kontinuálního sledování vodoprávnímu úřadu nebo České inspekci životního prostředí podle § 38a odst. 5.“.",0
TŘICÁTÁ,XLVII,254/2001,57,doplneni,125c,V § 125c odst. 5 se na konci textu písmene c) doplňují slova „nebo e)“.,0
TŘICÁTÁ,XLVII,254/2001,58,zruseni,125d,V § 125d odst. 5 písm. e) se slova „nebo nezajistí zvláštní úpravu přelivu nebo výpusti“ zrušují.,0
TŘICÁTÁ,XLVII,254/2001,59,zruseni,125d,V § 125d odst. 5 se na konci písmene h) slovo „nebo“ zrušuje.,0
TŘICÁTÁ,XLVII,254/2001,60,zneni_plny,125d;59,"V § 125d se na konci odstavce 5 tečka nahrazuje čárkou a doplňují se písmena j) a k), která znějí: „j) nezajistí zvláštní úpravu přelivu nebo výpusti podle § 59 odst. 1 písm. k) nebo k) neprovede technickou revizi vodního díla, nepředá výsledky revize vodoprávnímu úřadu nebo neodstraní zjištěné závady podle § 59 odst. 1 písm. l).“.",233
TŘICÁTÁ,XLVII,254/2001,61,doplneni,125d,"V § 125d odst. 8 se na konci textu písmene a) doplňuje text „ , k)“.",0
TŘICÁTÁ,XLVII,254/2001,62,nahrazeni,125d,V § 125d odst. 8 písm. b) se slova „nebo i)“ nahrazují slovy „až j)“.,0
TŘICÁTÁ,XLVII,254/2001,63,vlozeni,125l;119;125d,"V § 125l odst. 4 se za větu první vkládá věta „Stavební úřad projednává přestupky podle § 119 odst. 1 až 3, § 119 odst. 4 písm. a) a i), § 119 odst. 5, § 125d odst. 1 až 4, § 125d odst. 5 písm. a) a j) a § 125d odst. 6.“.",0
TŘICÁTÁ,XLVII,254/2001,64,vlozeni,125l,"V § 125l odst. 5 se za slovo „děl“ vkládají slova „ , které nejsou uvedené v odstavci 4,“.",0
TŘICÁTÁ,XLVII,254/2001,65,vlozeni_plny,126b;126c;38a;125c,"Za §126b se vkládá nový § 126c, který zní: „§ 126c (1) Ustanovení § 38a se do dne 1. července 2027 nepoužije. (2) Ustanovení § 125c odst. 1 písm. d) a e) a § 125c odst. 5 písm. c) v části týkající se přestupku podle § 125c odst. 1 písm. e), jakož i § 125c odst. 5 písm. d) a f) se do dne 1. července 2027 nepoužijí.“.",275
,XLVIII,254/2001,,prechodne,,"Čl. XLVIII Přechodná ustanovení 1. Řízení a postupy zahájené a neskončené přede dnem nabytí účinnosti tohoto zákona se dokončí podle zákona č. 254/2001 Sb., ve znění účinném ode dne nabytí účinnosti tohoto zákona, není-li stanoveno jinak. 2. Řízení a postupy zahájené a neskončené do dne vzniku Úřadu rozvoje území České republiky (dále jen „Úřad“), k nimž je příslušný Úřad nebo jiný stavební úřad,",0
TŘICÁTÁ PRVNÍ,XLIX,256/2001,1,nahrazeni,12,V § 12 se věta druhá nahrazuje větou „Splnění podmínek z hlediska ochrany veřejného zdraví posuzuje stavební úřad v řízení o záměru podle stavebního zákona.“.,0
TŘICÁTÁ PRVNÍ,XLIX,256/2001,2,vlozeni,17,"V § 17 odst. 1 větě druhé se za slovo „pohřebiště“ vkládají slova „z hlediska ochrany veřejného zdraví, z hlediska ochrany podzemních vod,“ a za slova „dokumentací a“ se vkládají slova „ , nemá-li obec vydán územní plán, také“.",0
TŘICÁTÁ PRVNÍ,XLIX,256/2001,3,zruseni,17,V § 17 odstavec 2 zní: „(2) Vodoprávní úřad vydá k záměru zřízení veřejného pohřebiště vyjádření z hlediska ochrany podzemních vod.“. Poznámka pod čarou č. 30 se zrušuje.,0
,L,256/2001,,prechodne,12,"Čl. L Přechodná ustanovení 1. Řízení a postupy zahájené a neskončené přede dnem nabytí účinnosti tohoto zákona se dokončí podle zákona č. 256/2001 Sb., ve znění účinném ode dne nabytí účinnosti tohoto zákona, není-li stanoveno jinak. 2. Splnění podmínek z hlediska ochrany veřejného zdraví podle § 12 a 17 zákona č. 256/2001 Sb., ve znění účinném ode dne nabytí účinnosti tohoto zákona, posuzují stav",0
TŘICÁTÁ DRUHÁ,LI,274/2001,1,nahrazeni,4,V § 4 odst. 6 se slova „úřadu územního“ nahrazují slovy „orgánu územního“.,0
TŘICÁTÁ DRUHÁ,LI,274/2001,2,zneni_plny,23,"V § 23 se na konci odstavce 3 tečka nahrazuje čárkou a doplňuje se závěrečná část ustanovení, která zní: „pokud nebylo stanoveno jinak postupem podle stavebního zákona.“.",63
TŘICÁTÁ DRUHÁ,LI,274/2001,3,nahrazeni,40,V § 40 odst. 2 se slova „Ministerstvo pro místní rozvoj vydá vyhlášku“ nahrazují slovy „Vláda na návrh Úřadu rozvoje území České republiky vydá prováděcí právní předpis“. ČÁST TŘICÁTÁ TŘETÍ Změna zákona o pozemkových úpravách,0
TŘICÁTÁ TŘETÍ,LII,139/2002,1,zruseni,3,"V § 3 odst. 3 větě čtvrté se slova „ , pozemky v zastavěném území, pozemky v zastavitelných plochách4)“ zrušují. Poznámka pod čarou č. 4 zní: „4) Zákon č. 283/2021 Sb., stavební zákon, ve znění pozdějších předpisů.“.",0
TŘICÁTÁ TŘETÍ,LII,139/2002,2,nahrazeni,9,"V § 9 odst. 17 větě druhé se slovo „zastavěném“ nahrazuje slovem „zastavitelném“ a slova „ , pozemky v zastavitelných plochách“ se zrušují.",0
TŘICÁTÁ TŘETÍ,LII,139/2002,3,zneni_plny,12;9,"V § 12 odstavec 3 zní: „(3) Změny druhů pozemků a dělení a scelování pozemků nevyžadují povolení záměru podle stavebního zákona, pokud jsou zahrnuty do schváleného návrhu pozemkových úprav. Rozhodnutí o schválení návrhu pozemkových úprav se v případě staveb, zařízení, a terénních úprav a dalších společných zařízení schválených dotčeným orgánem (§ 9 odst. 10) vyžadujících povolení podle stavebního",613
TŘICÁTÁ TŘETÍ,LII,139/2002,4,nahrazeni,14,V § 14 odst. 8 písm. a) se slovo „zastavěném“ nahrazuje slovem „zastavitelném“ a slova „nebo v zastavitelných plochách“ se zrušují. ČÁST TŘICÁTÁ ČTVRTÁ Změna soudního řádu správního,0
TŘICÁTÁ ČTVRTÁ,LIII,150/2002,1,vlozeni,7,V § 7 odst. 4 se za slovo „věcech“ vkládají slova „podle části šesté stavebního zákona“ a slova „nebo měl rozhodnout v prvním stupni Dopravní a energetický stavební úřad“ se nahrazují slovy „Úřad rozvoje území České republiky“.,0
TŘICÁTÁ ČTVRTÁ,LIII,150/2002,2,doplneni,42,"V § 42 se na konci textu odstavce 2 doplňují slova „ ; to neplatí pro výzvu k zaplacení soudního poplatku, výzvu k vyjádření k věci nebo předvolání k jednání, které se doručují pouze zástupci“.",0
TŘICÁTÁ ČTVRTÁ,LIII,150/2002,3,doplneni,68,V § 68 se na konci textu písmene a) doplňují slova „ ; za opravný prostředek proti závaznému stanovisku se nepovažuje jeho přezkum v řízení o odvolání proti rozhodnutí“.,0
TŘICÁTÁ ČTVRTÁ,LIII,150/2002,4,nahrazeni,101a,"V § 101a odst. 1 se slova „ ; jsou-li“ nahrazují slovy „ . Jsou-li“, slova „rozhodl, že se takové opatření obecné povahy nebo jeho část v této věci nepoužijí, pokud by jinak byly dány důvody pro jejich zrušení“ se nahrazují slovy „přezkoumal zákonnost takového opatření obecné povahy jako závazného podkladu rozhodnutí nebo jiného úkonu správního orgánu napadeného žalobou nebo jiným návrhem“, za slo",0
TŘICÁTÁ ČTVRTÁ,LIII,150/2002,5,vlozeni_plny,101d;101b,"V § 101d se za odstavec 2 vkládá nový odstavec 3, který zní: „(3) Je-li žaloba nebo jiný návrh ve věci, ve které bylo opatření obecné povahy užito, podán po uplynutí lhůty podle § 101b odst. 1, soud se s návrhem na přezkum zákonnosti opatření obecné povahy nebo jeho části vypořádá pouze v odůvodnění rozsudku; je-li takový návrh důvodný, soud v odůvodnění uvede, že se napadené opatření obecné povah",443
TŘICÁTÁ PÁTÁ,LIV,235/2004,,nahrazeni,55a,"Čl. LIV V § 55a odst. 2 písm. a) zákona č. 235/2004 Sb., o dani z přidané hodnoty, ve znění zákona č. 461/2024 Sb., se slovo „zastavěného“ nahrazuje slovem „zastavitelného“. ČÁST TŘICÁTÁ ŠESTÁ Změna zákona o rostlinolékařské péči",0
TŘICÁTÁ ŠESTÁ,LV,326/2004,,zneni_plny,52b;12,"Čl. LV V § 52b odst. 3 úvodní části ustanovení zákona č. 326/2004 Sb., o rostlinolékařské péči a o změně některých souvisejících zákonů, ve znění zákona č. 199/2012 Sb. a zákona č. 299/2017 Sb., se slova „zastavěných stavebních pozemcích“ nahrazují slovy „pozemcích zázemí stavby105)“. Poznámka pod čarou č. 105 zní: „105) § 12 písm. c) zákona č. 283/2021 Sb., stavební zákon, ve znění pozdějších pře",0
TŘICÁTÁ SEDMÁ,LVI,499/2004,1,nahrazeni,63,V § 63 odst. 1 písm. d) se slova „se stavebním nebo“ nahrazují slovem „s“.,0
TŘICÁTÁ SEDMÁ,LVI,499/2004,2,zruseni,63,V § 63 odst. 1 písm. e) se slova „působnosti obce se stavebním nebo“ zrušují. ČÁST TŘICÁTÁ OSMÁ Změna zákona o správních poplatcích,0
TŘICÁTÁ OSMÁ,LVII,217/2005,1,zruseni,,V příloze v položce 17 bod 1 se písmeno b) zrušuje. Dosavadní písmeno c) se označuje jako písmeno b).,0
TŘICÁTÁ OSMÁ,LVII,217/2005,2,zneni_plny,,"V příloze se na konci položky 17 doplňuje poznámka, která zní: „Poznámka Správní poplatek podle bodu 1 písm. b) se vybere i za stanovení ochranného pásma opatřením obecné povahy.“.",116
TŘICÁTÁ OSMÁ,LVII,217/2005,3,nahrazeni,,V příloze v položce 18 bodu 3 se slova „prodloužení platnosti povolení“ nahrazují slovy „změně povolení“.,0
TŘICÁTÁ OSMÁ,LVII,217/2005,4,vlozeni,,"V příloze v položce 18 v Poznámkách bodu 2 se za text „c)“ vkládají slova „a vydání povolení změny záměru před dokončením dle bodu 4 písm. a), b) a c)“.",0
TŘICÁTÁ OSMÁ,LVII,217/2005,5,zneni_plny,,"V příloze v položce 18 v Poznámkách se doplňuje bod 6, který zní: „6. Za vydání povolení na změnu dokončené stavby vybere správní úřad poplatek ve výši poloviny sazby příslušného poplatku dle bodu 1. této položky.“.",147
TŘICÁTÁ OSMÁ,LVII,217/2005,6,vlozeni,,V příloze v položce 18 v Osvobození v odstavci 2 se za slovo „opatření“ vkládají slova „a staveb s nimi souvisejících“.,0
TŘICÁTÁ OSMÁ,LVII,217/2005,7,zneni_plny,,"V příloze v položce 18 v Osvobození se doplňuje odstavec, který zní: „Od poplatku je osvobozeno vydání povolení záměru a vydání kolaudačního rozhodnutí, pokud stavební úřad o žádosti nerozhodne ve lhůtě podle stavebního zákona.“.",158
TŘICÁTÁ OSMÁ,LVII,217/2005,8,zruseni,,V příloze v položce 102 se bod 2 zrušuje a zároveň se zrušuje označení bodu 1.,0
,LVIII,634/2004,,prechodne,,"Čl. LVIII Přechodné ustanovení Změny v položce 17 a 18 přílohy zákona č. 634/2004 Sb., ve znění účinném ode dne nabytí účinnosti tohoto zákona, se použijí až v řízeních zahájených po dni nabytí účinnosti tohoto zákona. ČÁST TŘICÁTÁ DEVÁTÁ Změna zákona o uznávání výsledků dalšího vzdělávání",0
TŘICÁTÁ DEVÁTÁ,LIX,110/2007,,nahrazeni,,"Čl. LIX V příloze k zákonu č. 179/2006 Sb., o ověřování a uznávání výsledků dalšího vzdělávání a o změně některých zákonů (zákon o uznávání výsledků dalšího vzdělávání), ve znění zákona č. 110/2007 Sb., zákona č. 375/2011 Sb. a zákona č. 471/2022 Sb., se text „ Ministerstvo pro místní rozvoj domovního a bytového fondu, územního plánování a stavebního řádu, investiční politiky, cestovního ruchu, po",0
ČTYŘICÁTÁ,LX,184/2006,1,zneni_plny,15,§ 15 včetně nadpisu zní: „§ 15 Vyvlastňovací úřad (1) Vyvlastňovacími úřady jsou Úřad rozvoje území České republiky a úřady rozvoje území krajů. (2) Úřad rozvoje území České republiky je nadřízeným správním orgánem úřadů rozvoje území krajů.“.,220
ČTYŘICÁTÁ,LX,184/2006,2,zneni_plny,16,"§ 16 včetně nadpisu zní: „§ 16 Příslušnost (1) K vyvlastňovacímu řízení je příslušný úřad rozvoje území kraje, v jehož správním obvodu se nachází pozemek nebo stavba, jichž se vyvlastnění týká. (2) Úřad rozvoje území České republiky je příslušný k vyvlastňovacímu řízení pro účel vyvlastnění, a) pro jehož dosažení je třeba povolení vyhrazené stavby podle stavebního zákona, b) který je stanoven horn",532
ČTYŘICÁTÁ,LX,184/2006,3,nahrazeni,28,V § 28 odst. 3 písm. b) se slovo „zastavěném“ nahrazuje slovem „zastavitelném“.,0
,LXI,184/2006,,prechodne,,"Čl. LXI Přechodná ustanovení 1. Řízení a postupy zahájené a neskončené přede dnem nabytí účinnosti tohoto zákona se dokončí podle zákona č. 184/2006 Sb., ve znění účinném ode dne nabytí účinnosti tohoto zákona, není-li stanoveno jinak. 2. Řízení a postupy zahájené a neskončené do dne vzniku Úřadu rozvoje území České republiky (dále jen „Úřad“), k nimž je příslušný Úřad, převezme a dokončí ode dne",0
ČTYŘICÁTÁ PRVNÍ,LXII,261/2007,1,vlozeni,2,"V části čtyřicáté sedmé čl. LXXIV § 2 odst. 1 písm. b) se za slovo „zákona“ vkládají slova „ , osoba provozující zařízení pro ukládání elektřiny podle energetického zákona, a to v rozsahu množství elektřiny určeného Elektroenergetickým datovým centrem jako množství elektřiny odebrané v předávacím místě z přenosové soustavy nebo distribuční soustavy pro ukládání elektřiny a zpětně dodané do přenoso",0
ČTYŘICÁTÁ PRVNÍ,LXII,261/2007,2,nahrazeni,8,V části čtyřicáté sedmé čl. LXXIV § 8 odst. 1 písm. a) bodu 2 se číslo „50“ nahrazuje číslem „100“.,0
ČTYŘICÁTÁ PRVNÍ,LXII,261/2007,3,vlozeni,12,"V části čtyřicáté sedmé čl. LXXIV § 12 ve větě první se za slovo „elektřinou“ vkládají slova „nebo osoba provozující zařízení pro ukládání elektřiny podle energetického zákona v rozsahu množství elektřiny, pro které je dodavatelem“ a na konci § 12 se doplňuje věta „Nabýt elektřinu bez daně může na daňovém území bez povolení k nabytí elektřiny bez daně také osoba provozující zařízení pro ukládání e",0
ČTYŘICÁTÁ PRVNÍ,LXII,261/2007,4,doplneni,13,"V části čtyřicáté sedmé čl. LXXIV § 13 odst. 2 se na konci textu písmene d) doplňují slova „ , je-li navrhovatelem obchodník s elektřinou“.",0
ČTYŘICÁTÁ PRVNÍ,LXII,261/2007,5,zneni_plny,13,"V části čtyřicáté sedmé čl. LXXIV § 13 se na konci odstavce 2 tečka nahrazuje čárkou a doplňuje se písmeno e), které zní: „e) je-li navrhovatelem osoba provozující zařízení pro ukládání elektřiny podle energetického zákona a provádění této činnosti vyžaduje licenci podle energetického zákona, doklad prokazující, že navrhovatel je držitelem takové licence.“.",236
ČTYŘICÁTÁ PRVNÍ,LXII,261/2007,6,vlozeni,15;13,V části čtyřicáté sedmé čl. LXXIV § 15 odst. 1 písm. e) se za text „§ 13 odst. 2 písm. d)“ vkládají slova „nebo e)“.,0
ČTYŘICÁTÁ PRVNÍ,LXII,261/2007,7,doplneni,16,"V části čtyřicáté sedmé čl. LXXIV § 16 se na konci textu odstavce 2 doplňují slova „ ; to neplatí pro dodání elektřiny osobě provozující zařízení pro ukládání elektřiny podle energetického zákona o celkovém instalovaném elektrickém výkonu do 100 kW v rozsahu množství elektřiny, pro které je tato osoba dodavatelem“.",0
ČTYŘICÁTÁ PRVNÍ,LXII,261/2007,8,vlozeni,17,V části čtyřicáté sedmé čl. LXXIV § 17 odst. 1 se za slovo „elektřinou“ vkládají slova „nebo osobě provozující zařízení pro ukládání elektřiny podle energetického zákona“.,0
ČTYŘICÁTÁ PRVNÍ,LXII,261/2007,9,vlozeni,17,V části čtyřicáté sedmé čl. LXXIV § 17 odst. 4 úvodní části ustanovení se za slovo „elektřinou“ vkládají slova „nebo osobě provozující zařízení pro ukládání elektřiny podle energetického zákona“.,0
ČTYŘICÁTÁ PRVNÍ,LXII,261/2007,10,doplneni,17,V části čtyřicáté sedmé čl. LXXIV § 17 odst. 4 se na konci textu písmene b) doplňují slova „nebo osobě provozující zařízení pro ukládání elektřiny podle energetického zákona“.,0
ČTYŘICÁTÁ PRVNÍ,LXII,261/2007,11,zneni_plny,18,"V části čtyřicáté sedmé čl. LXXIV § 18 se doplňuje odstavec 3, který zní: „(3) Evidenci podle odstavce 1 není povinna vést osoba provozující zařízení pro ukládání elektřiny podle energetického zákona o celkovém instalovaném elektrickém výkonu do 100 kW.“.",180
ČTYŘICÁTÁ PRVNÍ,LXII,261/2007,12,doplneni,27,"V části čtyřicáté sedmé čl. LXXIV § 27 odst. 1 se na konci textu písmene a) doplňují slova „ ; to neplatí pro dodání elektřiny osobě provozující zařízení pro ukládání elektřiny podle energetického zákona o celkovém instalovaném elektrickém výkonu do 100 kW v rozsahu množství elektřiny, pro které je tato osoba dodavatelem“.",0
,LXIII,261/2007,,prechodne,,"Čl. LXIII Přechodné ustanovení Pokud osoba provozující zařízení pro ukládání elektřiny podle energetického zákona podá návrh na vydání povolení k nabytí elektřiny bez daně do 31. srpna 2026, považuje se taková osoba od 1. srpna 2026 do dne předcházejícího dni pravomocného ukončení řízení o návrhu na vydání povolení za držitele povolení k nabytí elektřiny bez daně podle zákona č. 261/2007 Sb., ve z",0
ČTYŘICÁTÁ DRUHÁ,LXIV,416/2009,2,zneni_plny,1,"V § 1 se na konci odstavce 5 tečka nahrazuje čárkou a doplňují se písmena e) a f), která znějí: „e) stavba skladu a úložiště radioaktivního odpadu, f) stavba spalovny nebezpečného odpadu umožňující nakládání s odpadem vzniklým ve spojitosti s výstavbou, uváděním do provozu, provozem, prováděním změn nebo údržbou energetické infrastruktury včetně staveb souvisejících.“.",276
ČTYŘICÁTÁ DRUHÁ,LXIV,416/2009,3,zruseni,1,V § 1 odst. 13 se slova „zastavitelných nebo transformačních“ zrušují a na konci textu odstavce se doplňují slova „a stavba podle odstavce 14“.,0
ČTYŘICÁTÁ DRUHÁ,LXIV,416/2009,4,vlozeni_plny,1,"V § 1 se za odstavec 13 vkládá nový odstavec 14, který včetně poznámek pod čarou č. 30 a 31 zní: „(14) Strategickou stavbou zdravotnické infrastruktury se pro účely tohoto zákona rozumí stavba zdravotnického zařízení poskytovatele zdravotních služeb lůžkové péče zřizovaného Českou republikou, krajem nebo veřejnou vysokou školou, jde-li o a) stavbu fakultní nemocnice podle zákona o zdravotních služ",843
ČTYŘICÁTÁ DRUHÁ,LXIV,416/2009,5,zruseni,1,V § 1 odst. 16 se slova „zastavitelných nebo transformačních“ zrušují.,0
ČTYŘICÁTÁ DRUHÁ,LXIV,416/2009,6,vlozeni,2,"V § 2 odst. 6 větě čtvrté se za slovo „žadateli,“ vkládá slovo „vyvlastňovanému,“, ve větě poslední se slovo „třicátý“ nahrazuje slovem „patnáctý“ a na konci odstavce se doplňuje věta „V případě podzemní stavby, která funkčně ani svou konstrukcí nesouvisí se stavbami na pozemku ani s provozem na něm a která ani jinak nemůže mít vliv na využití pozemku k účelu, pro který je určen, se v řízení podle",0
ČTYŘICÁTÁ DRUHÁ,LXIV,416/2009,7,nahrazeni,2b,V § 2b odst. 1 a § 2b odst. 2 úvodní části ustanovení se slovo „zastavěném“ nahrazuje slovem „zastavitelném“.,0
ČTYŘICÁTÁ DRUHÁ,LXIV,416/2009,8,vlozeni,2b,"V § 2b odst. 1 větě první se za slovo „vedení“ vkládají slova „přenosové soustavy“ a na konci textu věty se doplňují slova „ , nenavrhne-li stavebník jinak“.",0
ČTYŘICÁTÁ DRUHÁ,LXIV,416/2009,9,zruseni,2d,V § 2d odst. 4 se na konci textu věty první doplňují slova „ ; tuto lhůtu nelze prodloužit“ a věty druhá až poslední se zrušují.,0
ČTYŘICÁTÁ DRUHÁ,LXIV,416/2009,10,nahrazeni,2d,"V § 2d odst. 13 větě první se slova „ , závazného stanoviska nebo jednotného environmentálního stanoviska“ nahrazují slovy „nebo závazného stanoviska“.",0
ČTYŘICÁTÁ DRUHÁ,LXIV,416/2009,11,zruseni,2d,V § 2d se odstavec 14 zrušuje. Dosavadní odstavce 15 až 19 se označují jako odstavce 14 až 18.,0
ČTYŘICÁTÁ DRUHÁ,LXIV,416/2009,12,nahrazeni,2d,V § 2d odst. 18 úvodní části ustanovení se číslo „18“ nahrazuje číslem „17“.,0
ČTYŘICÁTÁ DRUHÁ,LXIV,416/2009,13,zruseni,2d,V § 2d odst. 18 se písmeno b) zrušuje. Dosavadní písmena c) až e) se označují jako písmena b) až d).,0
ČTYŘICÁTÁ DRUHÁ,LXIV,416/2009,14,zneni_plny,2d;311;1;238,"V § 2d se doplňují odstavce 19 až 21, které znějí: „(19) Ustanovení § 311 odst. 5 stavebního zákona se na rozhodnutí o povolení záměru stavby pro energetickou bezpečnost nepoužije. (20) V případě záměrů staveb pro energetickou bezpečnost podle § 1 odst. 5 písm. a) a b) se omezení maximální doby předčasného užívání nebo zkušebního provozu podle § 238 odst. 3 stavebního zákona neuplatní. (21) V příp",1266
ČTYŘICÁTÁ DRUHÁ,LXIV,416/2009,15,nahrazeni,2e,V § 2e odst. 2 se slova „Dopravního a energetického stavebního úřadu“ nahrazují slovy „Úřadu rozvoje území České republiky (dále jen „Úřad“)“.,0
ČTYŘICÁTÁ DRUHÁ,LXIV,416/2009,16,zneni_plny,2e;1,"V § 2e se doplňují odstavce 3 až 5, které znějí: „(3) Před realizací stavby pro energetickou bezpečnost podle § 1 odst. 5 písm. a) až c) jsou prováděny přípravné práce. Přípravnými pracemi pro stavby pro energetickou bezpečnost (dále jen „přípravné práce“) se rozumí zejména terénní úpravy, úprava pozemku, příprava odstavných, manipulačních a skladových ploch, příprava staveniště, zřizování přístup",1405
ČTYŘICÁTÁ DRUHÁ,LXIV,416/2009,17,vlozeni,2f,V § 2f se za větu první vkládá věta „Příprava stavby podle věty první zahrnuje i vyhledávání vhodné lokality pro její umístění.“.,0
ČTYŘICÁTÁ DRUHÁ,LXIV,416/2009,18,zruseni,2h,V § 2h se odstavec 4 zrušuje. Dosavadní odstavec 5 se označuje jako odstavec 4.,0
ČTYŘICÁTÁ DRUHÁ,LXIV,416/2009,19,zruseni,2i,V § 2i se odstavec 1 zrušuje. Dosavadní odstavce 2 až 6 se označují jako odstavce 1 až 5.,0
ČTYŘICÁTÁ DRUHÁ,LXIV,416/2009,20,nahrazeni,2i,"V § 2i odst. 5 se slova „Pokud stavba základnové stanice mobilní sítě elektronických komunikací včetně souvisejícího elektrického a optického přípojného vedení je nutná ke splnění povinnosti uložené na základě zvláštního právního předpisu, lze tuto stavbu“ nahrazují slovy „Stavbu základnové stanice mobilní sítě elektronických komunikací včetně souvisejícího elektrického a optického přípojného vede",0
ČTYŘICÁTÁ DRUHÁ,LXIV,416/2009,21,zruseni,2j,V § 2j se odstavec 3 zrušuje.,0
ČTYŘICÁTÁ DRUHÁ,LXIV,416/2009,22,nahrazeni,2l;2m,V § 2l odst. 6 a § 2m odst. 1 se slova „Ministerstvo pro místní rozvoj“ nahrazuje slovem „Úřad“.,0
ČTYŘICÁTÁ DRUHÁ,LXIV,416/2009,23,nahrazeni,2m,V § 2m odst. 1 se slova „Ministerstvem pro místní rozvoj“ se nahrazují slovem „Úřadem“.,0
ČTYŘICÁTÁ DRUHÁ,LXIV,416/2009,24,zruseni,2n,V § 2n se odstavec 3 zrušuje. Dosavadní odstavec 4 se označuje jako odstavec 3.,0
ČTYŘICÁTÁ DRUHÁ,LXIV,416/2009,25,zneni_plny,2n,"V § 2n se doplňuje odstavec 4, který zní: „(4) Strategickou investiční stavbu lze v územně plánovací dokumentaci vymezit jako veřejně prospěšnou stavbu podle stavebního zákona.“.",134
ČTYŘICÁTÁ DRUHÁ,LXIV,416/2009,26,doplneni,3,"V § 3 se na konci odstavce 4 doplňuje věta „Splnění podmínek přípustnosti vyvlastnění uvedených v odstavci 2 nebo 3 se nevyžaduje, jde-li o podzemní stavbu, která funkčně ani svou konstrukcí nesouvisí se stavbami na pozemku ani s provozem na něm a která ani jinak nemůže mít vliv na využití pozemku k účelu, pro který je určen.“.",0
ČTYŘICÁTÁ DRUHÁ,LXIV,416/2009,27,zruseni,3e,"V § 3e odst. 1 se slova „nebo po vydání souhlasného jednotného environmentálního stanoviska podle zákona o jednotném environmentálním stanovisku26), je-li jeho součástí závazné stanovisko k posouzení vlivů provedení záměru na životní prostředí“ zrušují. Poznámka pod čarou č. 26 se zrušuje.",0
ČTYŘICÁTÁ DRUHÁ,LXIV,416/2009,28,vlozeni_plny,3e;3f,"Za § 3e se vkládá nový § 3f, který včetně nadpisu zní: „§ 3f Žaloba na odstranění stavby energetické infrastruktury a infrastruktury elektronických komunikací (1) Jestliže došlo k zahájení vyvlastňovacího řízení ve vztahu k předmětu vyvlastnění, který je předmětem řízení o žalobě na odstranění stavby energetické infrastruktury, nebo stavby infrastruktury elektronických komunikací, soud přeruší říz",1370
ČTYŘICÁTÁ DRUHÁ,LXIV,416/2009,29,vlozeni,4a,V § 4a odst. 1 úvodní části ustanovení se za slovo „uskutečnění“ vkládá slovo „vyhrazené“ a na konci úvodní části ustanovení se doplňují slova „podle stavebního zákona a dále“.,0
ČTYŘICÁTÁ DRUHÁ,LXIV,416/2009,30,nahrazeni,4a,V § 4a odst. 1 písm. a) se čárka nahrazuje slovem „nebo“ a slova „nebo energetické“ se zrušují.,0
ČTYŘICÁTÁ DRUHÁ,LXIV,416/2009,31,zneni_plny,4a,"V § 4a se na konci odstavce 1 tečka nahrazuje slovem „ , nebo“ a doplňuje se písmeno c), které zní: „c) energetické infrastruktury, stavby těžební infrastruktury nebo stavby infrastruktury pro ukládání oxidu uhličitého.“.",119
ČTYŘICÁTÁ DRUHÁ,LXIV,416/2009,32,zruseni,4b,§ 4b se zrušuje.,0
ČTYŘICÁTÁ DRUHÁ,LXIV,416/2009,33,zruseni,4d,V § 4d odst. 1 se slovo „vybrané“ zrušuje a na konci odstavce se doplňuje věta „Pro omezení vlastnického práva nebo práva odpovídajícího věcnému břemenu k pozemku nebo ke stavbě nebo jejich části potřebné k uskutečnění stavby infrastruktury elektronických komunikací platí věta první obdobně.“.,0
ČTYŘICÁTÁ DRUHÁ,LXIV,416/2009,34,nahrazeni,5a,V § 5a odst. 1 se slova „Dopravní a energetický stavební úřad“ nahrazují slovem „Úřad“.,0
ČTYŘICÁTÁ DRUHÁ,LXIV,416/2009,35,zruseni,5f,V § 5f odst. 1 úvodní části ustanovení se slova „a popřípadě rovněž žádost o vydání jednotného environmentálního stanoviska“ a slova „nebo žádost o vydání jednotného environmentálního stanoviska“ zrušují.,0
ČTYŘICÁTÁ DRUHÁ,LXIV,416/2009,36,nahrazeni,5f,V § 5f odst. 2 úvodní části ustanovení se slova „vydání jednotného environmentálního stanoviska“ nahrazují slovy „povolení záměru podle stavebního zákona“ a slova „správní orgán příslušný k vydání jednotného environmentálního stanoviska“ se nahrazují slovy „stavební úřad“.,0
ČTYŘICÁTÁ DRUHÁ,LXIV,416/2009,37,zruseni,5f,V § 5f odst. 2 písm. a) se slova „sdělí stavebnímu úřadu příslušnému k povolení záměru tuto skutečnost a stavební úřad neprodleně“ zrušují.,0
ČTYŘICÁTÁ DRUHÁ,LXIV,416/2009,38,zruseni,5f,"V § 5f odst. 2 písm. b) se slova „určenou žadateli sdělí stavebnímu úřadu příslušnému k povolení záměru tuto skutečnost a uvede přitom, kterými vadami žádost trpí; stavební úřad neprodleně“ a slova „ , a toto oznámení odůvodní závěrem správního orgánu příslušného k vydání jednotného environmentálního stanoviska“ zrušují.",0
ČTYŘICÁTÁ DRUHÁ,LXIV,416/2009,39,zruseni,5f,V § 5f se odstavce 3 až 5 zrušují. Dosavadní odstavce 6 a 7 se označují jako odstavce 3 a 4.,0
ČTYŘICÁTÁ DRUHÁ,LXIV,416/2009,40,nahrazeni,5f,"V § 5f odst. 3 se slova „1 věty první,“ nahrazují slovy „1 věty první nebo“ a slova „nebo odstavce 3 písm. b) anebo ode dne podání žádosti podle odstavce 5“ se zrušují.",0
ČTYŘICÁTÁ DRUHÁ,LXIV,416/2009,41,nahrazeni,5f,V § 5f odst. 4 se číslo „6“ nahrazuje číslem „3“.,0
ČTYŘICÁTÁ DRUHÁ,LXIV,416/2009,42,nahrazeni,5g,V § 5g odst. 1 úvodní části ustanovení se slova „Ministerstvo dopravy“ nahrazují slovem „Úřad“.,0
ČTYŘICÁTÁ DRUHÁ,LXIV,416/2009,43,nahrazeni,5h,"V § 5h se slova „1, 2, 3 nebo 5 nebo“ nahrazují slovy „1 nebo 2 anebo“.",0
ČTYŘICÁTÁ DRUHÁ,LXIV,416/2009,44,zruseni,5j,V § 5j odst. 1 úvodní části ustanovení se slova „zastavitelných nebo transformačních“ zrušují.,0
ČTYŘICÁTÁ DRUHÁ,LXIV,416/2009,45,zneni_plny,,"V příloze č. 1 bod 3 zní: „3. Infrastruktura pro vodní dopravu a) plavební stupeň Děčín, včetně vodní elektrárny b) plavební stupeň Přelouč“.",114
ČTYŘICÁTÁ DRUHÁ,LXIV,416/2009,46,vlozeni,,V příloze č. 1 bodě 5 se za slova „vedení 400 kV Milín - Orlík“ vkládají slova „vedení 400 kV Slavětice - Prosenice“ a slova „vedení 400 kV Čechy Střed - Malešice“.,0
ČTYŘICÁTÁ DRUHÁ,LXIV,416/2009,47,vlozeni,,"V příloze č. 1 bodě 7 se za slova „nový jaderný zdroj v lokalitě Dukovany“ vkládají slova „nový jaderný zdroj v lokalitě Tušimice“, „nový jaderný zdroj v lokalitě Dětmarovice“, „nový plynový zdroj v lokalitě Počerady“, „nový plynový zdroj v lokalitě Mělník“, „nový plynový zdroj v lokalitě Prunéřov“, „nový plynový zdroj v lokalitě Dětmarovice“ a „nový plynový zdroj v lokalitě Ledvice“.",0
ČTYŘICÁTÁ DRUHÁ,LXIV,416/2009,48,vlozeni,,"V příloze č. 3 bodě 2 se za slovo „parku“ vkládají slova „Úpravna uhlí“ a slova „ , Důl Československé armády sloužící zejména pro potřeby datového centra, k výrobě a zpracování druhotných surovin a recyklátů, k robotické výrobě, k výrobě a zpracování vodíku nebo pro potřeby přečerpávací vodní elektrárny“ se nahrazují slovy „sloužící zejména pro záměry spojené s elektromobilitou, s výrobou technol",0
ČTYŘICÁTÁ DRUHÁ,LXIV,416/2009,49,doplneni,,V příloze č. 3 se na konci textu bodu 3 doplňují slova „a zpracovatelský závod pro úpravu lithia“.,0
ČTYŘICÁTÁ DRUHÁ,LXIV,416/2009,50,nahrazeni,,"V příloze č. 3 bodě 4 se slova „k výrobě a skladování baterií pro elektrická vozidla“ nahrazují slovy „pro záměry spojené s elektromobilitou, s výrobou technologických částí či celků pro obnovitelné zdroje energie, s výrobou polovodičů, s výrobou a zpracováním druhotných surovin a recyklátů, s výrobou a zpracováním vodíku nebo s robotickou výrobou či datová centra“.",0
ČTYŘICÁTÁ DRUHÁ,LXIV,416/2009,51,zruseni,,V příloze č. 3 se bod 12 zrušuje. Dosavadní bod 13 se označuje jako bod 12.,0
ČTYŘICÁTÁ DRUHÁ,LXIV,416/2009,52,zneni_plny,,"V příloze č. 3 se doplňují body 13 až 16, které znějí: „13. Stavby v lokalitě strategického podnikatelského parku Hrabák sloužící zejména pro záměry spojené s elektromobilitou, s výrobou technologických částí či celků pro obnovitelné zdroje energie, s výrobou polovodičů, s výrobou a zpracováním druhotných surovin a recyklátů, s výrobou a zpracováním vodíku nebo s robotickou výrobou či datová centr",1266
,LXV,416/2009,,prechodne,2d;2n;3e;5f;5h,"Čl. LXV Přechodná ustanovení 1. Řízení a postupy zahájené a neskončené přede dnem nabytí účinnosti tohoto zákona se dokončí podle zákona č. 416/2009 Sb., ve znění účinném ode dne nabytí účinnosti tohoto zákona, není-li stanoveno jinak. 2. Ustanovení § 2d odst. 4 věty druhé až čtvrté, § 2d odst. 13, § 2d odst. 14, § 2n odst. 3, § 3e odst. 1, § 5f a § 5h zákona č. 416/2009 Sb., ve znění účinném před",0
ČTYŘICÁTÁ TŘETÍ,LXVI,165/2012,1,nahrazeni,22b,V § 22b odst. 1 se slova „nabytí účinnosti tohoto zákona“ nahrazují slovy „31. prosinci 2025“.,0
ČTYŘICÁTÁ TŘETÍ,LXVI,165/2012,2,vlozeni_plny,22d,"V § 22d se za odstavec 4 vkládá nový odstavec 5, který zní: „(5) Poplatek se snižuje o částku peněžitého plnění, které poplatník poplatku v poplatkovém období poskytl obci na základě plánovací smlouvy nebo jiného právního jednání v souvislosti s uskutečněním záměru, bylo-li toto plnění v tomto období splatné. Poplatek se snižuje o výši poskytnutého peněžitého plnění, a to maximálně do částky odpov",386
ČTYŘICÁTÁ TŘETÍ,LXVI,165/2012,3,nahrazeni,22d,"V § 22d odst. 6 se slova „které podle odstavce 4 stanovily jiné výše koeficientů poplatků,“ zrušují, slova „výše poplatku“ se nahrazují slovy „dílčí výše poplatku, a to“ a na konci odstavce se doplňuje věta „Dílčí výše poplatku vypočtená podle věty první se snižuje o výši peněžitého plnění poskytnutého obci poplatníkem poplatku postupem podle odstavce 5.“.",0
ČTYŘICÁTÁ TŘETÍ,LXVI,165/2012,4,nahrazeni,22g;22d,"V § 22g odst. 2 se slova „instalovaného výkonu výrobních zdrojů umístěných na katastrálních územích obcí“ nahrazují slovy „dílčích výší poplatků, případně snížených postupem podle § 22d odst. 5 a 6“.",0
ČTYŘICÁTÁ TŘETÍ,LXVI,165/2012,5,nahrazeni,26e,V § 26e odst. 2 se slova „dodané zákazníkům“ nahrazují slovy „vstupující ze zdrojů do soustavy zásobování tepelnou energií“.,0
ČTYŘICÁTÁ TŘETÍ,LXVI,165/2012,6,zneni_plny,26e,"§ 26e odstavec 3 zní: „(3) Způsob stanovení podílu tepelné energie z obnovitelných zdrojů, odpadního tepla, kombinované výroby elektřiny a tepla a vysokoúčinné kombinované výroby elektřiny a tepla a množství emisí skleníkových plynů na jednotku tepelné energie vstupující ze zdrojů do soustavy zásobování tepelnou energií pro účely posouzení účinné soustavy zásobování tepelnou energií stanoví provád",400
ČTYŘICÁTÁ TŘETÍ,LXVI,165/2012,7,nahrazeni,27be,V § 27be odst. 4 písm. a) se slova „je vyšší“ nahrazují slovem „vyšší“.,0
ČTYŘICÁTÁ TŘETÍ,LXVI,165/2012,8,zneni_plny,27be,"V § 27be odstavec 5 zní: „(5) Ministerstvo změní rozhodnutí o udělení práva na podporu z aukce neprodleně poté, co se dozví o uvedení do provozu výrobny biometanu podle odstavce 4. Právo na podporu z aukce vzniká v případě výrobny biometanu s energetickým výkonem, který je odlišný oproti energetickému výkonu výrobny biometanu podle její původní identifikace v rozhodnutí o udělení práva na podporu",447
ČTYŘICÁTÁ TŘETÍ,LXVI,165/2012,9,zruseni,29,V § 29 odst. 1 větě první se slovo „zákona“ zrušuje.,0
ČTYŘICÁTÁ TŘETÍ,LXVI,165/2012,10,nahrazeni,29;28,"V § 29 odst. 1 se věta třetí nahrazuje větou „Ministerstvo poukáže operátorovi trhu vždy do konce daného kalendářního měsíce částku odpovídající procentnímu podílu, který je stanoven podílem skutečně vynaložených nákladů operátora trhu na podporu elektřiny, provozní podporu tepla, přechodnou transformační podporu tepla a podporu biometanu podle § 28 odst. 10 za daný měsíc kalendářního roku předchá",0
ČTYŘICÁTÁ TŘETÍ,LXVI,165/2012,11,nahrazeni,29,V § 29 odst. 2 se slovo „čtvrtletních“ nahrazují slovem „měsíčních“.,0
ČTYŘICÁTÁ TŘETÍ,LXVI,165/2012,12,zneni_plny,45a,Nadpis § 45a zní: „Omezení vydání záruky původu energie“.,36
ČTYŘICÁTÁ TŘETÍ,LXVI,165/2012,13,zneni_plny,45d,Nadpis § 45d zní: „Nakládání se zárukami původu energie vydanými v jiném členském státě nebo převedenými do jiného členského státu“.,112
ČTYŘICÁTÁ TŘETÍ,LXVI,165/2012,14,vlozeni,45d,V § 45d odst. 2 písm. b) se za slovo „tohoto“ vkládá slovo „jiného“.,0
ČTYŘICÁTÁ TŘETÍ,LXVI,165/2012,15,vlozeni,45d,"V § 45d odst. 2 písm. c) se slova „žadatel o převod záruky původu energie prokazatelně doloží, že“ zrušují a za slovo „tomto“ se vkládá slovo „jiném“.",0
ČTYŘICÁTÁ TŘETÍ,LXVI,165/2012,16,zneni_plny,47d,"V § 47d odst. 1 písmena b) až d) znějí: „b) 1,25 % energetických od 1. ledna 2027 do 31. prosince 2027, c) 2 % energetických od 1. ledna 2028 do 31. prosince 2028, d) 3,50 % energetických od 1. ledna 2029 do 31. prosince 2029,“.",187
ČTYŘICÁTÁ TŘETÍ,LXVI,165/2012,17,zruseni,47d,V § 47d odst. 3 písm. a) bodě 1 se část věty za středníkem včetně středníku zrušuje.,0
ČTYŘICÁTÁ TŘETÍ,LXVI,165/2012,18,nahrazeni,47d,"V § 47d odst. 3 písm. b) se slova „byl nebo bylo“ nahrazuje slovem „byla“ a slova „spotřebován nebo spotřebováno,“ se nahrazují slovem „spotřebována“.",0
ČTYŘICÁTÁ TŘETÍ,LXVI,165/2012,19,zneni_plny,47d,"V § 47d odst. 3 písmeno c) zní: „c) nebyla zohledněna pro 1. účely splnění povinnosti uvedené v odstavci 1 jiným dodavatelem plynných pohonných hmot, 2. účely započtení do zbytkového energetického mixu, 3. plnění cílů podle čl. 3 a 25 směrnice o podpoře využívání energie z obnovitelných zdrojů na území jiného státu.“.",289
ČTYŘICÁTÁ TŘETÍ,LXVI,165/2012,20,vlozeni_plny,47d,"V § 47d se za odstavec 3 vkládá nový odstavec 4, který zní: „(4) K prokázání skutečnosti uvedené v odstavci 3 předkládá dodavatel plynných pohonných hmot v případě a) obnovitelných paliv nebiologického původu čestné prohlášení vydané osobou, která je oprávněna vydat doklad o splnění kritérií udržitelnosti a úspor emisí skleníkových plynů, nebo b) pokročilého biometanu uplatněné záruky původu biome",554
ČTYŘICÁTÁ TŘETÍ,LXVI,165/2012,21,zneni_plny,47db,"V § 47db odst. 1 písmena b) až d) znějí: „b) 6,50 % od 1. ledna 2027 do 31. prosince 2027, c) 7 % od 1. ledna 2028 do 31. prosince 2028, d) 8 % od 1. ledna 2029 do 31. prosince 2029,“.",142
ČTYŘICÁTÁ TŘETÍ,LXVI,165/2012,22,zruseni,47db,V § 47db odst. 3 písm. f) se část věty za středníkem včetně středníku zrušuje.,0
ČTYŘICÁTÁ TŘETÍ,LXVI,165/2012,23,zruseni,47e,V § 47e se odstavec 7 zrušuje.,0
ČTYŘICÁTÁ TŘETÍ,LXVI,165/2012,24,zruseni,47f,V nadpisu § 47f se slova „nebo elektřině dodávaných pro dopravní účely“ zrušují.,0
ČTYŘICÁTÁ TŘETÍ,LXVI,165/2012,25,zruseni,47f;47e,"V § 47f odst. 1 se slova „nebo provozovatel dobíjecí stanice“, „a § 47e odst. 1 také“, „nebo elektřiny“ a slova „či elektřinu“ zrušují.",0
ČTYŘICÁTÁ TŘETÍ,LXVI,165/2012,26,zruseni,47f,V § 47f odst. 2 se slova „nebo elektřiny“ a slova „nebo elektřinu“ zrušují.,0
ČTYŘICÁTÁ TŘETÍ,LXVI,165/2012,27,zruseni,47f;47e,V § 47f odst. 3 se slova „a § 47e odst. 1“ zrušují.,0
ČTYŘICÁTÁ TŘETÍ,LXVI,165/2012,28,zruseni,47f;47e,"V § 47f odst. 5 se slova „a § 47e odst. 1“, „a provozovatel dobíjecí stanice“ a slova „nebo minimálního podílu elektřiny z obnovitelných zdrojů energie v dopravě“ zrušují.",0
ČTYŘICÁTÁ TŘETÍ,LXVI,165/2012,29,zruseni,47f;47e,"V § 47f odst. 6 se slova „a provozovatel dobíjecí stanice“, „a § 47e odst. 1“ a slova „nebo elektřiny“ zrušují.",0
ČTYŘICÁTÁ TŘETÍ,LXVI,165/2012,30,zruseni,47f,V § 47f odst. 7 se slova „nebo elektřiny“ a slova „a minimálního podílu elektřiny z obnovitelných zdrojů energie v dopravě“ zrušují.,0
ČTYŘICÁTÁ TŘETÍ,LXVI,165/2012,31,zruseni,47f;47e,V § 47f odst. 8 se slova „nebo elektřina“ a slova „a § 47e odst. 1“ zrušují.,0
ČTYŘICÁTÁ TŘETÍ,LXVI,165/2012,32,nahrazeni,49,V § 49 odst. 20 se číslo „6“ nahrazuje číslem „7“.,0
ČTYŘICÁTÁ TŘETÍ,LXVI,165/2012,33,zneni_plny,53,"V § 53 odst. 1 písmeno ae) zní: „ae) způsob stanovení podílu tepelné energie z obnovitelných zdrojů, odpadního tepla, kombinované výroby elektřiny a tepla a vysokoúčinné kombinované výroby elektřiny a tepla a množství emisí skleníkových plynů na jednotku tepelné energie vstupující ze zdrojů do soustavy zásobování tepelnou energií pro účely posouzení účinné soustavy zásobování tepelnou energií,“.",367
,LXVII,165/2012,,prechodne,29,"Čl. LXVII Přechodná ustanovení 1. Ustanovení zákona č. 165/2012 Sb., ve znění účinném ode dne nabytí účinnosti tohoto zákona, upravující snížení dílčí výše poplatku o výši peněžitého plnění poskytnutého obci poplatníkem poplatku, se použijí pouze v případě peněžitých plnění poskytovaných obci nebo obcím podle plánovací smlouvy nebo jiného právního jednání vzniklého před 31. prosincem 2025. 2. Pros",0
ČTYŘICÁTÁ ČTVRTÁ,LXVIII,201/2012,1,vlozeni,3,"V § 3 odst. 1 se za slovo „zákona“ vkládají slova „ , pro stavební úřady při výkonu působnosti podle jiného právního předpisu“.",0
ČTYŘICÁTÁ ČTVRTÁ,LXVIII,201/2012,2,nahrazeni,11,V § 11 odst. 2 písm. b) se slova „závazné stanovisko“ nahrazují slovem „vyjádření“.,0
ČTYŘICÁTÁ ČTVRTÁ,LXVIII,201/2012,3,nahrazeni,11,V § 11 odst. 2 písm. d) se slova „závazné stanovisko“ nahrazují slovem „vyjádření“ a slovo „zastavěném“ se nahrazuje slovem „zastavitelném“.,0
ČTYŘICÁTÁ ČTVRTÁ,LXVIII,201/2012,4,nahrazeni,11,"V § 11 odst. 3 se slova „závazného stanoviska“ nahrazují slovem „vyjádření“, slovo „zastavěném“ se nahrazuje slovem „zastavitelném“ a věta poslední se zrušuje.",0
ČTYŘICÁTÁ ČTVRTÁ,LXVIII,201/2012,5,nahrazeni,11,V § 11 odst. 4 větě první se slova „souhlasné závazné stanovisko podle odstavce 2 písm. b) nebo d)“ nahrazují slovy „povolení záměru“ a ve větě druhé se slova „Souhlasné závazné stanovisko podle odstavce 2 písm. b) nebo d)“ nahrazují slovy „Povolení záměru“.,0
ČTYŘICÁTÁ ČTVRTÁ,LXVIII,201/2012,6,vlozeni,11,V § 11 odst. 6 větě první se slova „závazného stanoviska podle odstavce 2 písm. b) nebo d)“ nahrazují slovy „povolení záměru“ a ve větě druhé se za slova „uplatní kompenzační opatření“ vkládají slova „příslušný správní orgán v rozhodnutí o povolení záměru. Opatření může navrhnout“ a slova „v závazném stanovisku“ se nahrazují slovy „ve vyjádření“.,0
ČTYŘICÁTÁ ČTVRTÁ,LXVIII,201/2012,7,nahrazeni,11,"V § 11 odst. 7 větě první, § 11 odst. 8 větě první a § 11 odst. 9 úvodní části ustanovení se slova „závazného stanoviska“ nahrazují slovem „vyjádření“.",0
ČTYŘICÁTÁ ČTVRTÁ,LXVIII,201/2012,8,nahrazeni,12,"V § 12 odst. 1 větě první se slova „závazného stanoviska“ nahrazují slovy „vyjádření, povolení záměru“.",0
ČTYŘICÁTÁ ČTVRTÁ,LXVIII,201/2012,9,nahrazeni,12,V § 12 odst. 3 se slova „Závazné stanovisko“ nahrazují slovem „Vyjádření“ a slovo „podmínky“ se nahrazuje slovy „návrh podmínek“.,0
ČTYŘICÁTÁ ČTVRTÁ,LXVIII,201/2012,10,nahrazeni,12,V § 12 odst. 5 se slovo „krajský“ nahrazuje slovem „stavební“ a slova „závazném stanovisku“ se nahrazují slovy „povolení záměru podle stavebního zákona“.,0
ČTYŘICÁTÁ ČTVRTÁ,LXVIII,201/2012,11,zruseni,12,V § 12 odst. 6 se věta první zrušuje.,0
ČTYŘICÁTÁ ČTVRTÁ,LXVIII,201/2012,12,nahrazeni,12a,"V § 12a odst. 1 úvodní části ustanovení se slova „závazného stanoviska“ nahrazují slovy „vyjádření, povolení záměru“.",0
ČTYŘICÁTÁ ČTVRTÁ,LXVIII,201/2012,13,nahrazeni,12a,"V § 12a odst. 4 se slova „závazné stanovisko“ nahrazují slovy „vyjádření, povolení záměru“.",0
ČTYŘICÁTÁ ČTVRTÁ,LXVIII,201/2012,14,nahrazeni,16,V § 16 odst. 10 se slovo „zastavěného“ nahrazuje slovem „zastavitelného“.,0
ČTYŘICÁTÁ ČTVRTÁ,LXVIII,201/2012,15,nahrazeni,17,V § 17 odst. 1 písm. f) se slova „krajským úřadem“ nahrazují slovy „správním orgánem příslušným k povolení záměru“.,0
ČTYŘICÁTÁ ČTVRTÁ,LXVIII,201/2012,16,zneni_plny,19f,"V § 19f odst. 1 písmena b) až d) znějí: „b) 1,25 % energetických od 1. ledna 2027 do 31. prosince 2027, c) 2 % energetických od 1. ledna 2028 do 31. prosince 2028, d) 3,50 % energetických od 1. ledna 2029 do 31. prosince 2029,“.",187
ČTYŘICÁTÁ ČTVRTÁ,LXVIII,201/2012,17,zneni_plny,20,"V § 20 odst. 1 písmena b) až d) znějí: „b) 6,50 % od 1. ledna 2027 do 31. prosince 2027, c) 7 % od 1. ledna 2028 do 31. prosince 2028, d) 8 % od 1. ledna 2029 do 31. prosince 2029,“.",142
ČTYŘICÁTÁ ČTVRTÁ,LXVIII,201/2012,18,doplneni,24;23,"V § 24 se na konci textu odstavce 1 doplňují slova „ , a přestupku uvedeného v § 23 odst. 1 písm. g), který projednává stavební úřad“.",0
ČTYŘICÁTÁ ČTVRTÁ,LXVIII,201/2012,19,zruseni,26,"V § 26 odst. 1 písm. d) se text „j),“ zrušuje a na konci písmene se slovo „nebo“ zrušuje.",0
ČTYŘICÁTÁ ČTVRTÁ,LXVIII,201/2012,20,zneni_plny,26;25,"V § 26 se na konci odstavce 1 tečka nahrazuje slovem „ , nebo“ a doplňuje se písmeno f), které zní: „f) stavební úřad, jde-li o přestupek podle § 25 odst. 1 písm. j).“.",65
ČTYŘICÁTÁ ČTVRTÁ,LXVIII,201/2012,21,vlozeni_plny,27,"V § 27 odst. 1 se za písmeno e) vkládají nová písmena f) a g), která znějí: „f) stavební úřady, g) orgány státní báňské správy,“. Dosavadní písmena f) až i) se označují jako písmena h) až k).",51
ČTYŘICÁTÁ ČTVRTÁ,LXVIII,201/2012,22,vlozeni,27,"V § 27 odst. 5 se za slova „krajský úřad,“ vkládají slova „stavební úřad, orgán státní báňské správy,“.",0
ČTYŘICÁTÁ ČTVRTÁ,LXVIII,201/2012,23,nahrazeni,30,V § 30 odst. 1 písm. e) se slova „závazné stanovisko“ nahrazují slovem „vyjádření“.,0
ČTYŘICÁTÁ ČTVRTÁ,LXVIII,201/2012,24,nahrazeni,30,V § 30 odst. 1 písm. f) se slova „závazných stanoviscích“ nahrazují slovem „vyjádřeních“.,0
ČTYŘICÁTÁ ČTVRTÁ,LXVIII,201/2012,25,zruseni,40,V § 40 se odstavec 2 zrušuje. Dosavadní odstavce 3 až 7 se označují jako odstavce 2 až 6. Poznámka pod čarou č. 42 se zrušuje.,0
ČTYŘICÁTÁ ČTVRTÁ,LXVIII,201/2012,26,nahrazeni,,V příloze č. 10 v nadpisu části B se slovo „zastavěném“ nahrazuje slovem „zastavitelném“.,0
,LXIX,201/2012,,prechodne,,"Čl. LXIX Přechodná ustanovení 1. Řízení a postupy zahájené a neskončené přede dnem nabytí účinnosti tohoto zákona se dokončí podle zákona č. 201/2012 Sb., ve znění účinném ode dne nabytí účinnosti tohoto zákona, není-li stanoveno jinak. 2. Řízení a postupy zahájené a neskončené do dne vzniku Úřadu rozvoje území České republiky (dále jen „Úřad“), k nimž je příslušný Úřad nebo jiný stavební úřad, př",0
ČTYŘICÁTÁ PÁTÁ,LXX,503/2012,1,nahrazeni,3,"V § 3 odst. 4 větě první se slova „pravomocného rozhodnutí o umístění stavby“ nahrazují slovy „pravomocného rozhodnutí o povolení záměru“ a slova „popřípadě na základě územního souhlasu nebo veřejnoprávní smlouvy, jimiž může být rozhodnutí o umístění stavby podle stavebního zákona nahrazeno,“ se zrušují.",0
ČTYŘICÁTÁ PÁTÁ,LXX,503/2012,2,nahrazeni,3,"V § 3 odst. 5 písm. c) se slova „pravomocné rozhodnutí o umístění stavby anebo byl vydán územní souhlas nebo byla uzavřena veřejnoprávní smlouva, jimiž může být rozhodnutí o umístění stavby podle stavebního zákona nahrazeno, ze kterých“ nahrazují slovy „pravomocné rozhodnutí o povolení záměru, z něhož“.",0
ČTYŘICÁTÁ PÁTÁ,LXX,503/2012,3,nahrazeni,6,V § 6 odst. 1 písm. b) úvodní části ustanovení se slova „umístění stavby“ nahrazují slovy „povolení záměru“.,0
ČTYŘICÁTÁ PÁTÁ,LXX,503/2012,4,nahrazeni,6,V § 6 odst. 1 písm. b) bodě 4 se slova „obecní úřad obce s rozšířenou působností jako úřad územního plánování“ nahrazují slovy „stavební úřad“.,0
ČTYŘICÁTÁ PÁTÁ,LXX,503/2012,5,nahrazeni,7,"V § 7 odst. 1 písm. a), § 7 odst. 2 písm. b) a § 7 odst. 3 písm. a) se slovo „zastavěném“ nahrazuje slovem „zastavitelném“.",0
ČTYŘICÁTÁ PÁTÁ,LXX,503/2012,6,zruseni,7,V § 7 odst. 1 se písmeno b) zrušuje. Dosavadní písmena c) až e) se označují jako písmena b) až d).,0
ČTYŘICÁTÁ PÁTÁ,LXX,503/2012,7,nahrazeni,7,V § 7 odst. 1 písm. b) a § 7 odst. 3 písm. c) se slova „umístění stavby“ nahrazují slovy „povolení záměru“.,0
ČTYŘICÁTÁ PÁTÁ,LXX,503/2012,8,nahrazeni,7,V § 7 odst. 1 písm. d) a § 7 odst. 3 písm. e) se slovo „zastavěném“ nahrazuje slovem „zastavitelném“ a slova „nebo v zastavitelné ploše8) určené“ se nahrazují slovem „určeném“.,0
ČTYŘICÁTÁ PÁTÁ,LXX,503/2012,9,zruseni,7,"V § 7 odst. 3 se písmeno b) zrušuje. Dosavadní písmena c) až e) se označují jako písmena b) až d). 10. Poznámka pod čarou č. 8 zní: „8) Zákon č. 283/2021 Sb., stavební zákon, ve znění pozdějších předpisů.“.",0
ČTYŘICÁTÁ PÁTÁ,LXX,503/2012,11,nahrazeni,8,V § 8 odst. 1 větě první a § 8 odst. 2 větě první se slova „umístění stavby“ nahrazují slovy „povolení záměru“.,0
ČTYŘICÁTÁ PÁTÁ,LXX,503/2012,12,nahrazeni,8,V § 8 odst. 1 větě poslední a § 8 odst. 3 se text „e)“ nahrazuje textem „d)“.,0
ČTYŘICÁTÁ PÁTÁ,LXX,503/2012,13,nahrazeni,8,"V § 8 odst. 2 se slova „ , b) nebo c)“ nahrazují slovy „nebo b)“.",0
ČTYŘICÁTÁ PÁTÁ,LXX,503/2012,14,nahrazeni,10,V § 10 odst. 1 písm. a) a b) a § 10 odst. 2 se slovo „zastavěném“ nahrazuje slovem „zastavitelném“ a slova „nebo v zastavitelné ploše“ se zrušují.,0
ČTYŘICÁTÁ PÁTÁ,LXX,503/2012,15,nahrazeni,10,V § 10 odst. 1 písm. a) se slova „umístění stavby“ nahrazují slovy „povolení záměru“.,0
ČTYŘICÁTÁ PÁTÁ,LXX,503/2012,16,zruseni,21,V § 21 se odstavec 4 zrušuje. ČÁST ČTYŘICÁTÁ ŠESTÁ Změna zákona o prevenci závažných havárií,0
ČTYŘICÁTÁ ŠESTÁ,LXXI,224/2015,1,nahrazeni,31,V § 31 odst. 1 větě první se slovo „krajskému“ nahrazuje slovem „stavebnímu“ a slova „o vydání jednotného environmentálního stanoviska30)“ se nahrazují slovy „o povolení záměru“.,0
ČTYŘICÁTÁ ŠESTÁ,LXXI,224/2015,2,vlozeni,31,"V § 31 odst. 2 větě první se slovo „Krajský“ nahrazuje slovem „Stavební“, za slovo „a“ se vkládají slova „rozhodnutím o záměru“ a ve větě poslední se slovo „krajský“ nahrazuje slovem „stavební“.",0
ČTYŘICÁTÁ ŠESTÁ,LXXI,224/2015,3,nahrazeni,31,V § 31 odst. 3 se slovo „Krajský“ nahrazuje slovem „Stavební“.,0
ČTYŘICÁTÁ ŠESTÁ,LXXI,224/2015,4,zneni_plny,31,"V § 31 se doplňuje odstavec 4, který zní: „(4) V rozhodnutí o záměru stanoví stavební úřad s ohledem na požadavky tohoto zákona podmínky pro umístění a provedení nového objektu, jakož i jeho uvedení do zkušebního provozu nebo užívání v případě, že se zkušební provoz neprovádí.“.",236
ČTYŘICÁTÁ ŠESTÁ,LXXI,224/2015,5,nahrazeni,32,"V § 32 odst. 1 se slovo „krajskému“ nahrazuje slovem „stavebnímu“, slova „uvedením do užívání podle stavebního zákona16)“ se nahrazují slovy „vydáním kolaudačního rozhodnutí“ a na konci odstavce se doplňuje věta „Kolaudačním rozhodnutím stavební úřad rozhodne o návrhu na schválení bezpečnostního programu nebo bezpečnostní zprávy a toto rozhodnutí zašle po právní moci na vědomí krajskému úřadu.“.",0
ČTYŘICÁTÁ ŠESTÁ,LXXI,224/2015,6,zruseni,32,V § 32 odst. 2 se věta první zrušuje.,0
ČTYŘICÁTÁ ŠESTÁ,LXXI,224/2015,7,vlozeni_plny,43,"V § 43 se za písmeno e) vkládá nové písmeno f), které zní: „f) stavební úřady,“. Dosavadní písmena f) až h) se označují jako písmena g) až i).",18
ČTYŘICÁTÁ ŠESTÁ,LXXI,224/2015,8,zneni_plny,49,"V § 49 odstavce 2 a 3 znějí: „(2) Krajský úřad je dotčeným orgánem na úseku prevence závažných havárií při projednávání územně plánovací dokumentace. (3) Krajský úřad zajišťuje, aby se při územním plánování braly v úvahu cíle prevence závažných havárií a omezení jejich následků při udržování vzájemných odstupů mezi objekty a obytnými oblastmi, budovami a oblastmi navštěvovanými veřejností, hlavním",473
ČTYŘICÁTÁ ŠESTÁ,LXXI,224/2015,9,zruseni,49,V § 49 se odstavce 4 a 5 zrušují. Dosavadní odstavce 6 a 7 se označují jako odstavce 4 a 5.,0
ČTYŘICÁTÁ ŠESTÁ,LXXI,224/2015,10,vlozeni_plny,49;49a;31,"Za § 49 se vkládá nový § 49a, který včetně nadpisu zní: „§ 49a Stavební úřady (1) Stavební úřady a) rozhodnutím o záměru podle stavebního zákona rozhodují o zařazení objektu do skupiny A nebo do skupiny B podle § 31 odst. 2 a o podmínkách jejich umístění, provedení, uvedení do zkušebního provozu nebo užívání v případě, že se zkušební provoz neprovádí, b) kolaudačním rozhodnutím rozhodují o návrhu",1608
ČTYŘICÁTÁ ŠESTÁ,LXXI,224/2015,11,doplneni,51,V § 51 odst. 2 se na konci textu písmene a) doplňují slova „nebo stavebnímu úřadu“.,0
ČTYŘICÁTÁ ŠESTÁ,LXXI,224/2015,12,nahrazeni,51,V § 51 odst. 2 písm. d) se slovo „krajskému“ nahrazuje slovem „stavebnímu“.,0
ČTYŘICÁTÁ ŠESTÁ,LXXI,224/2015,13,vlozeni,51,V § 51 odst. 3 písm. b) a § 51 odst. 4 písm. b) se za slovo „úřadu“ vkládají slova „nebo stavebnímu úřadu“.,0
ČTYŘICÁTÁ ŠESTÁ,LXXI,224/2015,14,zruseni,53,V § 53 se odstavec 3 včetně poznámky pod čarou č. 30 zrušuje.,0
ČTYŘICÁTÁ ŠESTÁ,LXXI,224/2015,15,nahrazeni,54,V § 54 odst. 2 se slova „průmyslu a obchodu“ nahrazují slovem „hospodářství“.,0
,LXXII,224/2015,,prechodne,,"Čl. LXXII Přechodná ustanovení 1. Řízení a postupy zahájené a neskončené přede dnem nabytí účinnosti tohoto zákona se dokončí podle zákona č. 224/2015 Sb., ve znění účinném ode dne nabytí účinnosti tohoto zákona. 2. Řízení a postupy zahájené a neskončené do dne vzniku Úřadu rozvoje území České republiky (dále jen „Úřad“), k nimž je příslušný Úřad nebo jiný stavební úřad, převezme a dokončí ode dne",0
ČTYŘICÁTÁ SEDMÁ,LXXIII,134/2016,1,vlozeni,18,V § 18 odst. 2 větě první se za slovo „celek“ vkládají slova „v jedné konkrétní věci nebo v jednom případu“.,0
ČTYŘICÁTÁ SEDMÁ,LXXIII,134/2016,2,vlozeni_plny,19,"V § 19 se za odstavec 2 vkládá nový odstavec 3, který zní: „(3) Za dodávky nebo služby stejného druhu se považují po sobě jdoucí dodávky nebo služby zajišťované za stejným účelem stejným okruhem dodavatelů s obdobnou specializací, na jejichž výběr zadavatel použije obdobná kvalifikační a hodnotící kritéria.“. Dosavadní odstavec 3 se označuje jako odstavec 4.",250
ČTYŘICÁTÁ SEDMÁ,LXXIII,134/2016,3,zruseni,30,V § 30 se na konci písmene p) slovo „nebo“ zrušuje.,0
ČTYŘICÁTÁ SEDMÁ,LXXIII,134/2016,4,zneni_plny,30,"V § 30 se na konci písmene q) tečka nahrazuje čárkou a doplňují se písmena r) až u), která včetně poznámek pod čarou č. 58 až 60 znějí: „r) zadanou na základě plánovací smlouvy podle stavebního zákona58), s) jde-li o provedení nařízeného opatření k nápravě stavebním úřadem podle stavebního zákona59), t) zadávanou společenství podle energetického zákona60) jeho členem za účelem souvisejícím se zaji",944
ČTYŘICÁTÁ OSMÁ,LXXIV,263/2016,,nahrazeni,108;111;113;160;206;212;234;237,"Čl. LXXIV V § 108 odst. 1, § 111 odst. 2 písm. d), § 113 odst. 1, § 160 odst. 5, § 206 písm. c), § 212, § 234 odst. 3 a § 237 odst. 1 a 3 zákona č. 263/2016 Sb., atomový zákon, ve znění zákona č. 183/2017 Sb., zákona č. 403/2020 Sb., zákona č. 261/2021 Sb., zákona č. 284/2021 Sb., zákona č. 465/2023 Sb. a zákona č. 83/2025 Sb., se slova „průmyslu a obchodu“ nahrazují slovem „hospodářství“. ČÁST ČT",0
ČTYŘICÁTÁ DEVÁTÁ,LXXV,541/2020,1,nahrazeni,8;9;10;126;129,"V § 8 odst. 2, § 9 odst. 2 a 7, § 10 odst. 5 a 7, § 126 písm. b), v nadpisu § 129 a v § 129 se slova „průmyslu a obchodu“ nahrazují slovem „hospodářství“.",0
ČTYŘICÁTÁ DEVÁTÁ,LXXV,541/2020,2,zruseni,21,V § 21 odst. 2 se věta poslední zrušuje.,0
ČTYŘICÁTÁ DEVÁTÁ,LXXV,541/2020,3,zruseni,30,V § 30 se odstavec 5 zrušuje. Dosavadní odstavec 6 se označuje jako odstavec 5.,0
ČTYŘICÁTÁ DEVÁTÁ,LXXV,541/2020,4,nahrazeni,93a,V § 93a odst. 1 se slova „obecnímu úřadu obce s rozšířenou působností“ nahrazují slovy „stavebnímu úřadu“.,0
ČTYŘICÁTÁ DEVÁTÁ,LXXV,541/2020,5,zruseni,93a,V § 93a se odstavec 2 včetně poznámky pod čarou č. 26 zrušuje a zároveň se zrušuje označení odstavce 1.,0
ČTYŘICÁTÁ DEVÁTÁ,LXXV,541/2020,6,vlozeni_plny,126,"V § 126 se za písmeno k) vkládá nové písmeno l), které zní: „l) stavební úřady,“. Dosavadní písmena l) až n) se označují jako písmena m) až o).",18
ČTYŘICÁTÁ DEVÁTÁ,LXXV,541/2020,7,zneni_plny,146,V § 146 odstavec 3 zní: „(3) Obecní úřad obce s rozšířenou působností vydává vyjádření k žádosti o zřízení zařízení určeného pro nakládání s odpady a k žádosti o zavedení nebo rozšíření výroby oxidu titaničitého z hlediska jejich souladu s povinnostmi vyplývajícími z tohoto zákona a prováděcích právních předpisů.“.,292
ČTYŘICÁTÁ DEVÁTÁ,LXXV,541/2020,8,zruseni,146,V § 146 se odstavce 4 a 5 zrušují.,0
ČTYŘICÁTÁ DEVÁTÁ,LXXV,541/2020,9,vlozeni_plny,146;146a,"Za § 146 se vkládá nový § 146a, který včetně nadpisu zní: „§ 146a Stavební úřad Stavební úřad v rozhodnutí o záměru podle stavebního zákona posuzuje splnění požadavků tohoto zákona a jeho prováděcích právních předpisů při provedení záměru, zejména z hlediska nakládání s odpady, vedlejšími produkty, stavebními výrobky, které přestaly být odpadem, nebo stavebními výrobky určenými k opětovnému použit",485
ČTYŘICÁTÁ DEVÁTÁ,LXXV,541/2020,10,nahrazeni,148,V § 148 odst. 1 písm. b) se slova „až 5“ nahrazují slovy „a 3“.,0
ČTYŘICÁTÁ DEVÁTÁ,LXXV,541/2020,11,zruseni,149,§ 149 se včetně nadpisu zrušuje.,0
ČTYŘICÁTÁ DEVÁTÁ,LXXV,541/2020,12,zruseni,151,V § 151 se odstavec 2 zrušuje a zároveň se zrušuje označení odstavce 1.,0
,LXXVI,541/2020,,prechodne,,"Čl. LXXVI Přechodná ustanovení 1. Řízení a postupy zahájené a neskončené přede dnem nabytí účinnosti tohoto zákona se dokončí podle zákona č. 541/2020 Sb., ve znění účinném ode dne nabytí účinnosti tohoto zákona. 2. Řízení a postupy zahájené a neskončené do dne vzniku Úřadu rozvoje území České republiky (dále jen „Úřad“), k nimž je příslušný Úřad nebo jiný stavební úřad, převezme a dokončí ode dne",0
PADESÁTÁ,LXXVII,197/2022,,nahrazeni,4,"Čl. LXXVII V § 4 odst. 2 zákona č. 197/2022 Sb., o zvláštních postupech v oblasti územního plánování a stavebního řádu v souvislosti s ozbrojeným konfliktem na území Ukrajiny vyvolaným invazí vojsk Ruské federace, se slovo „zastavěném“ nahrazuje slovem „zastavitelném“ a slova „ , zastavitelné ploše nebo ploše přestavby“ se zrušují. ČÁST PADESÁTÁ PRVNÍ Změna zákona, kterým se mění některé zákony v",0
PADESÁTÁ PRVNÍ,LXXVIII,149/2023,1,doplneni,,"V části páté čl. VII bodě 2 se na konci textu písmene b) doplňují slova „ , s výjimkou případů podle bodu 5“.",0
PADESÁTÁ PRVNÍ,LXXVIII,149/2023,2,zruseni,10,"V části páté se na konci čl. VII doplňuje bod 5, který zní: „5. Příslušnost k posuzování vlivů záměru na životní prostředí se v případě, kdy po nabytí účinnosti tohoto zákona došlo ke zrušení stanoviska k posouzení vlivů provedení záměru na životní prostředí vydaného podle § 10 zákona č. 100/2001 Sb., ve znění účinném do 31. března 2015, nebo závazného stanoviska k posouzení vlivů provedení záměru",0
PADESÁTÁ DRUHÁ,LXXIX,465/2023,1,vlozeni,,"V čl. VIII bodě 1 se za slova „regionální dráhy“ vkládají slova „ , speciální dráhy“.",0
PADESÁTÁ DRUHÁ,LXXIX,465/2023,2,vlozeni_plny,10;9a,"V čl. VIII se za bod 2 vkládá nový bod 3, který zní: „3. Stanovisko k posouzení vlivů provedení záměru na životní prostředí podle § 10 zákona č. 100/2001 Sb., ve znění účinném do 31. března 2015, nebo závazné stanovisko k posouzení vlivů provedení záměru na životní prostředí podle § 9a zákona č. 100/2001 Sb., ve znění účinném od 1. dubna 2015 do dne nabytí účinnosti tohoto zákona, vydané pro záměr",693
PADESÁTÁ TŘETÍ,LXXX,182/2024,,nahrazeni,,"Čl. LXXX V čl. II bodu 5 zákona č. 182/2024 Sb., kterým se mění zákon č. 254/2001 Sb., o vodách a o změně některých zákonů (vodní zákon), ve znění pozdějších předpisů, zákon č. 114/1992 Sb., o ochraně přírody a krajiny, ve znění pozdějších předpisů, a zákon č. 465/2023 Sb., kterým se mění zákon č. 416/2009 Sb., o urychlení výstavby dopravní, vodní a energetické infrastruktury a infrastruktury elek",0
PADESÁTÁ ČTVRTÁ,LXXXI,249/2025,1,zruseni,12,V § 12 odst. 1 se slova „na společném jednání a“ zrušují.,0
PADESÁTÁ ČTVRTÁ,LXXXI,249/2025,2,nahrazeni,12,V § 12 odst. 2 se číslo „94“ nahrazuje číslem „95“.,0
PADESÁTÁ ČTVRTÁ,LXXXI,249/2025,3,nahrazeni,13,V nadpisu § 13 se slova „orgánu příslušného podle zákona o jednotném environmentálním stanovisku“ nahrazují slovy „stavebního úřadu k územnímu opatření“.,0
PADESÁTÁ ČTVRTÁ,LXXXI,249/2025,4,zneni_plny,13;54,V § 13 odstavec 1 zní: „(1) Stavební úřad uplatní stanovisko podle § 54 odst. 2 stavebního zákona k návrhu územního opatření a ve vztahu ke správním úkonům uvedeným v odstavcích 2 až 4 je dotčeným orgánem při jeho pořizování a změnách; příslušnost dotčených orgánů podle jiných právních předpisů tímto není dotčena.“.,294
PADESÁTÁ ČTVRTÁ,LXXXI,249/2025,5,nahrazeni,13,V § 13 odst. 2 úvodní části ustanovení se slova „příslušného orgánu“ nahrazují slovy „stavebního úřadu“.,0
PADESÁTÁ ČTVRTÁ,LXXXI,249/2025,6,vlozeni_plny,13,"V § 13 se za odstavec 2 vkládá nový odstavec 3, který zní: „(3) Zahrnuje-li akcelerační oblast pozemky, které jsou součástí zemědělského půdního fondu nebo pozemků určených k plnění funkcí lesa, navrhne stavební úřad ve stanovisku podle odstavce 1 také podmínky, při jejichž splnění lze odejmout zemědělskou půdu ze zemědělského půdního fondu podle zákona o ochraně zemědělského půdního fondu nebo od",453
PADESÁTÁ ČTVRTÁ,LXXXI,249/2025,7,nahrazeni,13,V § 13 odst. 4 se slova „Příslušný orgán“ nahrazují slovy „Stavební úřad“ a slova „odstavce 2“ se nahrazují slovy „odstavců 2 a 3“.,0
PADESÁTÁ ČTVRTÁ,LXXXI,249/2025,8,zruseni,13,V § 13 se odstavec 5 zrušuje. Dosavadní odstavec 6 se označuje jako odstavec 5.,0
PADESÁTÁ ČTVRTÁ,LXXXI,249/2025,9,vlozeni,13,"V § 13 odst. 5 větě první se za slovo „obvodů“ vkládají slova „stavebních úřadů“, slova „příslušný orgán“ se nahrazují slovy „stavební úřad“, slova „příslušné orgány“ se nahrazují slovy „stavební úřady“ a ve větě druhé se slova „Příslušný orgán“ nahrazují slovy „Stavební úřad“ a slovo „orgány“ se nahrazuje slovy „stavebními úřady“.",0
PADESÁTÁ ČTVRTÁ,LXXXI,249/2025,10,zneni_plny,18,"§ 18 včetně nadpisu zní: „§ 18 Pravidelné vyhodnocení uplatňování akcelerační oblasti (1) Pořizovatel nejpozději do 4 let od vymezení akcelerační oblasti v územně plánovací dokumentaci, a poté pravidelně nejméně jednou za 4 roky vyhodnotí uplatňování akcelerační oblasti, případně všech akceleračních oblastí vymezených ve stejné územně plánovací dokumentaci. (2) Ve vyhodnocení uplatňování akcelerač",1866
PADESÁTÁ ČTVRTÁ,LXXXI,249/2025,11,nahrazeni,19,"V § 19 odst. 1 se slova „Nejde-li o změnu územního opatření pořizovanou na základě zprávy o uplatňování územně plánovací dokumentace, schvalující“ nahrazují slovem „Schvalující“.",0
PADESÁTÁ ČTVRTÁ,LXXXI,249/2025,12,nahrazeni,19,V § 19 odst. 2 se slova „Ministerstva pro místní rozvoj“ nahrazují slovy „Úřadu rozvoje území České republiky“.,0
PADESÁTÁ ČTVRTÁ,LXXXI,249/2025,13,nahrazeni,23,V § 23 odst. 2 se slova „příslušný orgán“ nahrazují slovy „stavební úřad“.,0
PADESÁTÁ ČTVRTÁ,LXXXI,249/2025,14,zneni_plny,24;18,"V § 24 odstavec 2 zní: „(2) Pořizovatel nejpozději do 4 let od vymezení akcelerační oblasti v územním plánu bez územního opatření, a poté pravidelně nejméně jednou za 4 roky vyhodnotí uplatňování akcelerační oblasti. Ustanovení § 18 se použije obdobně. V případech podle § 18 odst. 4 nebo 5 je součástí vyhodnocení uplatňování akcelerační oblasti a) návrh na pořízení změny územního plánu, jsou-li sp",535
PADESÁTÁ ČTVRTÁ,LXXXI,249/2025,15,nahrazeni,26,V nadpisu § 26 se slova „vydání jednotného environmentálního stanoviska“ nahrazují slovy „povolení záměru“.,0
PADESÁTÁ ČTVRTÁ,LXXXI,249/2025,16,nahrazeni,26,V § 26 odst. 1 úvodní části ustanovení se slova „vydání jednotného environmentálního stanoviska“ nahrazují slovy „povolení záměru podle stavebního zákona“ a slova „zákonem o jednotném environmentálním stanovisku“ se nahrazují slovy „jinými právními předpisy“.,0
PADESÁTÁ ČTVRTÁ,LXXXI,249/2025,17,nahrazeni,26,V § 26 odst. 2 se slova „vydání jednotného environmentálního stanoviska“ nahrazují slovy „povolení záměru podle stavebního zákona“.,0
PADESÁTÁ ČTVRTÁ,LXXXI,249/2025,18,nahrazeni,27,V nadpisu § 27 se slova „jednotné environmentální stanovisko“ nahrazují slovy „povolení záměru“.,0
PADESÁTÁ ČTVRTÁ,LXXXI,249/2025,19,nahrazeni,27,V § 27 odst. 1 se slova „vydání jednotného environmentálního stanoviska“ nahrazují slovy „povolení záměru podle stavebního zákona“ a slova „příslušný orgán“ se nahrazují slovy „stavební úřad“.,0
PADESÁTÁ ČTVRTÁ,LXXXI,249/2025,20,nahrazeni,27,V § 27 odst. 2 se slova „příslušný orgán“ nahrazují slovy „stavební úřad“ a slova „jednotné environmentální stanovisko“ se nahrazují slovy „povolení záměru podle stavebního zákona“.,0
PADESÁTÁ ČTVRTÁ,LXXXI,249/2025,21,nahrazeni,27;28,V § 27 odst. 3 se slova „jednotného environmentálního stanoviska a lhůty uvedené v § 28“ nahrazují slovy „povolení záměru podle stavebního zákona“.,0
PADESÁTÁ ČTVRTÁ,LXXXI,249/2025,22,nahrazeni,27,V § 27 odst. 4 se slova „příslušný orgán“ nahrazují slovy „stavební úřad“.,0
PADESÁTÁ ČTVRTÁ,LXXXI,249/2025,23,zneni_plny,28;67,"V § 28 odstavce 1 a 2 znějí: „(1) Jedná-li se o záměr pro využití obnovitelného zdroje energie v akcelerační oblasti, který podléhá posuzování vlivů podle zákona o posuzování vlivů na životní prostředí, stavební úřad postoupí bezvadnou žádost o povolení záměru podle stavebního zákona společně s hodnocením podle § 67 zákona o ochraně přírody a krajiny, provádí-li se, příslušnému úřadu s žádostí o p",1125
PADESÁTÁ ČTVRTÁ,LXXXI,249/2025,24,nahrazeni,28,V § 28 odst. 3 větě první a poslední se slovo „orgán“ nahrazuje slovem „úřad“ a ve větě druhé se slovo „orgánem“ nahrazuje slovem „úřadem“.,0
PADESÁTÁ ČTVRTÁ,LXXXI,249/2025,25,nahrazeni,28,V § 28 odst. 4 větě první se slovo „orgán“ nahrazuje slovem „úřad“ a ve větě druhé se slovo „orgánem“ nahrazuje slovem „úřadem“.,0
PADESÁTÁ ČTVRTÁ,LXXXI,249/2025,26,nahrazeni,28,"V § 28 odst. 5 se věta první nahrazuje větou „Je-li dána některá z okolností podle odstavce 2, příslušný úřad vydá do 45 dnů ode dne doručení žádosti stavebního úřadu podle odstavce 1 rozhodnutí o tom, že záměr pro využití obnovitelného zdroje energie podléhá posouzení vlivů záměru na životní prostředí.“, ve větě druhé se slovo „orgán“ nahrazuje slovem „úřad“ a na konci odstavce se doplňuje věta „",0
PADESÁTÁ ČTVRTÁ,LXXXI,249/2025,27,vlozeni,28,"V § 28 odst. 6 větě první se slovo „orgán“ nahrazuje slovem „úřad“ a za větu první se vkládá věta „Shledá-li příslušný úřad před uběhnutím lhůty podle odstavce 5, že záměr pro využití obnovitelného zdroje nepodléhá posouzení vlivů záměru na životní prostředí, sdělí tuto skutečnost bezodkladně stavebnímu úřadu.“.",0
PADESÁTÁ ČTVRTÁ,LXXXI,249/2025,28,nahrazeni,29,V § 29 odst. 1 větě první se slovo „orgánu“ nahrazuje slovem „úřadu“ a ve větě třetí se slovo „orgán“ nahrazuje slovem „úřad“ a číslo „1“ se nahrazuje číslem „2“.,0
PADESÁTÁ ČTVRTÁ,LXXXI,249/2025,29,zruseni,29,V § 29 se odstavec 3 zrušuje. Dosavadní odstavec 4 se označuje jako odstavec 3.,0
PADESÁTÁ ČTVRTÁ,LXXXI,249/2025,30,nahrazeni,29,"V § 29 odst. 3 větě první se slova „Při postupu podle odstavce 3 je příslušný orgán povinen vydat jednotné environmentální stanovisko“ nahrazují slovy „Příslušný úřad je povinen vydat závazné stanovisko k posouzení vlivů provedení záměru na životní prostředí“, ve větě druhé se slova „jednotného environmentálního“ nahrazují slovem „závazného“ a slovo „orgán“ se nahrazuje slovem „úřad“, ve větě třet",0
PADESÁTÁ ČTVRTÁ,LXXXI,249/2025,31,zneni_plny,30;22,V § 30 odstavce 2 a 3 znějí: „(2) Součástí rozhodnutí o povolení záměru pro využití obnovitelného zdroje energie v akcelerační oblasti je posouzení souladu tohoto záměru s podmínkami a zmírňujícími opatřeními z oblasti ochrany životního prostředí stanovenými v územním opatření nebo v územním plánu podle § 22. (3) Stavební úřad může stanovit jako podmínky pro povolení záměru dodatečná opatření navr,409
PADESÁTÁ ČTVRTÁ,LXXXI,249/2025,32,zneni_plny,31;28,"V § 31 se dosavadní text označuje jako odstavec 1 a doplňuje se odstavec 2, který zní: „(2) Lhůta podle odstavce 1 neběží po dobu od postoupení žádosti podle § 28 odst. 1 příslušnému úřadu do a) doručení sdělení podle § 28 odst. 6 nebo uplynutí lhůty podle § 28 odst. 5, nevydá-li příslušný úřad v této lhůtě rozhodnutí o tom, že záměr pro využití obnovitelného zdroje energie podléhá posouzení vlivů",404
PADESÁTÁ ČTVRTÁ,LXXXI,249/2025,33,nahrazeni,32,V § 32 odst. 1 písm. a) a § 32 odst. 2 písm. a) se slova „jednotné environmentální stanovisko nebo o společné rozhodnutí“ nahrazují slovy „povolení záměru podle stavebního zákona nebo o společné závazné stanovisko“.,0
PADESÁTÁ ČTVRTÁ,LXXXI,249/2025,34,zruseni,32,V§ 32 odst. 1 se písmeno b) zrušuje. Dosavadní písmeno c) se označuje jako písmeno b).,0
PADESÁTÁ ČTVRTÁ,LXXXI,249/2025,35,zruseni,32,V § 32 odst. 2 se písmeno b) zrušuje. Dosavadní písmeno c) se označuje jako písmeno b).,0
PADESÁTÁ ČTVRTÁ,LXXXI,249/2025,36,nahrazeni,32;6,V § 32 odst. 3 úvodní části ustanovení se slova „Příslušný orgán“ nahrazují slovy „Stavební úřad“ a slova „§ 6 odst. 2 písm. c) zákona o jednotném environmentálním stanovisku“ se nahrazují slovy „stavebního zákona“.,0
PADESÁTÁ ČTVRTÁ,LXXXI,249/2025,37,nahrazeni,32,V § 32 odst. 4 se slovo „rozhodnutí“ nahrazuje slovy „závazné stanovisko“ a slovo „rozhodnutím“ se nahrazuje slovy „závazným stanoviskem“.,0
PADESÁTÁ ČTVRTÁ,LXXXI,249/2025,38,nahrazeni,36,"V § 36 odst. 1 se slova „ , stavebního zákona a zákona o jednotném environmentálním stanovisku“ nahrazují slovy „a stavebního zákona“.",0
PADESÁTÁ ČTVRTÁ,LXXXI,249/2025,39,nahrazeni,37,V § 37 odst. 6 se slova „postupuje se“ nahrazují slovy „postupuje stavební úřad a příslušný úřad“ a část věty za středníkem se včetně středníku zrušuje.,0
,LXXXII,249/2025,,prechodne,36;37;13;18,"Čl. LXXXII Přechodná ustanovení 1. Jde-li o záměr pro využití obnovitelného zdroje energie, který není vyhrazenou stavbou, použijí se do 31. prosince 2027 ustanovení hlavy III a IV, § 36 odst. 1 a § 37 odst. 6 zákona č. 249/2025 Sb., ve znění účinném přede dnem nabytí účinnosti tohoto zákona. 2. Do 31. prosince 2027 uplatní stanovisko podle § 13 zákona č. 249/2025 Sb., ve znění účinném přede dnem",0
PADESÁTÁ PÁTÁ,LXXXIII,330/2025,1,vlozeni_plny,7,"V § 7 se za odstavec 4 vkládá nový odstavec 5, který zní: „(5) Informační kontejner podle odstavce 2 písm. a) se vkládá do evidence elektronických dokumentací podle stavebního zákona, a to nejpozději s podáním žádosti o povolení záměru5). Informační kontejner podle odstavce 2 písm. c) se vkládá do evidence elektronických dokumentací podle stavebního zákona, a to nejpozději s podáním žádosti o vydá",374
PADESÁTÁ PÁTÁ,LXXXIII,330/2025,2,nahrazeni,17,V § 17 odst. 1 se číslo „5“ nahrazuje číslem „6“.,0
PADESÁTÁ PÁTÁ,LXXXIII,330/2025,3,nahrazeni,18,V § 18 větě první se slovo „bude“ nahrazuje slovem „bylo“ a text „c)“ se nahrazuje textem „d)“ a věta druhá se zrušuje. ČÁST PADESÁTÁ ŠESTÁ ZRUŠOVACÍ USTANOVENÍ,0
PADESÁTÁ ŠESTÁ,LXXXIV,148/2023,,prechodne,,"Čl. LXXXIV Zrušují se: 1. Zákon č. 148/2023 Sb., o jednotném environmentálním stanovisku. 2. Část šestá zákona č. 465/2023 Sb., kterým se mění zákon č. 416/2009 Sb., o urychlení výstavby dopravní, vodní a energetické infrastruktury a infrastruktury elektronických komunikací (liniový zákon), ve znění pozdějších předpisů, a další související zákony. 3. Část sedmá zákona č. 223/2025 Sb., kterým se mě",0
PADESÁTÁ SEDMÁ,LXXXV,,,prechodne,,"Čl. LXXXV Tento zákon nabývá účinnosti dnem 1. ledna 2027, s výjimkou ustanovení a) čl. I bodů 12, 404, 405, 410, 411, 417, 422 až 433, 439, 446, 447, 456 až 459, 464 až 472, 474, 475, 489, 495 až 530, 559, 560, 575, 576, 583, 584, 609 až 615, 617, 621, 641 až 687, čl. II, čl. XIV bodů 1, 23, 34 až 46 a 49 až 52, čl. XV bodů 16 a 20, čl. XVI bodů 1 až 7, 13 až 16, 18, 19 a 35, čl. XVII bodů 6 až 8",0
